Gene,Log2FoldChange,pvalue
ENSG00000000003,0.299396331,0.028631323
ENSG00000000419,-0.181918631,0.042263134
ENSG00000000457,-0.027480783,0.787123352
ENSG00000000460,0.050718445,0.697652212
ENSG00000000971,-0.265478942,0.088625863
ENSG00000001036,0.208718971,0.042888731
ENSG00000001084,0.016819986,0.898335348
ENSG00000001167,0.369260119,0.020277322
ENSG00000001460,0.097099357,0.41885527
ENSG00000001461,0.019511811,0.883543533
ENSG00000001497,0.002243087,0.97986964
ENSG00000001561,-0.021957775,0.755110785
ENSG00000001617,0.183732062,0.148103208
ENSG00000001626,0.186693272,0.097977738
ENSG00000001629,0.188394857,0.08535572
ENSG00000001630,-0.005004493,0.967579683
ENSG00000001631,0.031444836,0.735590111
ENSG00000002016,0.24406062,0.054891084
ENSG00000002079,0.055203905,0.193793365
ENSG00000002330,-0.069132335,0.534228029
ENSG00000002549,-0.131276236,0.281716026
ENSG00000002586,-0.073066088,0.470710369
ENSG00000002745,0.01894265,0.770807333
ENSG00000002746,-0.049179913,0.704119553
ENSG00000002822,0.127815722,0.237757774
ENSG00000002834,-0.370254505,9.54E-05
ENSG00000002919,-0.332759468,0.007651178
ENSG00000002933,-0.01240845,0.777092917
ENSG00000003056,0.063808415,0.434632384
ENSG00000003096,0.851206391,8.57E-07
ENSG00000003137,0.321913636,0.036454574
ENSG00000003249,0.136738825,0.318477575
ENSG00000003393,-0.130671149,0.27069894
ENSG00000003400,0.139597045,0.294968107
ENSG00000003402,-1.140175375,4.49E-13
ENSG00000003436,0.142189251,0.274933804
ENSG00000003509,0.043273142,0.669869074
ENSG00000003756,0.169214523,0.039774322
ENSG00000003987,-0.76079842,0.002504945
ENSG00000003989,-0.091530553,0.315752157
ENSG00000004059,-0.339704385,0.000377575
ENSG00000004139,0.113593512,0.365969712
ENSG00000004142,-0.12159719,0.237547029
ENSG00000004399,0.007552899,0.95682814
ENSG00000004455,-0.036713692,0.757887573
ENSG00000004468,0.044426795,0.352803317
ENSG00000004478,0.057530265,0.567052607
ENSG00000004487,0.281056729,0.000297435
ENSG00000004534,0.155538718,0.162523496
ENSG00000004660,0.31901802,0.063444157
ENSG00000004700,-0.330030192,0.001630692
ENSG00000004766,0.026698912,0.757131005
ENSG00000004776,0.034115074,0.796267835
ENSG00000004777,0.195451224,0.18409048
ENSG00000004779,-0.07593682,0.480548274
ENSG00000004799,-0.21533013,0.004758705
ENSG00000004838,0.114347061,0.341922812
ENSG00000004846,0.999121684,0.007271091
ENSG00000004864,-0.003535016,0.976914831
ENSG00000004866,0.500154397,0.001082416
ENSG00000004897,-0.05006589,0.470808531
ENSG00000004961,0.119559844,0.296437547
ENSG00000004975,0.237016926,0.075896401
ENSG00000005007,-0.224330922,0.003923332
ENSG00000005020,-0.137069512,0.292760675
ENSG00000005022,0.030691542,0.757290321
ENSG00000005059,-0.063425317,0.627394154
ENSG00000005075,-0.050065059,0.614356826
ENSG00000005100,-0.323976754,0.004968937
ENSG00000005108,-0.131577184,0.259726934
ENSG00000005156,0.174203372,0.227192055
ENSG00000005175,0.116313978,0.395085353
ENSG00000005187,0.00386397,0.969775925
ENSG00000005189,0.169872866,0.234549668
ENSG00000005194,-0.136445563,0.172105501
ENSG00000005206,-0.061239031,0.475734932
ENSG00000005238,0.15597454,0.128954319
ENSG00000005243,0.070905847,0.545620906
ENSG00000005249,-0.527483612,0.002736676
ENSG00000005302,-0.12307715,0.267149436
ENSG00000005339,0.074758003,0.446146084
ENSG00000005379,-0.139225691,0.312087955
ENSG00000005381,0.000220296,0.999414803
ENSG00000005436,-0.11780947,0.289957583
ENSG00000005448,-0.245247984,0.053708959
ENSG00000005469,0.123613273,0.368720332
ENSG00000005471,0.837652713,0.005103875
ENSG00000005483,-0.071894987,0.449319134
ENSG00000005486,0.076141591,0.524590646
ENSG00000005513,0.086956575,0.259455422
ENSG00000005700,0.04116036,0.702148806
ENSG00000005801,0.242175228,0.059514697
ENSG00000005810,0.017865272,0.828602811
ENSG00000005812,-0.397835428,0.004517062
ENSG00000005882,0.049011482,0.641686749
ENSG00000005884,-0.186456003,0.201185729
ENSG00000005889,-0.052597061,0.680447178
ENSG00000005893,-0.061813307,0.424124837
ENSG00000005955,-0.091379043,0.31362679
ENSG00000005961,0.032422112,0.722940942
ENSG00000006007,-0.136698031,0.201215993
ENSG00000006015,0.02464343,0.850805395
ENSG00000006016,-0.052010058,0.643802293
ENSG00000006025,0.799683341,0.000211472
ENSG00000006042,0.025175775,0.768802546
ENSG00000006062,0.455991245,0.014455827
ENSG00000006114,0.487608326,4.43E-07
ENSG00000006118,0.39447432,0.010516543
ENSG00000006125,-0.038163916,0.675281021
ENSG00000006194,-0.087873354,0.374467913
ENSG00000006210,-0.129591065,0.105887625
ENSG00000006282,0.082465946,0.487888919
ENSG00000006283,0.711442435,0.011716107
ENSG00000006327,0.054249017,0.676252865
ENSG00000006432,0.02739448,0.731866523
ENSG00000006451,0.484415525,0.002471469
ENSG00000006453,0.146814058,0.244957223
ENSG00000006459,-0.007193748,0.954674219
ENSG00000006468,0.101297746,0.441803497
ENSG00000006530,-0.003901801,0.971277804
ENSG00000006534,-0.226666099,0.135606023
ENSG00000006576,0.328898742,0.030545866
ENSG00000006606,0.010009095,0.898709047
ENSG00000006607,-0.52025053,0.000581972
ENSG00000006625,0.088267812,0.509550504
ENSG00000006634,0.278081584,0.038432425
ENSG00000006638,0.475422937,0.011601049
ENSG00000006652,0.032938454,0.796114634
ENSG00000006695,-0.168785287,0.191030362
ENSG00000006704,0.133557411,0.295621077
ENSG00000006712,0.176602648,0.098571572
ENSG00000006715,0.046415606,0.652290716
ENSG00000006740,0.004251286,0.973716278
ENSG00000006744,-0.141244876,0.1260772
ENSG00000006747,-0.003738166,0.949073289
ENSG00000006756,-0.012938799,0.915973697
ENSG00000006757,-0.009469787,0.935887439
ENSG00000006788,-0.198105764,0.003054275
ENSG00000006831,-0.224972228,0.003033736
ENSG00000006837,0.249128593,0.094775611
ENSG00000007001,0.049237361,0.343191486
ENSG00000007038,-0.003349821,0.932620284
ENSG00000007047,-0.079614512,0.353213255
ENSG00000007080,-0.193682009,0.113169082
ENSG00000007168,-0.10087464,0.107761358
ENSG00000007171,0.013625149,0.7446386
ENSG00000007202,0.001610627,0.989347271
ENSG00000007237,0.075910259,NA
ENSG00000007255,-0.182307063,0.179701022
ENSG00000007312,-0.020799579,0.653810617
ENSG00000007341,-0.093855325,0.480870238
ENSG00000007372,-0.099153026,0.44435846
ENSG00000007376,-0.077408072,0.544220195
ENSG00000007384,-0.056957425,0.599893464
ENSG00000007392,0.157295651,0.056895769
ENSG00000007402,-0.10169935,0.346385936
ENSG00000007516,-0.07247417,0.496273369
ENSG00000007520,-0.089001876,0.417775848
ENSG00000007541,-0.12776269,0.26001601
ENSG00000007545,-0.077840141,0.440553459
ENSG00000007866,-0.529771672,0.000225554
ENSG00000007923,-0.027072204,0.795077814
ENSG00000007933,-0.019109081,0.761434171
ENSG00000007944,0.443769764,0.000594505
ENSG00000007952,-0.146180606,0.226851699
ENSG00000008018,-0.037329556,0.670589627
ENSG00000008056,-0.23565978,0.112748779
ENSG00000008083,-0.398675902,0.00125142
ENSG00000008086,0.107443049,0.432005231
ENSG00000008118,0.020057597,0.807444578
ENSG00000008128,0.054083431,0.634464258
ENSG00000008130,-0.748258453,4.44E-08
ENSG00000008226,-0.005331078,0.944629196
ENSG00000008256,-1.137612306,3.74E-09
ENSG00000008277,0.102689762,0.424471405
ENSG00000008282,-0.241683947,0.025911572
ENSG00000008283,-0.010391117,0.91747587
ENSG00000008294,0.019296181,0.781826889
ENSG00000008300,-0.15054224,0.281128759
ENSG00000008311,-1.059048989,6.41E-11
ENSG00000008323,-0.092043334,0.345445303
ENSG00000008324,-0.388147546,0.021927754
ENSG00000008382,-0.050478745,0.691444001
ENSG00000008394,-0.014692682,0.841935768
ENSG00000008405,-0.055632859,0.640898083
ENSG00000008438,-0.090205354,0.07134563
ENSG00000008441,0.280505527,0.014782954
ENSG00000008513,0.454193523,0.007241429
ENSG00000008516,0.041005096,0.543162699
ENSG00000008517,0.388451428,0.038855671
ENSG00000008710,-0.403988128,0.006125857
ENSG00000008735,-0.130895986,0.298527693
ENSG00000008838,0.019190329,0.822962728
ENSG00000008853,-0.485852505,0.001242092
ENSG00000008869,-0.03841874,0.642146311
ENSG00000008952,-0.152083718,0.090766857
ENSG00000008988,0.021527804,0.815557462
ENSG00000009307,-0.007173306,0.932755142
ENSG00000009335,-0.195119317,0.005224186
ENSG00000009413,-1.072195983,2.84E-11
ENSG00000009694,0.040276316,0.416860118
ENSG00000009724,0.23843098,0.121577065
ENSG00000009780,-0.473204271,0.004623075
ENSG00000009790,0.066870756,0.569441799
ENSG00000009830,-0.073917514,0.43825178
ENSG00000009844,0.047435488,0.591948693
ENSG00000009950,-0.069007979,0.09948904
ENSG00000009954,0.038853809,0.615534664
ENSG00000010017,-0.67890599,3.85E-06
ENSG00000010030,0.31855661,0.054486107
ENSG00000010072,0.052545178,0.621168657
ENSG00000010165,0.020589688,0.833674872
ENSG00000010219,0.193338036,0.087422262
ENSG00000010244,-0.095203636,0.368672093
ENSG00000010256,-0.436882425,2.34E-05
ENSG00000010270,-0.036324743,0.734059321
ENSG00000010278,-0.453201987,0.006553409
ENSG00000010292,-0.026270612,0.784921561
ENSG00000010295,0.038999621,0.767109935
ENSG00000010310,0.623053294,0.014896284
ENSG00000010318,0.004493938,0.973748981
ENSG00000010322,0.229582142,0.025833398
ENSG00000010361,-0.093158763,0.478516934
ENSG00000010404,-0.140699725,0.272546536
ENSG00000010438,-0.011706257,0.892133471
ENSG00000010539,0.090662401,0.434636984
ENSG00000010610,0.035725651,0.7110637
ENSG00000010626,0.189518096,0.119922412
ENSG00000010704,0.10567207,0.385353174
ENSG00000010803,0.005263416,0.946108493
ENSG00000010810,-0.036161562,0.766536795
ENSG00000010818,0.310303221,0.003745292
ENSG00000010932,-0.020998874,0.679910619
ENSG00000011007,-0.157365887,0.079061146
ENSG00000011009,-0.195101694,0.041917852
ENSG00000011021,-0.074496181,0.494838547
ENSG00000011028,0.195380937,0.049115394
ENSG00000011105,-0.203216046,0.131379228
ENSG00000011114,-0.054322018,0.500740427
ENSG00000011132,-0.085483662,0.424838166
ENSG00000011143,0.215001195,0.121777549
ENSG00000011198,-1.018281024,6.91E-08
ENSG00000011243,0.157217533,0.114141262
ENSG00000011258,0.251518722,0.032170988
ENSG00000011260,-0.189191702,0.125413155
ENSG00000011275,-0.012073259,0.885376244
ENSG00000011295,-0.11028881,0.260098727
ENSG00000011304,-0.308457951,0.003804903
ENSG00000011332,-0.035987647,0.733402717
ENSG00000011347,0.829115868,4.84E-05
ENSG00000011376,-0.020268317,0.868870584
ENSG00000011405,-0.29456177,0.018137638
ENSG00000011422,-0.02465478,0.831029067
ENSG00000011426,0.010028156,0.92497435
ENSG00000011451,-0.067923117,0.486141791
ENSG00000011454,-0.379250343,0.004543631
ENSG00000011465,0.038360928,0.70760824
ENSG00000011478,-0.623563867,2.58E-05
ENSG00000011485,-0.520121772,6.39E-07
ENSG00000011523,-0.128262714,0.238993463
ENSG00000011566,-0.750869677,3.82E-06
ENSG00000011590,-0.014693422,0.774829204
ENSG00000011600,-0.003821365,0.925045527
ENSG00000011638,-0.08011186,0.511727242
ENSG00000012048,1.162470038,3.28E-12
ENSG00000012061,-0.012853057,0.909183112
ENSG00000012171,0.667671749,7.37E-05
ENSG00000012174,-0.105710486,0.207430916
ENSG00000012211,-0.132758792,0.282327144
ENSG00000012232,-0.080558046,0.431422258
ENSG00000012660,-0.354677074,0.007259373
ENSG00000012817,0.002726221,0.943188675
ENSG00000012822,-0.360004354,0.00429079
ENSG00000012963,0.078715972,0.521553575
ENSG00000012983,0.080671307,0.424423693
ENSG00000013016,-0.325157452,0.055786281
ENSG00000013275,-0.114096647,0.276549312
ENSG00000013288,-0.053075545,0.664327891
ENSG00000013293,2.744480424,3.50E-15
ENSG00000013297,1.636160086,7.16E-11
ENSG00000013306,0.012887959,0.922147488
ENSG00000013364,-0.116068116,0.241661391
ENSG00000013374,-0.142667179,0.169781238
ENSG00000013375,0.222258314,0.061490349
ENSG00000013392,0.196349718,0.132208134
ENSG00000013441,-0.215475249,0.060115882
ENSG00000013503,-0.079065229,0.461375775
ENSG00000013523,0.273893837,0.006839714
ENSG00000013561,-0.283721494,0.004582624
ENSG00000013563,-0.002722429,0.981665359
ENSG00000013573,0.312694251,0.057357851
ENSG00000013583,-0.349702399,0.004766741
ENSG00000013588,0.078648826,0.557182152
ENSG00000013619,-0.303524877,0.007079517
ENSG00000013810,-0.069094241,0.599856415
ENSG00000014123,0.094052889,0.287915811
ENSG00000014138,0.159159875,0.21024798
ENSG00000014164,-0.00080513,0.993149843
ENSG00000014216,-0.249464402,0.00112504
ENSG00000014257,0.167232273,0.183977463
ENSG00000014641,0.064144051,0.448171949
ENSG00000014824,-0.106880041,0.345050381
ENSG00000014914,0.312226302,0.038085844
ENSG00000014919,0.074264669,0.421728226
ENSG00000015133,-0.067015811,0.42541225
ENSG00000015153,-0.329946308,0.015359244
ENSG00000015171,0.027602217,0.721851452
ENSG00000015285,0.167377593,0.085417488
ENSG00000015413,-0.109552343,0.008394383
ENSG00000015475,-0.000635838,0.999554417
ENSG00000015479,0.135629988,0.044912845
ENSG00000015520,2.096053488,0.000374438
ENSG00000015532,-0.043174608,0.633638655
ENSG00000015568,0.167625712,0.165763468
ENSG00000015676,-0.025899779,0.768483487
ENSG00000016391,1.827162536,6.78E-06
ENSG00000016402,0.100650164,0.214350153
ENSG00000016864,-0.063755507,0.586722679
ENSG00000017260,0.125473705,0.222439456
ENSG00000017427,0.091970242,0.433680093
ENSG00000017483,0.814267939,0.000326494
ENSG00000017621,0.084772749,0.509247926
ENSG00000017797,-0.538163937,3.69E-08
ENSG00000018189,0.281247133,0.00352471
ENSG00000018236,-0.223016346,0.136047986
ENSG00000018280,0.00163949,0.986497877
ENSG00000018408,-0.090488298,0.380529473
ENSG00000018510,-0.130729977,0.148927859
ENSG00000018610,0.094420109,0.314731227
ENSG00000018625,0.057804664,0.352757533
ENSG00000018699,-0.003995317,0.970827567
ENSG00000018869,0.047412233,0.715300957
ENSG00000019102,-0.031737336,0.595011765
ENSG00000019144,-0.321296859,0.006468308
ENSG00000019186,3.901680315,1.97E-05
ENSG00000019485,-0.299724668,0.052933929
ENSG00000019549,-0.071605801,0.575187381
ENSG00000019582,0.127867967,0.235537928
ENSG00000019991,0.884670962,1.18E-05
ENSG00000019995,-0.8959319,4.21E-16
ENSG00000020129,0.432150779,0.001282599
ENSG00000020181,0.267440269,0.032471995
ENSG00000020256,0.227540322,0.067056884
ENSG00000020426,-0.03914099,0.751392521
ENSG00000020577,-1.172871827,3.24E-16
ENSG00000020633,-0.018302448,0.715950781
ENSG00000020922,-0.044416758,0.666668852
ENSG00000021300,0.120492993,0.341225788
ENSG00000021355,-0.56626111,4.06E-09
ENSG00000021488,0.005175005,0.915349381
ENSG00000021574,-0.06506719,0.569815082
ENSG00000021645,-1.293368454,0.003053843
ENSG00000021762,-0.333709421,0.01758717
ENSG00000021776,-0.205515008,0.017390095
ENSG00000021826,0.207852843,0.132452333
ENSG00000022267,-0.420996025,0.004284626
ENSG00000022277,-0.090937636,0.298186465
ENSG00000022567,-0.220608366,0.072905122
ENSG00000022840,-0.258738258,0.000731734
ENSG00000022976,0.143691431,0.239998275
ENSG00000023041,-0.17664872,0.020398897
ENSG00000023171,0.217674592,0.126152761
ENSG00000023191,-0.09647789,0.437774861
ENSG00000023228,-0.112289409,0.143319801
ENSG00000023287,-0.102400021,0.329824601
ENSG00000023318,-0.210332895,0.009812754
ENSG00000023330,0.208919577,0.094408487
ENSG00000023445,-0.227852131,0.124550634
ENSG00000023516,0.044981459,0.596498903
ENSG00000023572,-0.167310436,0.22356589
ENSG00000023608,-0.613120595,0.000964119
ENSG00000023697,-0.289049721,0.002433655
ENSG00000023734,-0.238344348,0.022576233
ENSG00000023839,-0.082838564,0.451035497
ENSG00000023892,0.042925813,0.614283587
ENSG00000023902,-0.34334028,0.010526803
ENSG00000023909,-1.184098863,4.68E-10
ENSG00000024048,-0.117587819,0.171364957
ENSG00000024422,-0.148312524,0.134810514
ENSG00000024526,0.07113749,0.536666765
ENSG00000024862,-0.116133882,0.363081748
ENSG00000025039,-0.116136655,0.238754312
ENSG00000025156,0.201602766,0.064142293
ENSG00000025293,0.101575331,0.22847219
ENSG00000025423,1.926549722,1.64E-05
ENSG00000025434,-0.124015218,0.285063054
ENSG00000025708,-1.116134295,4.54E-05
ENSG00000025770,0.061901346,0.611743606
ENSG00000025772,0.377687936,0.022633702
ENSG00000025796,0.038338093,0.740369617
ENSG00000025800,-0.128355305,0.166464333
ENSG00000026025,0.292523368,0.033052822
ENSG00000026036,0.142859398,0.295174124
ENSG00000026103,0.035693478,0.738851386
ENSG00000026297,0.357924369,0.011227118
ENSG00000026508,0.119400835,0.337002558
ENSG00000026559,0.118971075,0.267616035
ENSG00000026652,0.102989192,0.430722851
ENSG00000026950,0.846884616,2.18E-10
ENSG00000027001,0.279652034,0.029126558
ENSG00000027075,-0.482156155,0.021919877
ENSG00000027697,-0.352081352,0.003261498
ENSG00000027847,0.094869425,0.401023392
ENSG00000028116,-0.156089077,0.184412964
ENSG00000028137,-0.706027971,0.000167756
ENSG00000028203,-0.004533393,0.97113367
ENSG00000028277,1.720212767,0.000107535
ENSG00000028310,-0.01937703,0.849697504
ENSG00000028528,0.067034378,0.351375327
ENSG00000028839,0.287818495,0.014198401
ENSG00000029153,0.024565918,0.823074891
ENSG00000029363,0.041388235,0.622853329
ENSG00000029364,0.100731385,0.274014377
ENSG00000029534,0.05907949,0.625692171
ENSG00000029639,0.009927871,0.937479191
ENSG00000029725,-0.005973763,0.949948967
ENSG00000029993,0.304487974,0.023681561
ENSG00000030066,-0.035096212,0.698656717
ENSG00000030110,-0.105705861,0.348319724
ENSG00000030304,-0.023396231,0.840549595
ENSG00000030419,-0.234253592,0.111054628
ENSG00000030582,0.15293762,0.145598686
ENSG00000031003,-0.037649578,0.712342964
ENSG00000031081,0.564040007,0.001807859
ENSG00000031544,-0.005805971,0.931107089
ENSG00000031691,-0.048205135,0.710496839
ENSG00000031698,0.511515942,1.52E-08
ENSG00000031823,0.360549916,0.000764999
ENSG00000032219,-0.008115538,0.935964783
ENSG00000032389,-0.021326798,0.86540009
ENSG00000032444,-0.162989632,0.079695492
ENSG00000032742,0.591755978,7.80E-06
ENSG00000033011,-0.0403908,0.661313101
ENSG00000033030,-0.095611035,0.347555731
ENSG00000033050,-0.283606701,0.024710292
ENSG00000033100,-0.048382113,0.65463339
ENSG00000033122,0.066491541,0.490435674
ENSG00000033170,0.214023237,0.085703472
ENSG00000033178,0.202942813,0.044332148
ENSG00000033327,-0.337206935,0.003053548
ENSG00000033627,-0.361128544,0.015957683
ENSG00000033800,0.035605865,0.695558947
ENSG00000033867,0.883353439,1.61E-09
ENSG00000034053,-0.008984314,0.924832428
ENSG00000034063,0.241455984,0.117870899
ENSG00000034152,-0.744113297,9.39E-05
ENSG00000034239,0.03274434,0.709808835
ENSG00000034510,0.101243961,0.357227474
ENSG00000034533,0.577699381,0.000521823
ENSG00000034677,-0.155375182,0.205580904
ENSG00000034693,0.326923927,0.017137478
ENSG00000034713,-0.348674153,2.72E-05
ENSG00000034971,-0.007449622,0.912000387
ENSG00000035115,0.428275538,4.79E-05
ENSG00000035141,-0.160401933,0.142132473
ENSG00000035403,-0.769495133,2.16E-05
ENSG00000035499,0.168809161,0.146028015
ENSG00000035664,-1.285008951,0.000387525
ENSG00000035681,0.314153508,0.000202215
ENSG00000035687,0.130794325,0.227787396
ENSG00000035862,-0.12162822,0.280018822
ENSG00000035928,0.127992339,0.147118833
ENSG00000036054,-0.160288007,0.080440728
ENSG00000036257,-0.006219618,0.946567392
ENSG00000036448,0.064208587,0.518736463
ENSG00000036530,0.174324513,0.200117419
ENSG00000036549,0.015459148,0.861580637
ENSG00000036672,-0.119667727,0.273903756
ENSG00000037042,0.118339135,0.191723233
ENSG00000037241,-0.265700067,0.024151312
ENSG00000037280,-0.03152739,0.467306297
ENSG00000037474,-0.098952334,0.410294374
ENSG00000037637,-0.322999276,0.003310134
ENSG00000037749,-0.217097467,0.012978609
ENSG00000037757,-0.037029462,0.770832395
ENSG00000037897,0.097479688,0.469885863
ENSG00000037965,0.021534321,0.782152542
ENSG00000038002,0.162593057,0.225069769
ENSG00000038210,-0.006848578,0.954230785
ENSG00000038219,0.073534382,0.452805588
ENSG00000038274,-0.483640262,5.26E-05
ENSG00000038295,0.049747599,0.373802616
ENSG00000038358,-0.093048201,0.304696444
ENSG00000038382,0.154580349,0.154537153
ENSG00000038427,0.294319139,0.021417942
ENSG00000038532,0.175088262,0.131135583
ENSG00000038945,0.134215065,0.220982841
ENSG00000039123,0.012942018,0.859973697
ENSG00000039139,0.060374824,0.643870244
ENSG00000039319,0.097392581,0.352294168
ENSG00000039523,-0.17955301,0.121237427
ENSG00000039537,-0.230177793,0.028636374
ENSG00000039560,-0.441676619,0.004061292
ENSG00000039600,-0.042995889,0.600563999
ENSG00000039650,0.207885812,0.128636332
ENSG00000040199,-0.259956071,0.057138393
ENSG00000040275,0.142498215,0.289548941
ENSG00000040341,0.062600838,0.536304599
ENSG00000040487,-0.245812713,0.031111618
ENSG00000040531,0.003506593,0.976222382
ENSG00000040608,0.052232031,0.285665507
ENSG00000040633,0.183088014,0.147218992
ENSG00000040731,0.990889238,0.007146878
ENSG00000040933,0.005053659,0.957602149
ENSG00000041353,0.092451155,NA
ENSG00000041357,0.018317093,0.861599961
ENSG00000041515,-1.360431009,0.001002377
ENSG00000041802,-0.158407841,0.126948395
ENSG00000041880,0.043074853,0.721553604
ENSG00000041982,0.151567486,0.175066749
ENSG00000041988,0.082380878,0.428871095
ENSG00000042062,-0.063297751,0.565821525
ENSG00000042088,0.353682485,0.005685077
ENSG00000042286,-0.68837605,1.80E-14
ENSG00000042317,0.273940835,0.014216868
ENSG00000042429,-0.171798509,0.089993131
ENSG00000042445,0.032892394,0.737221018
ENSG00000042493,0.002346424,0.98811174
ENSG00000042753,-0.209290159,0.020276117
ENSG00000042781,0.053738103,0.46770444
ENSG00000042832,-0.051000394,0.631473302
ENSG00000042980,-0.09733275,0.264008205
ENSG00000043093,-0.098246527,0.244460836
ENSG00000043143,-0.29055213,0.001652679
ENSG00000043514,0.042933749,0.715306293
ENSG00000044090,0.48358237,2.44E-07
ENSG00000044115,-0.098553922,0.280148068
ENSG00000044446,-0.238802939,0.021580289
ENSG00000044459,0.201079517,0.133003833
ENSG00000044524,-0.031591156,0.7621152
ENSG00000044574,-0.049719727,0.727720951
ENSG00000046604,0.01701144,0.695742335
ENSG00000046647,-0.033230591,0.778173209
ENSG00000046651,-0.026808698,0.833413594
ENSG00000046653,-2.011291373,0.000729735
ENSG00000046889,0.096112339,0.188778634
ENSG00000047056,-0.247188884,0.01852076
ENSG00000047188,-0.161227926,0.099923011
ENSG00000047230,0.013368606,0.912806853
ENSG00000047249,-0.044887067,0.649591123
ENSG00000047315,0.017547133,0.799545443
ENSG00000047346,0.037309487,0.76700999
ENSG00000047365,0.055905335,0.499390655
ENSG00000047410,0.013266473,0.860836319
ENSG00000047457,-0.11877738,0.276701365
ENSG00000047578,0.062533026,0.48983864
ENSG00000047579,-0.029800851,0.778867703
ENSG00000047617,-0.091311998,0.398751224
ENSG00000047621,0.290038002,0.026729892
ENSG00000047634,-0.182355035,0.114067928
ENSG00000047644,-0.27182688,0.026974308
ENSG00000047648,-0.017624208,0.889088686
ENSG00000047662,-0.034804542,0.65282445
ENSG00000047849,-0.126768,0.126350063
ENSG00000047932,0.171020032,0.012560834
ENSG00000047936,0.001079361,0.980153105
ENSG00000048028,-0.023386186,0.840476524
ENSG00000048052,0.389273853,0.007508795
ENSG00000048140,-0.204819136,0.036164959
ENSG00000048162,-0.425597693,0.009379041
ENSG00000048342,0.364787398,0.001153383
ENSG00000048392,0.064341498,0.412969147
ENSG00000048405,-0.344581967,0.001596695
ENSG00000048471,-0.316598144,0.049792048
ENSG00000048540,-1.160347171,0.000577173
ENSG00000048544,0.045466803,0.669426651
ENSG00000048545,0.113120288,0.116506953
ENSG00000048649,-0.000944257,0.978127035
ENSG00000048707,-0.584844392,0.000106304
ENSG00000048740,-0.866308071,1.22E-06
ENSG00000048828,-0.107216109,0.260294614
ENSG00000048991,0.194036745,0.05893773
ENSG00000049089,0.658087243,0.000364955
ENSG00000049130,0.038738276,0.754247838
ENSG00000049167,0.19818944,0.118261514
ENSG00000049192,0.159066804,0.257311887
ENSG00000049239,-0.327772486,0.009827608
ENSG00000049245,-0.139900696,0.113171098
ENSG00000049246,2.090992381,2.19E-14
ENSG00000049283,0.250362611,0.088599399
ENSG00000049323,-0.679283158,1.50E-12
ENSG00000049449,0.057495971,0.588192752
ENSG00000049540,-0.634940037,0.009548809
ENSG00000049541,0.287496006,0.034096071
ENSG00000049618,0.115298635,0.299266626
ENSG00000049656,-0.238099477,0.006399416
ENSG00000049759,1.016295725,2.46E-08
ENSG00000049768,-0.03343137,0.627546771
ENSG00000049769,0.140048171,0.279779707
ENSG00000049860,0.002936545,0.983167054
ENSG00000049883,0.204348707,0.105511706
ENSG00000050130,-0.022527864,0.825967596
ENSG00000050165,-0.185997242,0.145871059
ENSG00000050327,-0.009374121,0.93734564
ENSG00000050344,0.012537901,0.924456619
ENSG00000050393,-0.343294134,0.00993754
ENSG00000050405,0.139132524,0.323522491
ENSG00000050426,0.072361469,0.521335635
ENSG00000050438,0.101994204,0.42900807
ENSG00000050555,0.003577548,0.974170732
ENSG00000050628,0.232580232,0.059956487
ENSG00000050730,0.021584896,0.629719226
ENSG00000050748,0.01001183,0.889558998
ENSG00000050820,-0.118028204,0.34956509
ENSG00000051009,-0.022370698,0.80636601
ENSG00000051108,-0.729609654,1.71E-16
ENSG00000051128,0.141346364,0.236027961
ENSG00000051180,-0.492343385,0.022022977
ENSG00000051341,0.134928858,0.282099721
ENSG00000051382,-0.299344713,0.027381172
ENSG00000051523,-0.182900892,0.173659781
ENSG00000051596,0.113517661,0.386606808
ENSG00000051620,-0.391849581,5.21E-07
ENSG00000051825,0.397497665,0.000631606
ENSG00000052126,0.255356378,0.018926533
ENSG00000052723,0.045824345,0.580528772
ENSG00000052749,-0.030287442,0.805398041
ENSG00000052795,-0.140801744,0.233060933
ENSG00000052802,0.075698315,0.542393692
ENSG00000052841,0.088480951,0.305977853
ENSG00000052850,0.020168365,0.479055337
ENSG00000053254,-0.34745627,0.004113126
ENSG00000053328,0.101793584,0.22643143
ENSG00000053371,-0.077715043,0.387074724
ENSG00000053372,-0.218003333,0.047137173
ENSG00000053438,0.056732509,0.604880841
ENSG00000053501,0.148766343,0.156249849
ENSG00000053524,-0.058366266,0.452749102
ENSG00000053702,0.102121587,0.449420372
ENSG00000053747,-0.730030697,0.000727484
ENSG00000053770,0.001465207,0.987885772
ENSG00000053900,-0.027862295,0.744371288
ENSG00000054116,-0.080039525,0.317047239
ENSG00000054118,0.181679844,0.006311446
ENSG00000054148,0.136011356,0.309915672
ENSG00000054179,0.086609896,0.098542457
ENSG00000054219,-0.160308882,0.115754414
ENSG00000054267,0.083509305,0.331738279
ENSG00000054277,-0.613169757,0.003683986
ENSG00000054282,0.234884021,0.1139102
ENSG00000054356,0.085254715,0.348254121
ENSG00000054392,0.188686745,0.147032767
ENSG00000054523,-0.155997877,0.052653554
ENSG00000054598,0.097154022,0.465645319
ENSG00000054611,-0.028162095,0.738491961
ENSG00000054654,-0.100717451,0.45009535
ENSG00000054690,0.083012024,0.407621336
ENSG00000054793,-0.126759242,0.325608171
ENSG00000054938,1.068395715,0.001389936
ENSG00000054965,0.234277256,0.001001487
ENSG00000054967,0.060493217,0.575262232
ENSG00000054983,-0.262976739,0.009109268
ENSG00000055044,-0.142747818,0.161654822
ENSG00000055070,-0.217376303,0.018679263
ENSG00000055118,0.069241492,0.262346659
ENSG00000055130,-0.250224905,0.01283161
ENSG00000055147,-0.052024658,0.590236946
ENSG00000055163,0.882236753,9.85E-05
ENSG00000055208,-0.06498916,0.497061009
ENSG00000055211,-0.222185188,0.062135952
ENSG00000055332,0.143560026,0.054859851
ENSG00000055483,-0.158345729,0.142951154
ENSG00000055609,0.156330264,0.166565959
ENSG00000055732,0.164652803,0.247953152
ENSG00000055813,0.164968885,0.066503828
ENSG00000055917,-0.123996498,0.151172268
ENSG00000055950,0.054736663,0.590101705
ENSG00000056050,0.12658117,0.285424268
ENSG00000056097,-0.130699866,0.213509241
ENSG00000056277,0.266971735,0.086728822
ENSG00000056558,-0.167510414,0.23369165
ENSG00000056586,-0.340174312,0.000324288
ENSG00000056661,0.244822913,0.026898359
ENSG00000056736,0.860446817,0.000308939
ENSG00000056972,-0.18965532,0.126938154
ENSG00000056998,-0.202944914,0.100806349
ENSG00000057019,0.04099693,0.722301219
ENSG00000057252,-0.607250469,1.35E-05
ENSG00000057294,-0.21444258,0.015447445
ENSG00000057468,0.067384275,0.35319019
ENSG00000057593,-0.069295339,0.396647986
ENSG00000057608,-0.001336776,0.985155537
ENSG00000057657,-1.12727791,2.03E-05
ENSG00000057663,-0.239883344,0.011929223
ENSG00000057704,-0.26238638,0.06317257
ENSG00000057757,0.055023738,0.555899356
ENSG00000057935,0.176201838,0.058709052
ENSG00000058056,-0.3114568,0.013582637
ENSG00000058063,-0.319243618,0.006291582
ENSG00000058085,-0.803429323,1.74E-05
ENSG00000058091,-0.000314776,0.9964775
ENSG00000058262,0.268791812,0.00162037
ENSG00000058272,-0.298325664,0.000668961
ENSG00000058335,-0.012441202,0.774801581
ENSG00000058404,0.033787585,0.495009809
ENSG00000058453,-0.027555172,0.811748355
ENSG00000058600,-0.233402216,0.012922314
ENSG00000058668,0.099625408,0.404992549
ENSG00000058673,-0.004189867,0.952406114
ENSG00000058729,0.126385945,0.213470758
ENSG00000058799,-0.328340528,0.011575929
ENSG00000058804,0.074395831,0.528828968
ENSG00000059122,-0.000579518,0.994259614
ENSG00000059145,-0.259470311,0.001563811
ENSG00000059377,0.038255446,0.722356626
ENSG00000059378,-0.090775828,0.416519058
ENSG00000059573,0.308477744,0.021460169
ENSG00000059588,0.258091449,0.035598147
ENSG00000059691,0.236082532,0.017022582
ENSG00000059728,0.087874902,0.466982853
ENSG00000059758,0.269453837,0.010578337
ENSG00000059769,-0.080374456,0.534473299
ENSG00000059804,-0.025574853,0.839227507
ENSG00000059915,0.191511178,0.180681166
ENSG00000060069,-0.239746486,0.039868463
ENSG00000060138,-0.460578305,4.42E-05
ENSG00000060140,0.008091816,0.851140434
ENSG00000060237,0.089529442,0.347872307
ENSG00000060339,0.001112668,0.99367761
ENSG00000060491,-0.090901506,0.411023804
ENSG00000060642,-0.174126346,0.18334973
ENSG00000060656,-0.112393469,0.327755467
ENSG00000060688,0.044730375,0.63803179
ENSG00000060718,-1.966333864,0.000225939
ENSG00000060749,0.120593063,0.233419264
ENSG00000060762,-0.378661483,0.006734296
ENSG00000060971,-0.081726208,0.398463057
ENSG00000060982,-0.011419237,0.92673072
ENSG00000061273,-0.544958617,5.42E-06
ENSG00000061337,0.914950506,9.63E-06
ENSG00000061455,0.0210702,0.869499637
ENSG00000061656,-0.2287692,0.132825974
ENSG00000061676,-0.22953778,0.021218292
ENSG00000061794,-0.213822742,0.019693792
ENSG00000061918,-0.003442648,0.979780114
ENSG00000061936,0.086021131,0.251428319
ENSG00000061938,0.14948561,0.243788223
ENSG00000061987,0.090999507,0.247574229
ENSG00000062194,0.150691978,0.032522048
ENSG00000062282,0.072006778,0.488117664
ENSG00000062370,-0.160671051,0.164939076
ENSG00000062485,0.064946758,0.458155375
ENSG00000062524,-0.003073168,0.950261138
ENSG00000062582,0.073080215,0.51312055
ENSG00000062598,-0.151874406,0.099078013
ENSG00000062650,-0.079083417,0.352969055
ENSG00000062716,-0.512727396,1.91E-06
ENSG00000062725,0.071907119,0.483061015
ENSG00000062822,0.223311724,0.128417252
ENSG00000063015,0.013392516,0.796187074
ENSG00000063046,0.018770336,0.839635159
ENSG00000063127,0.630549981,0.007228555
ENSG00000063169,-0.443891393,2.46E-05
ENSG00000063176,-0.086137592,0.468042402
ENSG00000063177,0.04870823,0.698789206
ENSG00000063180,0.264219283,0.097759961
ENSG00000063241,0.038904458,0.747538445
ENSG00000063244,0.187912178,0.073025658
ENSG00000063245,-0.149610093,0.16622277
ENSG00000063322,-0.068000657,0.39562918
ENSG00000063438,0.280390093,0.074123317
ENSG00000063587,-0.315040307,0.005505205
ENSG00000063601,0.004322093,0.953438383
ENSG00000063660,0.37592661,0.001701555
ENSG00000063761,0.113061637,0.351526406
ENSG00000063854,-0.201974164,0.103970236
ENSG00000063978,-0.029048603,0.681609315
ENSG00000064012,0.148411038,0.189090933
ENSG00000064042,0.000451198,0.999085805
ENSG00000064102,0.008154952,0.947908397
ENSG00000064115,-0.769752288,6.15E-07
ENSG00000064199,0.023181194,0.859363936
ENSG00000064201,1.305853263,0.000460007
ENSG00000064205,0.418860427,0.033141484
ENSG00000064225,0.231642046,0.130505206
ENSG00000064270,-0.030464546,0.596861203
ENSG00000064300,-0.028202354,0.525582633
ENSG00000064309,1.537315291,3.87E-08
ENSG00000064313,-0.067562492,0.429178262
ENSG00000064393,-0.543856697,3.96E-05
ENSG00000064419,0.076556398,0.324694207
ENSG00000064490,-0.00686798,0.950283285
ENSG00000064545,-0.08143258,0.492575143
ENSG00000064547,0.04199327,0.747271714
ENSG00000064601,0.230807375,0.035598915
ENSG00000064607,0.111467893,0.254333214
ENSG00000064651,-0.019853276,0.868024924
ENSG00000064652,-0.492271936,0.000168023
ENSG00000064655,-0.013052631,0.907278807
ENSG00000064666,-0.729983212,5.64E-07
ENSG00000064687,0.730584649,2.46E-05
ENSG00000064692,0.295500883,0.030242058
ENSG00000064703,-0.25449002,0.036631029
ENSG00000064726,-0.104228065,0.341523783
ENSG00000064763,-0.30038876,0.027159193
ENSG00000064787,0.121769071,0.041201644
ENSG00000064886,0.030742932,0.816939698
ENSG00000064932,-0.231065223,0.053734866
ENSG00000064933,-0.4819956,4.41E-05
ENSG00000064961,-0.187701687,0.039217234
ENSG00000064989,0.247136344,0.109984507
ENSG00000064995,-0.036169173,0.752992117
ENSG00000064999,-0.125750911,0.206206824
ENSG00000065000,0.018359057,0.830121613
ENSG00000065029,0.073589908,0.419246785
ENSG00000065054,0.050274032,0.703208181
ENSG00000065057,0.076226121,0.5363306
ENSG00000065060,0.102992058,0.270357836
ENSG00000065135,-0.08459238,0.356963502
ENSG00000065150,0.11843797,0.259693489
ENSG00000065154,-0.047294563,0.62609508
ENSG00000065183,-0.052484852,0.59720019
ENSG00000065243,-0.069737783,0.352016816
ENSG00000065268,-0.154929398,0.253848632
ENSG00000065308,-0.196048037,0.001487123
ENSG00000065320,-0.247125019,0.111704344
ENSG00000065325,-0.011478637,0.803476939
ENSG00000065328,0.080363899,0.432307109
ENSG00000065357,0.072755883,0.396186842
ENSG00000065361,-0.041399374,0.618057296
ENSG00000065413,0.028370589,0.826751535
ENSG00000065427,-0.070788437,0.515462466
ENSG00000065457,0.195826729,0.072575149
ENSG00000065485,0.132649482,0.240405514
ENSG00000065491,0.367154428,0.000762525
ENSG00000065518,0.201164769,0.057282174
ENSG00000065526,-0.625257387,3.44E-07
ENSG00000065534,-0.040158344,0.745676724
ENSG00000065548,0.091533182,0.354300746
ENSG00000065559,-0.101138302,0.29106357
ENSG00000065600,0.153853642,0.227791017
ENSG00000065613,-0.100210891,0.284543503
ENSG00000065615,0.077942695,0.516088089
ENSG00000065618,0.017570822,0.742597473
ENSG00000065621,0.014642137,0.898060901
ENSG00000065665,0.38329916,0.004441706
ENSG00000065717,-0.563548335,0.009252571
ENSG00000065802,-0.277752646,0.005399022
ENSG00000065809,0.953184877,2.61E-08
ENSG00000065833,0.561388231,0.000894371
ENSG00000065882,-0.527562632,4.54E-05
ENSG00000065883,-0.131074713,0.09479195
ENSG00000065911,-0.130776076,0.340090192
ENSG00000065923,0.197586924,0.180839545
ENSG00000065970,-0.029009871,0.752132274
ENSG00000065978,0.060075824,0.479638898
ENSG00000065989,-0.192047682,0.058855791
ENSG00000066027,-0.203467847,0.084228869
ENSG00000066044,-0.051738726,0.485417228
ENSG00000066084,0.19336547,0.072837844
ENSG00000066117,-0.031380195,0.740892272
ENSG00000066135,0.272586673,0.000282
ENSG00000066136,0.262463067,0.007838283
ENSG00000066185,0.141581324,0.253123292
ENSG00000066230,0.049370065,0.676842532
ENSG00000066248,0.008753972,0.829327301
ENSG00000066279,0.461984353,0.012284562
ENSG00000066322,-0.509597291,6.86E-11
ENSG00000066379,0.079652765,0.544168129
ENSG00000066382,0.051513271,0.33769043
ENSG00000066405,0.032248215,0.775378212
ENSG00000066422,0.271588032,0.011126935
ENSG00000066427,0.032832637,0.775979785
ENSG00000066455,-0.007274944,0.939652812
ENSG00000066468,1.879538155,0.000545978
ENSG00000066557,0.004442898,0.967786208
ENSG00000066583,0.010640429,0.935045234
ENSG00000066629,-0.074270889,0.494291584
ENSG00000066651,0.090429488,0.480772254
ENSG00000066654,0.028512711,0.708240495
ENSG00000066697,0.615757095,1.16E-05
ENSG00000066735,0.019699255,0.676958429
ENSG00000066739,0.137220944,0.138150351
ENSG00000066777,-0.075869861,0.361831513
ENSG00000066827,0.321180801,0.025217184
ENSG00000066855,-0.326025377,0.007784102
ENSG00000066923,-0.027131352,0.817111806
ENSG00000066926,0.062103769,0.504209939
ENSG00000066933,-0.104112624,0.238237031
ENSG00000067048,-0.000443402,0.974604433
ENSG00000067057,-0.026210461,0.836138951
ENSG00000067064,-0.006930223,0.954273182
ENSG00000067066,-0.013173435,0.891184003
ENSG00000067082,-1.083615934,8.55E-13
ENSG00000067113,0.831750511,1.85E-05
ENSG00000067141,0.184997245,0.162274029
ENSG00000067167,-0.538139322,0.000656614
ENSG00000067177,-0.731344534,0.000595819
ENSG00000067182,-0.071506286,0.381945585
ENSG00000067191,-0.155253025,0.189796695
ENSG00000067208,-0.189263939,0.079194683
ENSG00000067221,0.30342445,0.005254231
ENSG00000067225,0.277124555,0.035541577
ENSG00000067248,0.02029998,0.817051068
ENSG00000067334,-0.0788384,0.478604628
ENSG00000067365,-0.060518189,0.603349306
ENSG00000067369,0.740992907,2.80E-17
ENSG00000067445,0.703599357,7.12E-09
ENSG00000067533,-0.105324728,0.364234257
ENSG00000067560,-0.111041418,0.288859888
ENSG00000067596,-0.024436333,0.787352103
ENSG00000067601,0.087114048,0.507384974
ENSG00000067606,-0.021502562,0.832945518
ENSG00000067646,-0.005762466,0.870004786
ENSG00000067704,-0.111928055,0.177700207
ENSG00000067715,0.00340965,0.957365519
ENSG00000067798,-2.120425656,4.94E-09
ENSG00000067829,0.068940657,0.47364321
ENSG00000067836,-0.015537741,0.899479854
ENSG00000067840,0.093006451,0.443456446
ENSG00000067842,0.076966837,0.16955343
ENSG00000067900,-0.546359202,1.48E-07
ENSG00000067955,-0.386831443,0.003083482
ENSG00000067992,-0.186073853,0.19664632
ENSG00000068001,0.224843431,0.009490461
ENSG00000068024,-0.079460639,0.516855257
ENSG00000068028,-0.362068037,0.009915837
ENSG00000068078,-0.050901137,0.546436499
ENSG00000068079,-0.211916441,0.061268619
ENSG00000068097,0.090463262,0.379738101
ENSG00000068120,-0.225940867,0.005673389
ENSG00000068137,0.053785129,0.675410095
ENSG00000068305,-0.478426382,0.000463878
ENSG00000068308,-0.160085462,0.038640821
ENSG00000068323,0.094676863,0.254226654
ENSG00000068354,0.039312394,0.691212716
ENSG00000068366,0.201815649,0.169484239
ENSG00000068383,-1.262601467,3.36E-06
ENSG00000068394,-0.016612394,0.858924836
ENSG00000068400,0.034378642,0.732930937
ENSG00000068438,-0.023913408,0.833320036
ENSG00000068489,0.161193266,0.228588753
ENSG00000068650,0.007227092,0.948567476
ENSG00000068654,-0.155291251,0.139903967
ENSG00000068697,0.207179553,0.017825667
ENSG00000068724,0.043891885,0.700240296
ENSG00000068745,0.241453355,0.054973658
ENSG00000068784,0.493045469,0.00052231
ENSG00000068793,-0.157266828,0.072639615
ENSG00000068796,0.070051711,0.515496803
ENSG00000068831,-1.849299218,9.76E-10
ENSG00000068878,-0.165858324,0.065358159
ENSG00000068885,0.261031003,0.020575622
ENSG00000068903,0.092602574,0.359489146
ENSG00000068912,-0.164950937,0.088880087
ENSG00000068971,-0.11584804,0.334642808
ENSG00000068976,0.322925052,0.046595785
ENSG00000069011,0.03905529,0.568144683
ENSG00000069020,0.698664937,2.08E-07
ENSG00000069122,-0.006872383,NA
ENSG00000069188,0.104497374,0.324157524
ENSG00000069248,-0.135999291,0.124576479
ENSG00000069275,0.220219869,0.023054293
ENSG00000069329,0.18650025,0.006868805
ENSG00000069345,-0.088532095,0.256601375
ENSG00000069399,0.508049176,0.000892742
ENSG00000069424,-0.183274674,0.124811272
ENSG00000069431,-0.864807569,0.000577116
ENSG00000069482,0.112733984,0.22140959
ENSG00000069493,-0.11213175,0.401925461
ENSG00000069509,-0.120143107,0.297539416
ENSG00000069535,-0.919419152,0.001954148
ENSG00000069667,-0.396382636,0.005849567
ENSG00000069696,-0.061224033,0.504677314
ENSG00000069702,-0.09346602,0.458171148
ENSG00000069712,-0.083848956,0.513032327
ENSG00000069764,-0.044726852,0.57895014
ENSG00000069812,0.08857652,0.093691823
ENSG00000069849,-0.111027171,0.352442519
ENSG00000069869,-0.208725314,0.080613603
ENSG00000069943,-0.032485451,0.791837792
ENSG00000069956,0.140697224,0.100713432
ENSG00000069966,0.006104385,0.957135148
ENSG00000069974,-0.17264163,0.157138633
ENSG00000069998,-0.478259058,0.011918921
ENSG00000070010,-0.122889056,0.335437968
ENSG00000070018,0.342064362,0.022746559
ENSG00000070019,-0.018063172,0.793220706
ENSG00000070031,-0.020583643,0.73964888
ENSG00000070047,-0.173472974,0.104412461
ENSG00000070061,-0.046128196,0.607691847
ENSG00000070081,0.412861346,0.000179313
ENSG00000070087,0.299443651,0.000252151
ENSG00000070159,-0.178300855,0.143670001
ENSG00000070182,-0.00212135,0.981122173
ENSG00000070193,0.651310989,0.013319941
ENSG00000070214,-0.275736783,0.013573574
ENSG00000070269,0.2246513,0.036281966
ENSG00000070366,0.279509574,0.001506968
ENSG00000070367,0.008551138,0.915915801
ENSG00000070371,-0.500160735,0.000303502
ENSG00000070388,-2.445551958,0.000197218
ENSG00000070404,-1.766605061,4.77E-10
ENSG00000070413,-0.051048866,0.630386276
ENSG00000070423,-0.277830831,0.027932411
ENSG00000070444,-0.096689461,0.405295398
ENSG00000070476,-0.267042279,0.035081464
ENSG00000070495,-0.37421021,0.015591697
ENSG00000070501,0.226979204,0.097166869
ENSG00000070540,-0.817408017,9.84E-06
ENSG00000070610,-0.402901756,0.000101676
ENSG00000070614,-0.203479546,0.102740615
ENSG00000070669,0.908817225,2.20E-08
ENSG00000070718,0.39301057,0.000729698
ENSG00000070731,-0.060325866,0.524269302
ENSG00000070756,0.057691015,0.468662322
ENSG00000070759,0.315631819,0.050461336
ENSG00000070761,0.159887463,0.165750679
ENSG00000070770,0.131326182,0.095198056
ENSG00000070778,-0.132649718,0.150611954
ENSG00000070785,0.085289458,0.405406878
ENSG00000070808,2.112650831,3.29E-08
ENSG00000070814,0.076703827,0.556318457
ENSG00000070831,-0.083543473,0.365112639
ENSG00000070882,1.014478807,4.08E-07
ENSG00000070950,-0.168094738,0.174992697
ENSG00000070961,-0.362607449,0.019682619
ENSG00000071051,-0.140888991,0.163085335
ENSG00000071054,0.120775926,0.07530218
ENSG00000071073,0.00767761,0.921147868
ENSG00000071082,-0.029001724,0.800611873
ENSG00000071127,-0.794193747,1.31E-07
ENSG00000071189,0.076176428,0.359060482
ENSG00000071205,-0.402642277,0.003682582
ENSG00000071242,-0.880389972,2.19E-09
ENSG00000071243,0.082834901,0.494049113
ENSG00000071246,0.070792072,0.566085693
ENSG00000071282,-1.531238509,2.51E-12
ENSG00000071462,0.049672504,0.598181228
ENSG00000071537,-0.170177255,0.093147473
ENSG00000071539,0.044595143,0.734063137
ENSG00000071553,-0.018491451,0.865084077
ENSG00000071564,0.425522317,0.000126974
ENSG00000071575,0.202195338,0.167191374
ENSG00000071626,-0.199330852,0.019540503
ENSG00000071655,0.100735485,0.280670356
ENSG00000071794,0.214759045,0.034144812
ENSG00000071859,-0.229250143,0.033185462
ENSG00000071889,-0.215336378,0.015389089
ENSG00000071894,-0.012463848,0.917771328
ENSG00000071909,0.047772605,0.612641754
ENSG00000071967,-0.147216111,0.232457778
ENSG00000071994,-0.083680377,0.36867727
ENSG00000072041,0.110806556,0.222950018
ENSG00000072042,-0.069870535,0.438404368
ENSG00000072062,0.13206988,0.083001697
ENSG00000072071,0.187148366,0.199397525
ENSG00000072110,-0.332052108,0.032146
ENSG00000072121,0.353331005,0.001278807
ENSG00000072133,0.112482221,0.399048166
ENSG00000072134,-0.350145459,0.002054998
ENSG00000072135,-0.400687992,0.004694677
ENSG00000072163,-1.126543849,8.83E-05
ENSG00000072195,0.423089057,0.004930333
ENSG00000072201,-0.13639801,0.300687122
ENSG00000072210,0.920868935,1.49E-09
ENSG00000072274,-0.155162574,0.21130578
ENSG00000072310,0.562595811,0.006540782
ENSG00000072315,0.06747221,0.198460014
ENSG00000072364,0.021333851,0.782174719
ENSG00000072401,-0.12087432,0.23123582
ENSG00000072415,0.159694852,0.085826297
ENSG00000072422,-0.068415329,0.502638063
ENSG00000072444,0.168461253,0.216057861
ENSG00000072501,0.135379283,0.196257997
ENSG00000072506,-0.188286937,0.096943371
ENSG00000072518,0.048780033,0.598337815
ENSG00000072571,-1.416669556,4.63E-07
ENSG00000072609,-0.092640867,0.397768753
ENSG00000072657,-0.114514758,0.376543081
ENSG00000072682,0.304560081,0.012225839
ENSG00000072736,-0.023779169,0.828060832
ENSG00000072756,-0.07815083,0.528674475
ENSG00000072778,0.037442382,0.761059038
ENSG00000072786,-0.152227734,0.218334865
ENSG00000072803,-0.025967312,0.739201178
ENSG00000072818,0.18236887,0.203751491
ENSG00000072832,0.20511727,0.078692102
ENSG00000072840,0.142333675,0.177097878
ENSG00000072849,0.0054129,0.952190864
ENSG00000072858,0.078972134,0.313794036
ENSG00000072864,-0.277506218,0.011614411
ENSG00000072952,-0.214785019,0.153485919
ENSG00000072954,0.028812938,0.825555152
ENSG00000072958,-1.059038404,8.04E-18
ENSG00000073008,0.176415308,0.222412174
ENSG00000073009,-0.060522541,0.57636494
ENSG00000073050,0.07743535,0.531556329
ENSG00000073060,0.370338419,0.037550522
ENSG00000073111,0.59542243,0.00015389
ENSG00000073146,0.831136211,3.57E-05
ENSG00000073150,0.196870806,0.174421515
ENSG00000073169,-0.412276861,0.002201505
ENSG00000073331,0.329244121,0.002733734
ENSG00000073350,-0.021779523,0.626141016
ENSG00000073417,-0.037051175,0.683479393
ENSG00000073464,-0.25294749,0.102170519
ENSG00000073536,0.404620787,0.006771862
ENSG00000073578,-0.028762873,0.72066787
ENSG00000073584,0.200818531,0.040184326
ENSG00000073598,0.010522053,0.836444075
ENSG00000073605,0.187689415,0.145614789
ENSG00000073614,-0.055076089,0.546487505
ENSG00000073670,0.406112668,0.029361182
ENSG00000073711,0.21411495,0.078806837
ENSG00000073712,-0.605792783,3.97E-08
ENSG00000073756,0.805252046,0.006642312
ENSG00000073792,-0.726725357,7.44E-07
ENSG00000073803,-0.145031734,0.183030237
ENSG00000073849,0.123639528,0.34854225
ENSG00000073905,-0.125019237,0.361485455
ENSG00000073910,-0.227691786,0.132285704
ENSG00000073921,-0.234543334,0.019592477
ENSG00000073969,0.032354995,0.766771771
ENSG00000074047,0.855557274,2.08E-09
ENSG00000074054,-0.180412858,0.04036623
ENSG00000074071,-0.038045056,0.745887991
ENSG00000074181,-0.419639959,0.016219226
ENSG00000074201,0.224135231,0.002104679
ENSG00000074211,-0.137458711,0.147765998
ENSG00000074219,0.661361035,1.96E-05
ENSG00000074266,0.042649921,0.709065931
ENSG00000074276,0.07486209,0.381379535
ENSG00000074319,-0.379907766,1.53E-05
ENSG00000074356,0.037819967,0.713581806
ENSG00000074370,-0.021355864,0.822003623
ENSG00000074410,0.485080409,0.024028845
ENSG00000074416,-0.34529812,0.018460923
ENSG00000074527,-0.44628458,0.027820417
ENSG00000074582,-0.050133752,0.717168378
ENSG00000074590,-1.314394353,6.26E-13
ENSG00000074603,-0.159182885,0.03547835
ENSG00000074621,-0.099543152,0.357378651
ENSG00000074657,0.080227203,0.431023256
ENSG00000074660,-1.159866662,6.51E-05
ENSG00000074695,0.192750377,0.020921425
ENSG00000074696,0.149067729,0.120285475
ENSG00000074706,-0.017683799,0.876556537
ENSG00000074755,-0.084189145,0.290561253
ENSG00000074800,-0.162962717,0.254124355
ENSG00000074803,0.073870316,0.341677743
ENSG00000074842,-0.162436232,0.100086943
ENSG00000074855,0.196235717,0.179764135
ENSG00000074935,0.666612178,6.37E-07
ENSG00000074964,-0.127947613,0.142213516
ENSG00000074966,0.023826019,0.567302685
ENSG00000075073,0.039849893,0.674007984
ENSG00000075089,-0.04170337,0.707517412
ENSG00000075131,0.124522791,0.36066835
ENSG00000075142,-0.441745299,0.000277264
ENSG00000075151,0.133796043,0.293515664
ENSG00000075188,0.167681022,0.145976416
ENSG00000075213,1.141440367,6.87E-08
ENSG00000075218,-0.054146445,0.583385684
ENSG00000075223,0.056323339,0.667341813
ENSG00000075234,-0.199576818,0.174728922
ENSG00000075239,-0.126647893,0.326768621
ENSG00000075240,1.094684744,2.03E-09
ENSG00000075275,0.112771608,0.149335795
ENSG00000075292,-0.014324639,0.874931584
ENSG00000075303,0.15208068,0.190260627
ENSG00000075336,0.131337726,0.220790263
ENSG00000075391,-0.481251811,0.000104237
ENSG00000075399,-0.098259044,0.402576165
ENSG00000075407,-0.003960874,0.973421003
ENSG00000075413,0.111045443,0.117041942
ENSG00000075415,-0.205694354,0.009799508
ENSG00000075420,-0.659601736,3.36E-07
ENSG00000075426,-0.22125301,0.050205775
ENSG00000075539,-0.327191776,0.001682627
ENSG00000075568,0.19369254,0.052536602
ENSG00000075618,0.262053815,0.098102701
ENSG00000075624,-0.846130439,3.02E-06
ENSG00000075643,0.137653043,0.223463055
ENSG00000075651,0.473286769,0.008913856
ENSG00000075702,0.020822244,0.866185869
ENSG00000075711,-0.076384603,0.417812681
ENSG00000075785,-0.035181455,0.672555597
ENSG00000075790,-0.219771651,0.073528584
ENSG00000075826,-0.03214199,0.776670528
ENSG00000075856,0.021535861,0.803880775
ENSG00000075886,0.066320863,0.434837582
ENSG00000075914,-0.127224203,0.263538916
ENSG00000075945,0.274917138,0.011784597
ENSG00000075975,-0.453479351,0.000124448
ENSG00000076003,0.037768656,0.774179385
ENSG00000076043,0.010248454,0.922367297
ENSG00000076053,0.055789558,0.584651929
ENSG00000076067,0.030804118,0.789106861
ENSG00000076108,-0.082705911,0.272783391
ENSG00000076201,-0.004062715,0.965816852
ENSG00000076242,0.288383234,0.012751684
ENSG00000076248,0.219681187,0.027929199
ENSG00000076258,0.006620633,0.959476767
ENSG00000076321,0.178604782,0.079892686
ENSG00000076344,-0.216458508,0.146581364
ENSG00000076351,0.086382892,0.514795977
ENSG00000076356,0.351059818,0.040193633
ENSG00000076382,0.256189011,0.101230575
ENSG00000076513,-0.640731785,2.57E-07
ENSG00000076555,-0.179097561,0.21361889
ENSG00000076604,0.366595129,0.020532462
ENSG00000076641,0.081888303,0.509854742
ENSG00000076650,0.239268362,0.04897799
ENSG00000076662,-0.22098421,0.134614392
ENSG00000076685,-0.406015298,0.001550033
ENSG00000076706,-0.081257241,NA
ENSG00000076716,-0.832721801,0.000158253
ENSG00000076770,0.286877095,0.045497251
ENSG00000076864,-0.056502289,0.570158951
ENSG00000076924,-0.007942538,0.941479654
ENSG00000076928,-0.31056045,0.011300103
ENSG00000076944,-0.028045176,0.756175607
ENSG00000076984,0.012616883,0.879727508
ENSG00000077044,-0.21231491,0.063015087
ENSG00000077063,1.010987447,9.66E-10
ENSG00000077092,0.12654002,0.335072449
ENSG00000077097,0.018179054,0.802769335
ENSG00000077147,-0.21819937,0.01529488
ENSG00000077150,-0.14590706,0.087358306
ENSG00000077152,0.168965177,0.234447042
ENSG00000077157,-0.151871434,0.159961931
ENSG00000077232,-0.013964594,0.888780808
ENSG00000077235,0.200981642,0.003640636
ENSG00000077238,-0.244027826,0.096430354
ENSG00000077254,-0.868251961,3.15E-15
ENSG00000077264,0.744870344,0.009879036
ENSG00000077274,0.008520696,0.868747074
ENSG00000077312,0.249740176,0.060019072
ENSG00000077348,-0.09031671,0.489652788
ENSG00000077380,-0.004860413,0.938533505
ENSG00000077420,0.088161661,0.51114758
ENSG00000077454,0.072221592,0.518564176
ENSG00000077458,-0.191453442,0.089101058
ENSG00000077463,-0.106230513,0.421169757
ENSG00000077514,0.166835185,0.094915367
ENSG00000077522,-0.064388075,0.295058124
ENSG00000077549,-0.239369007,0.011456501
ENSG00000077585,-0.491047509,0.000199197
ENSG00000077616,0.197429969,0.098971381
ENSG00000077684,-1.188423598,2.91E-28
ENSG00000077713,-0.426289982,0.001067679
ENSG00000077721,-0.122325192,0.225839616
ENSG00000077782,-0.061730431,0.404445072
ENSG00000077800,-0.046438322,0.712348212
ENSG00000077809,-0.064802916,0.579001839
ENSG00000077935,0.025612224,0.718617377
ENSG00000077942,-0.007684501,0.982773754
ENSG00000077943,-0.902747825,0.000605428
ENSG00000078018,-0.075973475,0.282898463
ENSG00000078043,0.101860961,0.313738299
ENSG00000078053,-1.104535534,5.25E-12
ENSG00000078061,-0.049355668,0.565455448
ENSG00000078070,-0.466763466,0.002072596
ENSG00000078081,0.038417446,0.527426876
ENSG00000078098,-0.031787914,0.804202498
ENSG00000078114,-0.151205882,0.006028657
ENSG00000078124,-0.782968313,2.15E-06
ENSG00000078140,-0.281990043,0.011997844
ENSG00000078142,-0.265549932,0.009512307
ENSG00000078177,-0.362551931,0.003137706
ENSG00000078237,0.081374853,0.539228418
ENSG00000078246,-0.007072225,0.933777381
ENSG00000078269,0.545670839,0.000356507
ENSG00000078295,0.029676438,NA
ENSG00000078304,-0.001987442,0.980063195
ENSG00000078319,-0.02606723,0.838982219
ENSG00000078369,-0.165863064,0.022888332
ENSG00000078401,-0.020029157,0.858266453
ENSG00000078403,-0.016057287,0.884602633
ENSG00000078487,-0.044791136,0.726964322
ENSG00000078596,-0.015781091,0.73768547
ENSG00000078618,-0.096013994,0.228725093
ENSG00000078668,-0.034232343,0.650507369
ENSG00000078674,0.147306529,0.06903117
ENSG00000078687,0.043555117,0.69898532
ENSG00000078699,0.541019658,2.77E-07
ENSG00000078725,0.654112787,0.011578459
ENSG00000078747,-0.227354666,0.014000279
ENSG00000078804,-0.50706175,0.000853456
ENSG00000078808,-0.041055035,0.623798107
ENSG00000078814,-0.293716962,0.075161895
ENSG00000078900,0.044880311,0.548198796
ENSG00000078902,-0.03958934,0.686287721
ENSG00000078967,0.074995719,0.572390962
ENSG00000079101,2.343919622,0.000802215
ENSG00000079102,0.324750999,0.005473428
ENSG00000079112,-0.002104654,0.975960567
ENSG00000079134,0.296653051,0.004590354
ENSG00000079150,0.249751712,0.065771693
ENSG00000079156,0.413743098,0.032704711
ENSG00000079215,0.026631054,0.794029585
ENSG00000079246,-0.068517004,0.436439926
ENSG00000079257,0.202128636,0.086942734
ENSG00000079263,0.072337304,0.578581661
ENSG00000079277,-0.069954126,0.507371651
ENSG00000079308,0.224818725,0.016596161
ENSG00000079313,-0.306914274,0.001800472
ENSG00000079332,-0.25655983,0.016590803
ENSG00000079335,0.26661973,0.081757162
ENSG00000079337,0.245995568,0.1129737
ENSG00000079385,-0.011503875,0.833170337
ENSG00000079387,-0.005621853,0.957547458
ENSG00000079432,0.425372136,2.77E-05
ENSG00000079435,-0.788746621,0.002711792
ENSG00000079459,-0.040364406,0.679083265
ENSG00000079462,0.954863806,6.65E-07
ENSG00000079482,0.011704676,0.91325247
ENSG00000079616,0.146336436,0.238885736
ENSG00000079691,-1.116576775,1.11E-09
ENSG00000079739,-0.150431561,0.225128548
ENSG00000079785,-0.028085918,0.721006316
ENSG00000079805,-0.097093935,0.144557526
ENSG00000079819,0.247382774,0.015495659
ENSG00000079841,-0.148406861,0.120315013
ENSG00000079931,0.250158939,0.059391162
ENSG00000079950,-0.397699146,0.003384587
ENSG00000079974,0.061348903,0.556798241
ENSG00000079999,-0.072157358,0.475844311
ENSG00000080007,0.119849626,0.218641686
ENSG00000080031,0.125950365,0.169837014
ENSG00000080166,0.128674813,0.179849326
ENSG00000080189,-0.097313886,0.341174415
ENSG00000080200,0.586314528,2.06E-06
ENSG00000080298,0.0304513,0.794549083
ENSG00000080345,-0.086415842,0.436497201
ENSG00000080371,-0.177423755,0.044903229
ENSG00000080493,0.679471875,0.00030815
ENSG00000080503,-0.134702793,0.284007991
ENSG00000080546,0.221816977,0.011959666
ENSG00000080561,0.018380855,0.878993536
ENSG00000080573,-0.709536714,0.002557263
ENSG00000080603,0.063374703,0.467522231
ENSG00000080608,-0.141773686,0.239165172
ENSG00000080802,0.091491083,0.337382908
ENSG00000080815,-0.469754669,0.000155264
ENSG00000080819,-0.040390394,0.709984774
ENSG00000080822,-0.45568989,8.45E-05
ENSG00000080823,0.461818776,0.006828113
ENSG00000080824,0.346617967,0.006023204
ENSG00000080839,-0.027637349,0.826342292
ENSG00000080845,0.21576527,0.003326155
ENSG00000080947,0.424307365,0.002535907
ENSG00000080986,-0.08712476,0.504839583
ENSG00000081014,0.007113437,0.945544739
ENSG00000081019,-0.160221804,0.105287072
ENSG00000081026,0.303909135,0.003056305
ENSG00000081041,0.041433072,0.40590599
ENSG00000081051,0.052236631,0.467255033
ENSG00000081052,-1.792707501,1.33E-06
ENSG00000081059,0.198090263,0.164339976
ENSG00000081087,-0.435771323,0.000168746
ENSG00000081148,0.120013288,0.279380569
ENSG00000081154,0.018081065,0.817960306
ENSG00000081177,-0.142468633,0.24910863
ENSG00000081181,-0.181700792,0.129154424
ENSG00000081189,0.415390254,0.015921345
ENSG00000081307,0.236703851,0.041248908
ENSG00000081320,-0.949143244,0.000177047
ENSG00000081377,-0.793409593,9.79E-08
ENSG00000081386,0.298855252,0.007628299
ENSG00000081665,0.201661238,0.159058597
ENSG00000081692,0.19837021,0.168252194
ENSG00000081721,0.268964141,0.024470797
ENSG00000081760,0.156104763,0.128938926
ENSG00000081791,0.083568638,0.300955821
ENSG00000081803,-0.218801436,0.036626806
ENSG00000081818,-0.047173969,0.637688602
ENSG00000081842,-0.019142461,0.788814536
ENSG00000081853,0.025608363,0.82514298
ENSG00000081870,-0.279732902,0.007497012
ENSG00000081913,0.077665088,0.555831811
ENSG00000081923,-0.145153349,0.26794853
ENSG00000081985,-0.121598651,0.098683893
ENSG00000082014,-0.058374475,0.525899334
ENSG00000082068,-0.032296526,0.725332276
ENSG00000082074,0.083915287,0.211286009
ENSG00000082126,-0.931887501,0.002152028
ENSG00000082146,-0.79977016,9.18E-06
ENSG00000082153,-0.291386808,4.12E-05
ENSG00000082175,0.046025159,0.531618255
ENSG00000082196,-0.052719013,0.624359404
ENSG00000082212,0.076576987,0.420530972
ENSG00000082213,-0.255903522,0.058855077
ENSG00000082258,-0.088788506,0.287793138
ENSG00000082269,0.116212231,0.360230661
ENSG00000082397,0.030584477,0.67868149
ENSG00000082438,0.114026398,0.400961082
ENSG00000082458,0.608326913,2.50E-06
ENSG00000082482,0.243217226,0.116972666
ENSG00000082497,0.136458098,0.190894914
ENSG00000082512,-0.292987569,0.018312596
ENSG00000082515,-0.025278243,0.829119269
ENSG00000082516,-0.180550478,0.068049947
ENSG00000082641,-0.21831439,0.059641789
ENSG00000082701,0.004744508,0.951593191
ENSG00000082781,-0.033074481,0.721250829
ENSG00000082805,-0.035750552,0.749470988
ENSG00000082898,0.133998747,0.091787803
ENSG00000082929,-0.021207815,0.679247294
ENSG00000082996,-0.298691432,0.005378238
ENSG00000083067,0.058785331,0.52723328
ENSG00000083093,0.196738362,0.086320089
ENSG00000083097,0.557805194,2.48E-05
ENSG00000083099,0.201430146,0.033132894
ENSG00000083123,-0.201842394,0.12698484
ENSG00000083168,0.188197584,0.047843069
ENSG00000083223,-1.072154641,1.39E-10
ENSG00000083290,-1.104310006,6.94E-08
ENSG00000083312,-0.104161917,0.304591523
ENSG00000083444,0.084489786,0.395426171
ENSG00000083454,-0.079517441,0.397562289
ENSG00000083457,-0.246342266,0.055659296
ENSG00000083520,-0.283717693,0.002533163
ENSG00000083535,-0.092990611,0.371611511
ENSG00000083544,0.112745011,0.307940962
ENSG00000083635,0.066921147,0.601303462
ENSG00000083642,0.172567576,0.01707617
ENSG00000083720,-0.63628103,2.02E-05
ENSG00000083750,-0.103545527,0.347921281
ENSG00000083799,0.171189167,0.065681655
ENSG00000083807,0.128224473,0.349301029
ENSG00000083812,0.137091506,0.228032532
ENSG00000083814,0.166117113,0.226303675
ENSG00000083817,0.264267686,0.064528156
ENSG00000083828,0.108628492,0.418018851
ENSG00000083838,0.079497891,0.489403429
ENSG00000083844,-0.050871372,0.673037167
ENSG00000083845,0.020129609,0.864502409
ENSG00000083857,0.103094643,0.448213366
ENSG00000083896,0.076508433,0.346251571
ENSG00000083937,-0.085937237,0.463434766
ENSG00000084070,0.079424602,0.513576306
ENSG00000084072,0.026389847,0.794883788
ENSG00000084073,-0.132541253,0.135888175
ENSG00000084090,-1.214323665,3.43E-11
ENSG00000084092,0.114585724,0.303001224
ENSG00000084093,-0.121987024,0.195554367
ENSG00000084110,-0.039929706,0.352017384
ENSG00000084112,-0.081408126,0.433259849
ENSG00000084207,0.060079795,0.588030214
ENSG00000084234,-0.054424304,0.619350046
ENSG00000084444,-0.487665026,0.000262068
ENSG00000084463,-0.004473855,0.964110734
ENSG00000084623,-0.006588678,0.940147196
ENSG00000084628,-0.014530534,0.837341571
ENSG00000084636,0.406484432,0.017276246
ENSG00000084652,-0.368591986,0.001077221
ENSG00000084674,-0.771125777,0.009307629
ENSG00000084676,0.024557044,0.824555329
ENSG00000084693,0.128153604,0.225736977
ENSG00000084710,2.315881271,6.27E-05
ENSG00000084731,0.021125647,0.840719115
ENSG00000084733,-6.54E-05,0.999408847
ENSG00000084734,0.005365586,0.947433543
ENSG00000084754,-0.195168682,0.017371628
ENSG00000084764,0.712376075,4.83E-08
ENSG00000084774,-0.21656182,0.072754339
ENSG00000085063,-0.072946487,0.450804493
ENSG00000085117,-1.128848789,5.41E-06
ENSG00000085185,-0.039693807,0.750029931
ENSG00000085224,0.200055983,0.045448997
ENSG00000085231,-0.226832983,0.065699579
ENSG00000085274,0.141736969,0.160464911
ENSG00000085276,0.064981176,0.493385152
ENSG00000085365,0.083786014,0.375343794
ENSG00000085377,-0.512226568,2.10E-08
ENSG00000085382,0.114919461,0.277337967
ENSG00000085415,-0.634152185,2.05E-07
ENSG00000085433,-0.124478108,0.221716772
ENSG00000085449,-0.034772589,0.723007829
ENSG00000085465,-0.315313128,0.04922414
ENSG00000085491,-0.212868525,0.01411773
ENSG00000085511,0.410720282,0.015039343
ENSG00000085514,-0.083743267,0.466881754
ENSG00000085552,0.157888097,0.006158847
ENSG00000085563,0.489309567,0.014556051
ENSG00000085644,0.203320986,0.122496124
ENSG00000085662,0.241975755,0.114503978
ENSG00000085719,-0.397701332,6.28E-06
ENSG00000085721,-0.201991416,0.058760401
ENSG00000085733,-0.035484513,0.632087422
ENSG00000085741,0.047120441,0.534720646
ENSG00000085760,-0.021928643,0.7912593
ENSG00000085788,-0.075575201,0.537171622
ENSG00000085831,0.085990654,0.383267669
ENSG00000085832,-0.131074707,0.233781512
ENSG00000085840,0.03824309,0.709309517
ENSG00000085871,0.080280868,0.53979822
ENSG00000085872,0.008894362,0.91970118
ENSG00000085978,-0.249715193,0.015255979
ENSG00000085982,0.258579423,0.01313141
ENSG00000085998,-0.114861577,0.315947349
ENSG00000085999,0.123480226,0.317567398
ENSG00000086015,0.315489015,0.000731946
ENSG00000086061,0.257846398,0.010474214
ENSG00000086062,0.563528335,8.81E-07
ENSG00000086065,-0.026988518,0.798793673
ENSG00000086102,0.316483297,0.000961702
ENSG00000086189,-0.195323793,0.059073817
ENSG00000086200,0.0228677,0.803640615
ENSG00000086232,-0.071583229,0.315357971
ENSG00000086289,-0.073486356,0.574935178
ENSG00000086300,0.067011443,0.253789519
ENSG00000086475,0.104747446,0.243761966
ENSG00000086504,0.107304835,0.291116747
ENSG00000086544,-0.510831559,0.005577345
ENSG00000086570,-0.056537788,0.614801095
ENSG00000086589,0.058119874,0.5184699
ENSG00000086598,-0.090801981,0.366942267
ENSG00000086619,-0.286419903,0.044547689
ENSG00000086666,0.009476036,0.898613105
ENSG00000086696,0.020360352,0.782680646
ENSG00000086712,0.007462118,0.954920817
ENSG00000086717,-0.105122844,0.029130104
ENSG00000086730,-0.016697367,0.864116534
ENSG00000086758,0.018169937,0.80812064
ENSG00000086827,0.07202377,0.420493196
ENSG00000086848,-0.32485484,0.056296814
ENSG00000086967,0.029895449,0.461751915
ENSG00000086991,0.040838423,0.696885125
ENSG00000087008,0.01910513,0.869964886
ENSG00000087053,-0.069943444,0.492903746
ENSG00000087074,-0.007908087,0.928816278
ENSG00000087076,0.548312336,0.000513648
ENSG00000087077,0.251000614,0.055834357
ENSG00000087085,0.072361449,0.425630054
ENSG00000087086,0.562891701,0.000264561
ENSG00000087087,-0.104253208,0.308606502
ENSG00000087088,0.045334205,0.728461841
ENSG00000087095,0.068816028,0.522987106
ENSG00000087111,-0.093038578,0.397782266
ENSG00000087116,-0.680833473,3.31E-14
ENSG00000087152,-0.109763501,0.29900437
ENSG00000087157,-0.130117318,0.199086459
ENSG00000087191,-0.432634097,0.000506807
ENSG00000087206,-0.023470444,0.824071511
ENSG00000087237,0.094925982,0.362836626
ENSG00000087245,0.184868429,0.108147311
ENSG00000087250,-0.016031613,0.765289276
ENSG00000087253,0.151138406,0.225332214
ENSG00000087258,0.0332403,0.595048548
ENSG00000087263,-0.136420094,0.229644404
ENSG00000087266,0.744275096,1.20E-07
ENSG00000087269,-0.199520213,0.029131059
ENSG00000087274,-0.175542041,0.015177142
ENSG00000087299,0.03658845,0.779127577
ENSG00000087301,-0.286478351,0.057911684
ENSG00000087302,-0.022018731,0.818510055
ENSG00000087303,-0.306600695,0.063468898
ENSG00000087338,-0.39574657,0.001021868
ENSG00000087365,-0.065251455,0.358466075
ENSG00000087448,-1.02998054,1.30E-16
ENSG00000087460,0.05420713,0.631277454
ENSG00000087470,-0.247890417,0.003903211
ENSG00000087494,-0.199772165,0.13907201
ENSG00000087502,-0.155925674,0.150691986
ENSG00000087510,-0.062728016,0.403616882
ENSG00000087586,0.137152702,0.323446104
ENSG00000087589,-0.175218183,0.222230618
ENSG00000087842,0.316333261,0.06376603
ENSG00000087884,-0.342346285,0.020958454
ENSG00000087903,0.549615534,0.003617245
ENSG00000087995,-0.032017277,0.741310847
ENSG00000088002,0.029027644,0.617954236
ENSG00000088035,0.139800114,0.25815175
ENSG00000088038,-0.1416808,0.160773678
ENSG00000088179,0.399907294,0.00107004
ENSG00000088205,-0.137555249,0.114061845
ENSG00000088247,0.036845749,0.725708212
ENSG00000088256,-0.192936186,0.031439271
ENSG00000088280,0.016831823,0.879567978
ENSG00000088298,-0.017476027,0.874423417
ENSG00000088305,0.396612676,0.036967499
ENSG00000088320,-0.12620946,0.020807906
ENSG00000088325,0.732692131,9.57E-05
ENSG00000088340,-0.090774953,0.494966937
ENSG00000088356,-0.061564537,0.532199797
ENSG00000088367,0.114347219,0.321988527
ENSG00000088387,-0.098533382,0.462059758
ENSG00000088448,0.026269291,0.835675383
ENSG00000088451,-0.063096503,0.604935132
ENSG00000088538,0.221416933,0.142881893
ENSG00000088543,-0.040720204,0.673899668
ENSG00000088682,0.156387334,0.179751051
ENSG00000088727,-0.156774102,0.266493835
ENSG00000088756,1.161068362,0.001112686
ENSG00000088766,-0.527384931,1.74E-05
ENSG00000088808,0.262984906,0.083928497
ENSG00000088812,-0.064553317,0.476606298
ENSG00000088826,0.659525506,0.000452107
ENSG00000088827,0.017833777,0.779699746
ENSG00000088832,-0.093093569,0.219710322
ENSG00000088833,0.169856425,0.035101284
ENSG00000088836,-0.147065652,0.291257962
ENSG00000088854,-0.29800766,0.000640422
ENSG00000088876,-0.293291703,0.005564534
ENSG00000088881,0.00992072,0.935458607
ENSG00000088882,0.262043367,0.084737848
ENSG00000088888,-0.455832538,0.00086825
ENSG00000088899,0.02709662,0.828597616
ENSG00000088930,0.061901703,0.46517079
ENSG00000088970,0.041541547,0.742386139
ENSG00000088986,0.026581939,0.826798608
ENSG00000089006,-0.364151051,0.001372501
ENSG00000089009,0.054413534,0.598012784
ENSG00000089022,-0.123066847,0.177944651
ENSG00000089041,1.831445403,4.13E-11
ENSG00000089048,-0.107447009,0.349900896
ENSG00000089050,0.413028337,0.00029888
ENSG00000089053,0.001923155,0.983005118
ENSG00000089057,0.252327519,0.01722985
ENSG00000089060,-0.380688835,0.015940824
ENSG00000089063,-0.004978987,0.965050285
ENSG00000089091,0.026838375,0.838527146
ENSG00000089094,0.122723808,0.28916361
ENSG00000089123,-0.648755828,5.08E-06
ENSG00000089127,0.233373138,0.040264438
ENSG00000089154,-0.101149417,0.352124719
ENSG00000089157,-0.038751876,0.745010856
ENSG00000089159,0.189582304,0.1297497
ENSG00000089163,0.204415495,0.153272139
ENSG00000089177,0.17136154,0.10620418
ENSG00000089195,-0.095217003,0.445747403
ENSG00000089199,0.016566983,0.763694641
ENSG00000089220,-0.158050638,0.040747265
ENSG00000089225,0.308362303,0.030347728
ENSG00000089234,-0.114577219,0.296815663
ENSG00000089248,0.174273851,0.016634801
ENSG00000089280,-0.024147926,0.850645937
ENSG00000089289,-0.082678215,0.380922781
ENSG00000089327,0.204320095,0.102514991
ENSG00000089335,0.136799288,0.264575738
ENSG00000089351,0.053809251,0.655449298
ENSG00000089472,0.170230227,0.197960938
ENSG00000089486,0.158444246,0.10854495
ENSG00000089505,0.180767885,0.213433644
ENSG00000089597,-0.090510851,0.323363409
ENSG00000089639,0.09608387,0.458035089
ENSG00000089682,0.174911307,0.157995086
ENSG00000089685,-0.063803959,0.57272093
ENSG00000089692,0.037362078,0.671413646
ENSG00000089693,0.061532799,0.574721458
ENSG00000089723,0.426082205,0.015950804
ENSG00000089737,0.204180189,0.030746207
ENSG00000089775,-0.104432417,0.318952435
ENSG00000089818,-0.02726069,0.760274518
ENSG00000089820,0.155250045,0.26404274
ENSG00000089847,0.002467873,0.986176417
ENSG00000089876,0.044349036,0.694922527
ENSG00000089902,0.026981998,0.798642788
ENSG00000089916,-0.098709013,0.295235201
ENSG00000090006,0.145864362,0.103590807
ENSG00000090013,0.194471763,0.109477002
ENSG00000090020,0.242229113,0.025643921
ENSG00000090054,0.012557823,0.877396941
ENSG00000090060,0.025833623,0.787240087
ENSG00000090061,-0.130796184,0.123461453
ENSG00000090097,0.224443209,0.029105091
ENSG00000090238,-0.333093135,0.003211364
ENSG00000090263,0.083020891,0.43347855
ENSG00000090266,-0.055087267,0.637519678
ENSG00000090273,-0.205953004,0.027870907
ENSG00000090316,0.023017513,0.771652134
ENSG00000090339,-0.123121522,0.357031819
ENSG00000090372,-0.106102161,0.176483193
ENSG00000090376,-0.851449314,8.61E-05
ENSG00000090432,-0.153376171,0.182857269
ENSG00000090447,0.23908887,0.056302887
ENSG00000090470,0.0052972,0.965368904
ENSG00000090487,-0.069004345,0.368233415
ENSG00000090520,-0.077163152,0.56964039
ENSG00000090530,0.144225096,0.294176572
ENSG00000090534,0.038853357,0.690238822
ENSG00000090539,-0.031836519,0.805316621
ENSG00000090554,-0.008100243,0.913264134
ENSG00000090565,-0.444421797,0.000418116
ENSG00000090581,0.137651873,0.160162769
ENSG00000090612,0.128201615,0.334961917
ENSG00000090615,-0.080776451,0.398796574
ENSG00000090621,0.002619667,0.98313221
ENSG00000090661,0.041956164,0.577131398
ENSG00000090674,-0.211502466,0.045293348
ENSG00000090686,-0.104846413,0.315006388
ENSG00000090776,0.44083305,0.016753157
ENSG00000090857,0.00507117,0.970866144
ENSG00000090861,0.543304072,2.11E-05
ENSG00000090863,0.117712662,0.237187202
ENSG00000090889,0.17823139,0.207985751
ENSG00000090905,-0.103785952,0.291517536
ENSG00000090920,0.037778872,0.728712865
ENSG00000090924,-0.111208187,0.396711397
ENSG00000090932,0.046542717,0.456127953
ENSG00000090971,-0.09508947,0.443754492
ENSG00000090975,-0.147170637,0.28995907
ENSG00000090989,0.018818132,0.80721695
ENSG00000091009,-0.055861139,0.498092455
ENSG00000091039,0.059335285,0.653003345
ENSG00000091073,-0.089290071,0.425295338
ENSG00000091106,-0.006379224,0.944197032
ENSG00000091127,-0.303344303,0.068545389
ENSG00000091128,-0.253563977,0.040551586
ENSG00000091129,0.002467797,0.971960742
ENSG00000091136,-0.711725149,1.37E-09
ENSG00000091137,0.00520291,0.953697549
ENSG00000091140,-0.018575896,0.806667609
ENSG00000091157,0.074489585,0.388032401
ENSG00000091164,0.23984302,0.002641822
ENSG00000091262,0.916001818,3.68E-05
ENSG00000091317,-0.60216932,6.62E-09
ENSG00000091409,-0.166994384,0.186665848
ENSG00000091428,0.952001317,0.000276365
ENSG00000091436,0.077880076,0.379880202
ENSG00000091483,-0.287470827,0.018590071
ENSG00000091490,0.32203925,0.04980545
ENSG00000091513,0.034437497,0.672920292
ENSG00000091527,-0.741588181,1.07E-12
ENSG00000091536,0.177981876,0.218694139
ENSG00000091542,0.034123647,0.702354232
ENSG00000091592,0.163728743,0.085413035
ENSG00000091622,0.602070774,0.006558396
ENSG00000091640,-0.103190389,0.395073477
ENSG00000091651,0.225454836,0.132751564
ENSG00000091656,0.131911148,0.319077159
ENSG00000091704,0.06645388,0.337326625
ENSG00000091732,0.015931353,0.875394115
ENSG00000091831,0.913007269,0.002914842
ENSG00000091844,0.341984503,0.053979177
ENSG00000091879,0.021193733,0.663906351
ENSG00000091947,0.091036946,0.396877287
ENSG00000091972,0.074922553,0.474166424
ENSG00000091986,-0.047513642,0.704318047
ENSG00000092009,-0.00662539,0.893977711
ENSG00000092010,0.092102679,0.251038149
ENSG00000092020,-0.071094871,0.588469396
ENSG00000092036,-0.110363476,0.399953851
ENSG00000092068,-0.645443262,0.004949911
ENSG00000092094,0.24979546,0.013238665
ENSG00000092096,0.125505169,0.342128618
ENSG00000092098,0.023093312,0.824119167
ENSG00000092108,0.018968045,0.821456993
ENSG00000092140,-0.200986473,0.038344223
ENSG00000092148,0.056225762,0.642487584
ENSG00000092199,-0.048645156,0.514796556
ENSG00000092200,-0.023751982,0.782371926
ENSG00000092201,0.029221553,0.630913664
ENSG00000092203,-0.000755523,0.989539713
ENSG00000092208,-0.035432657,0.782841947
ENSG00000092295,0.036568613,0.747791702
ENSG00000092330,0.093380801,0.262859246
ENSG00000092421,0.047437234,0.690736955
ENSG00000092439,-0.077566166,0.474755549
ENSG00000092445,0.395238096,0.005641077
ENSG00000092470,0.244866744,0.086188301
ENSG00000092529,-0.072035465,0.529279695
ENSG00000092531,-0.053602731,0.64397397
ENSG00000092607,0.022967174,0.703520834
ENSG00000092621,1.33055789,1.21E-07
ENSG00000092758,0.074221725,0.378136785
ENSG00000092820,-0.024045642,0.845778837
ENSG00000092841,-0.625417503,6.18E-06
ENSG00000092847,0.213217615,0.016161316
ENSG00000092850,-0.031918932,0.582095206
ENSG00000092853,0.897003606,0.001528861
ENSG00000092871,0.07319542,0.510641665
ENSG00000092929,-0.158421222,0.234470987
ENSG00000092931,0.16326269,0.233525517
ENSG00000092964,0.205337729,0.064348144
ENSG00000092969,1.474574262,5.22E-08
ENSG00000092978,-0.062203794,0.520675236
ENSG00000093000,-0.335172472,0.006101903
ENSG00000093009,0.020805386,0.806991466
ENSG00000093010,-0.213344301,0.047792442
ENSG00000093072,0.358008984,0.014131833
ENSG00000093100,0.099222327,0.063906894
ENSG00000093134,0.089779506,0.154072613
ENSG00000093144,-0.694771632,5.96E-09
ENSG00000093167,-0.69150743,1.08E-09
ENSG00000093183,-0.495363396,0.000108561
ENSG00000093217,0.813935203,0.000218798
ENSG00000094631,0.082108345,0.40447151
ENSG00000094804,-0.039642104,0.734423398
ENSG00000094841,0.001821929,0.98885665
ENSG00000094880,0.103060471,0.343040624
ENSG00000094914,0.013112959,0.898277663
ENSG00000094916,0.535162735,4.06E-08
ENSG00000094963,-0.118516414,0.254280535
ENSG00000094975,0.058662878,0.576445047
ENSG00000095002,0.342201042,0.019642526
ENSG00000095015,0.250529215,0.082188309
ENSG00000095059,-0.084608814,0.350197812
ENSG00000095066,0.28524123,0.014075646
ENSG00000095139,-0.171721895,0.013907773
ENSG00000095203,0.047744349,0.697576332
ENSG00000095209,0.221810216,0.09562887
ENSG00000095261,0.150693372,0.080586929
ENSG00000095303,-0.38024454,0.041414295
ENSG00000095319,0.270350615,0.006507387
ENSG00000095321,-0.140743454,0.105741156
ENSG00000095370,-0.021816996,0.708531652
ENSG00000095380,-0.325814146,0.001726381
ENSG00000095383,-0.380079684,0.022059542
ENSG00000095397,0.621192336,0.001270386
ENSG00000095464,-0.114316297,0.199851125
ENSG00000095485,-0.1953632,0.138489532
ENSG00000095539,-0.144735218,0.273547758
ENSG00000095564,-0.135664752,0.179315778
ENSG00000095574,0.016125328,0.889438942
ENSG00000095585,2.084672699,0.000368569
ENSG00000095587,0.030739733,0.675635379
ENSG00000095637,-1.756599704,1.57E-07
ENSG00000095739,-0.120432886,0.348480616
ENSG00000095752,-0.030629948,0.788702523
ENSG00000095787,-0.11422005,0.155254095
ENSG00000095794,0.146736657,0.203635638
ENSG00000095906,-0.028534721,0.809776613
ENSG00000095951,0.436525376,0.003164302
ENSG00000096060,-3.892307968,4.48E-40
ENSG00000096063,-0.232105097,0.003327955
ENSG00000096070,-0.071586076,0.48676689
ENSG00000096080,0.092464646,0.446338989
ENSG00000096092,-0.302032563,0.039100267
ENSG00000096093,0.035899436,0.744226399
ENSG00000096384,0.357898817,1.34E-08
ENSG00000096401,-0.15508427,0.072528154
ENSG00000096433,-0.091138656,0.461194742
ENSG00000096654,0.569973254,6.45E-05
ENSG00000096696,-0.040669904,0.466546762
ENSG00000096717,-0.163062799,0.088494077
ENSG00000096746,-0.014148303,0.907676325
ENSG00000096872,0.006849718,0.957649774
ENSG00000096968,-0.730551081,2.94E-05
ENSG00000097007,0.088077448,0.395659297
ENSG00000097021,0.039631332,0.662929596
ENSG00000097033,-0.354397757,0.006564981
ENSG00000097046,0.138404257,0.315073556
ENSG00000097096,-1.205936256,3.46E-07
ENSG00000099139,0.44023086,0.002124585
ENSG00000099194,1.834972224,6.93E-07
ENSG00000099203,0.145143884,0.256917212
ENSG00000099204,-1.333483173,2.98E-09
ENSG00000099219,-0.2815437,0.016701841
ENSG00000099246,-0.14579679,0.042434103
ENSG00000099250,0.080684403,0.531394879
ENSG00000099251,0.012383155,0.922589599
ENSG00000099256,0.368593214,0.001828429
ENSG00000099260,0.627305476,0.010527779
ENSG00000099284,0.160589426,0.256578987
ENSG00000099290,-0.098286895,0.36635742
ENSG00000099308,-0.276050331,0.02947676
ENSG00000099326,0.348396215,0.003012542
ENSG00000099330,-0.238689501,0.061997788
ENSG00000099331,0.090426703,0.415707655
ENSG00000099337,-2.709682063,1.46E-14
ENSG00000099338,-0.158151041,0.150095027
ENSG00000099341,-0.292411791,0.000889567
ENSG00000099364,-0.01718837,0.885538097
ENSG00000099365,0.598799842,0.000109362
ENSG00000099377,-0.057979056,0.656743587
ENSG00000099381,0.018763781,0.836618949
ENSG00000099385,-0.005163449,0.960538876
ENSG00000099622,0.315011515,0.00028364
ENSG00000099624,-0.072588899,0.491930325
ENSG00000099625,-0.193271035,0.181084144
ENSG00000099725,0.02189215,0.682368626
ENSG00000099769,-0.001834829,0.975896764
ENSG00000099783,-0.152339677,0.22668403
ENSG00000099785,-0.402776316,0.00540682
ENSG00000099795,0.012588915,0.912286516
ENSG00000099797,0.029534768,0.750899534
ENSG00000099800,-0.131886146,0.275945478
ENSG00000099804,-0.007987868,0.935113434
ENSG00000099810,-0.173031766,0.078353216
ENSG00000099812,-0.015990337,0.763418833
ENSG00000099814,0.024080057,0.833812717
ENSG00000099817,0.02281264,0.785878249
ENSG00000099821,-0.211042856,0.092607379
ENSG00000099822,-0.25124346,0.107355276
ENSG00000099834,0.050124849,0.574297232
ENSG00000099840,-0.849641876,0.000720252
ENSG00000099849,-0.998929884,0.000557602
ENSG00000099860,-1.413505239,3.15E-16
ENSG00000099864,-0.007376666,0.930485238
ENSG00000099866,-0.071035466,0.510816097
ENSG00000099869,-0.193220575,0.130592216
ENSG00000099875,-0.249958055,0.067596885
ENSG00000099889,0.218912464,0.135993046
ENSG00000099899,0.101366931,0.356536646
ENSG00000099901,0.036641044,0.73526857
ENSG00000099904,-0.273355853,0.005048231
ENSG00000099910,0.06433847,0.5497945
ENSG00000099917,-0.062271661,0.394610479
ENSG00000099940,0.111744934,0.196575145
ENSG00000099942,-0.039630599,0.648172085
ENSG00000099949,-0.219133144,0.056228797
ENSG00000099953,0.461801155,0.009286828
ENSG00000099956,0.239049001,0.010098429
ENSG00000099957,0.21024821,0.120638102
ENSG00000099958,-0.025277494,0.642262074
ENSG00000099960,0.057037224,0.540327682
ENSG00000099968,-0.008815317,0.933206046
ENSG00000099974,-0.374365963,0.003265165
ENSG00000099977,-0.348990031,0.004796844
ENSG00000099984,-0.029051753,0.706790218
ENSG00000099991,-0.088790389,0.434225203
ENSG00000099992,-0.214137786,0.094984967
ENSG00000099994,-0.045562957,0.496975035
ENSG00000099995,-0.170731238,0.058314046
ENSG00000099998,-0.258608625,0.004240024
ENSG00000099999,-0.097028594,0.318189609
ENSG00000100003,-0.402649584,0.016595488
ENSG00000100014,-0.443808036,0.000202962
ENSG00000100023,0.113224547,0.265049132
ENSG00000100024,-0.086774715,0.085359315
ENSG00000100027,-0.118809151,0.377544805
ENSG00000100028,0.056452643,0.616844795
ENSG00000100029,-0.128156149,0.198553426
ENSG00000100030,-0.054514501,0.443320614
ENSG00000100031,0.048394724,0.710092424
ENSG00000100033,-4.799303319,1.99E-15
ENSG00000100034,0.281633686,0.030226397
ENSG00000100036,-0.294486832,0.065056301
ENSG00000100038,-0.118436645,0.356840978
ENSG00000100056,-0.044653473,0.639326342
ENSG00000100058,0.051656832,0.68236425
ENSG00000100065,0.250268817,0.108150967
ENSG00000100068,0.016465761,0.885931524
ENSG00000100075,-0.229383689,0.039022429
ENSG00000100077,0.101359604,0.454331813
ENSG00000100079,-0.01340689,0.906481147
ENSG00000100083,0.043582273,0.663774839
ENSG00000100084,-0.096387478,0.404412738
ENSG00000100092,0.874908087,1.33E-05
ENSG00000100097,0.151893925,0.079031047
ENSG00000100099,0.337026473,6.66E-05
ENSG00000100100,-0.02671228,0.839561235
ENSG00000100101,0.037514263,0.762457187
ENSG00000100104,0.023759226,0.845698666
ENSG00000100105,0.174670927,0.113566558
ENSG00000100106,0.206866432,0.125103398
ENSG00000100109,-0.020276385,0.836843781
ENSG00000100116,-0.718731257,6.04E-07
ENSG00000100121,-0.052702351,0.546861469
ENSG00000100124,0.001466138,0.991025741
ENSG00000100129,0.068222026,0.531734959
ENSG00000100138,-0.0621961,0.52595611
ENSG00000100139,0.023028403,0.856984982
ENSG00000100142,-0.216617692,0.040835312
ENSG00000100147,0.246396601,0.110270349
ENSG00000100150,0.208006251,0.108748065
ENSG00000100151,0.11928,0.379559951
ENSG00000100154,0.733911785,1.41E-09
ENSG00000100156,-0.007206749,0.905067637
ENSG00000100162,0.059515817,0.503858924
ENSG00000100167,0.131360644,0.156971102
ENSG00000100181,0.02165429,0.739360608
ENSG00000100196,-0.17398225,0.016958554
ENSG00000100197,0.312047014,0.064065795
ENSG00000100201,-0.025633183,0.755910554
ENSG00000100206,-1.6997239,7.45E-06
ENSG00000100207,0.200677075,0.017346189
ENSG00000100209,0.314178199,0.017488866
ENSG00000100211,0.086534872,0.465746843
ENSG00000100216,0.02606837,0.820592323
ENSG00000100219,0.066703283,0.556747391
ENSG00000100220,0.05244217,0.523601127
ENSG00000100221,-0.340656121,0.003425643
ENSG00000100225,-0.024660674,0.764269359
ENSG00000100226,-0.067584046,0.50003421
ENSG00000100227,0.124692541,0.133731596
ENSG00000100228,0.082135735,0.532009963
ENSG00000100234,0.569381299,0.000804284
ENSG00000100239,-0.075880129,0.369421304
ENSG00000100241,-0.134454995,0.110004048
ENSG00000100242,-1.832128244,2.81E-12
ENSG00000100243,-0.194146514,0.063281744
ENSG00000100246,0.076251328,0.511410163
ENSG00000100249,0.077082485,0.249494719
ENSG00000100258,-0.051498436,0.565326977
ENSG00000100263,0.048724996,0.667743081
ENSG00000100266,-0.541015919,1.50E-07
ENSG00000100271,0.252805636,0.036102975
ENSG00000100280,0.102534594,0.364119999
ENSG00000100281,-0.007707674,0.928173053
ENSG00000100284,-0.091570504,0.464636432
ENSG00000100285,-0.025703754,0.70849654
ENSG00000100288,0.003584323,0.968941172
ENSG00000100292,1.226327418,4.38E-07
ENSG00000100294,-0.189364794,0.110678844
ENSG00000100296,-0.093570175,0.481832093
ENSG00000100297,-0.254101931,0.055877004
ENSG00000100299,0.020273231,0.874187397
ENSG00000100300,-0.161266197,0.183923589
ENSG00000100302,1.761325834,1.13E-05
ENSG00000100304,-0.395945903,0.024921322
ENSG00000100307,-0.219473597,0.104983272
ENSG00000100314,-0.010108872,0.883125726
ENSG00000100316,0.043888131,0.71351771
ENSG00000100319,0.146957848,0.197974233
ENSG00000100320,0.333000566,7.94E-05
ENSG00000100321,0.089832428,0.448675893
ENSG00000100324,0.058625959,0.561904507
ENSG00000100325,0.108229457,0.186696319
ENSG00000100330,0.15043755,0.097668471
ENSG00000100335,-0.170888632,0.049413669
ENSG00000100336,0.033768607,0.576117439
ENSG00000100341,0.029199714,0.540926554
ENSG00000100342,0.095753386,0.474387564
ENSG00000100344,-0.026125323,0.783870462
ENSG00000100345,-0.187655633,0.154821132
ENSG00000100346,-0.007012123,0.885092407
ENSG00000100347,-0.003884614,0.972062026
ENSG00000100348,0.042953581,0.640695932
ENSG00000100350,0.395037528,0.003837421
ENSG00000100353,-0.004257466,0.952535712
ENSG00000100354,0.325506307,1.68E-05
ENSG00000100359,-0.082239575,0.466251647
ENSG00000100360,0.437457686,1.91E-06
ENSG00000100364,0.244339593,0.090455022
ENSG00000100372,-0.101323291,0.36890951
ENSG00000100376,0.306035695,0.064647411
ENSG00000100379,-0.039950915,0.706176228
ENSG00000100380,0.254894064,0.000767093
ENSG00000100385,0.104575381,0.197471034
ENSG00000100387,-0.132756061,0.299924079
ENSG00000100393,-0.146196584,0.061656508
ENSG00000100395,0.140352695,0.22123428
ENSG00000100399,0.351016141,0.050190779
ENSG00000100401,-0.310671839,0.011973362
ENSG00000100403,-0.028915646,0.799820322
ENSG00000100410,-0.125721551,0.254490351
ENSG00000100412,-0.081203968,0.366839221
ENSG00000100413,-0.029027103,0.778085176
ENSG00000100416,-0.150943432,0.232881197
ENSG00000100417,-0.221509602,0.018860903
ENSG00000100418,-0.114895482,0.193710053
ENSG00000100422,-0.070340929,0.551566895
ENSG00000100425,0.006300338,0.948734444
ENSG00000100426,-0.079839881,0.497716242
ENSG00000100427,0.012725837,0.869994482
ENSG00000100429,-0.146837125,0.270859247
ENSG00000100439,0.191985286,0.056560735
ENSG00000100441,-0.229093056,0.018452569
ENSG00000100442,-0.02071781,0.853028898
ENSG00000100445,0.201197154,0.123378821
ENSG00000100461,0.219680903,0.013400515
ENSG00000100462,-0.078344923,0.43985026
ENSG00000100473,-0.000155507,0.995843965
ENSG00000100478,-0.037930658,0.770124516
ENSG00000100479,0.239485533,0.114529337
ENSG00000100483,0.003301364,0.980908965
ENSG00000100485,-0.438945644,0.001150043
ENSG00000100490,-0.333240649,0.033975267
ENSG00000100503,-0.032327592,0.732145222
ENSG00000100504,-0.111698444,0.2603907
ENSG00000100505,0.037857446,0.686870083
ENSG00000100519,-0.008323273,0.930730686
ENSG00000100522,-0.215445401,0.036083065
ENSG00000100523,0.243488704,0.013468082
ENSG00000100526,-0.167334353,0.218860717
ENSG00000100528,-0.395344035,0.000746681
ENSG00000100532,-0.170392764,0.130689989
ENSG00000100554,-0.192415945,0.019501709
ENSG00000100558,-0.088750241,0.355143683
ENSG00000100564,-0.095115829,0.403456117
ENSG00000100567,-0.086841271,0.424650443
ENSG00000100568,-0.11313521,0.145157366
ENSG00000100575,0.14758192,0.254408773
ENSG00000100577,0.328517258,0.002741031
ENSG00000100578,0.327176515,0.001762065
ENSG00000100580,-0.249220782,0.022357689
ENSG00000100583,0.050901944,0.673780824
ENSG00000100591,-0.128621873,0.162559349
ENSG00000100592,0.940385143,5.34E-08
ENSG00000100593,0.028415676,0.569841194
ENSG00000100596,-0.049350718,0.592330442
ENSG00000100599,0.289148841,0.015201065
ENSG00000100600,-0.455053298,9.48E-05
ENSG00000100601,-0.201631675,0.135643875
ENSG00000100603,0.007108433,0.930615424
ENSG00000100605,-0.413451522,0.000438817
ENSG00000100612,-0.159563391,0.084208483
ENSG00000100614,-0.174367011,0.082976518
ENSG00000100625,0.201762517,0.144635929
ENSG00000100626,0.946601033,2.80E-10
ENSG00000100628,-0.191401852,0.088325391
ENSG00000100629,-0.040506255,0.754373215
ENSG00000100632,0.096701485,0.413205325
ENSG00000100644,-0.454336404,0.006177627
ENSG00000100647,-0.605004474,2.00E-05
ENSG00000100650,-0.072881394,0.372027922
ENSG00000100664,0.099712102,0.280227665
ENSG00000100678,-0.0077617,NA
ENSG00000100697,-0.147230849,0.163489491
ENSG00000100711,0.089410989,0.46873791
ENSG00000100714,-0.272938466,0.003489011
ENSG00000100722,0.065697707,0.4252684
ENSG00000100726,-0.128756024,0.287289205
ENSG00000100731,0.105599101,0.280407017
ENSG00000100739,1.610473021,5.00E-07
ENSG00000100744,-0.020448183,0.86685768
ENSG00000100749,-0.126240612,0.333488538
ENSG00000100764,-0.074147674,0.323528585
ENSG00000100767,-0.908721283,0.000422932
ENSG00000100784,2.384168445,4.43E-17
ENSG00000100796,0.187154952,0.04206008
ENSG00000100802,0.355274114,0.005744926
ENSG00000100804,0.010636882,0.904557885
ENSG00000100811,-0.081011702,0.308806923
ENSG00000100813,0.271505764,0.002961658
ENSG00000100814,-0.035482631,0.759885843
ENSG00000100815,0.025324543,0.797678125
ENSG00000100823,0.238247674,0.06715879
ENSG00000100836,0.045509461,0.684971306
ENSG00000100842,0.498919433,0.006452867
ENSG00000100852,-0.087312669,0.356311749
ENSG00000100865,0.111250047,0.310512967
ENSG00000100867,-0.070723269,0.116536408
ENSG00000100883,-0.098225852,0.294366452
ENSG00000100888,0.047880725,0.532870917
ENSG00000100889,0.116633163,0.326909027
ENSG00000100890,-0.02361652,0.709632078
ENSG00000100897,-0.147307103,0.087087473
ENSG00000100902,0.109735198,0.417221143
ENSG00000100906,-0.742416038,2.96E-05
ENSG00000100908,-0.009151303,0.942233673
ENSG00000100911,0.335246549,0.008513599
ENSG00000100916,-0.206160032,0.10544908
ENSG00000100918,0.329234134,0.05800996
ENSG00000100926,-0.075620589,0.547999349
ENSG00000100934,-0.027660346,0.767040487
ENSG00000100938,-0.121636783,0.183417159
ENSG00000100941,-0.036009855,0.661094173
ENSG00000100949,0.090360774,0.372557993
ENSG00000100968,0.410396908,0.005827313
ENSG00000100979,0.22391324,0.097634062
ENSG00000100982,0.011242045,0.908766328
ENSG00000100983,0.270586712,0.030390596
ENSG00000100991,-0.000184935,0.997448732
ENSG00000100994,-0.56386563,8.89E-10
ENSG00000100997,-0.226544824,0.018876932
ENSG00000101000,0.239066615,0.07528496
ENSG00000101003,0.05645596,0.634931233
ENSG00000101004,0.546585483,5.33E-07
ENSG00000101017,-0.200793392,0.133282476
ENSG00000101019,0.014045758,0.861518577
ENSG00000101040,0.193736743,0.089448377
ENSG00000101049,0.208099592,0.090947883
ENSG00000101052,0.070765454,0.344190991
ENSG00000101057,0.018705427,0.827302997
ENSG00000101079,0.406455099,0.009554173
ENSG00000101082,-0.035947798,0.438024107
ENSG00000101084,-0.096263578,0.418177756
ENSG00000101096,0.117380212,0.154095957
ENSG00000101098,0.529650747,0.01963876
ENSG00000101104,0.056913252,0.666878748
ENSG00000101109,0.193865626,0.067248345
ENSG00000101115,0.074190604,0.360810084
ENSG00000101126,0.218174664,0.008664345
ENSG00000101132,0.011382947,0.922713002
ENSG00000101134,0.706715358,0.004119837
ENSG00000101138,0.055214135,0.651329331
ENSG00000101146,0.086504068,0.352178026
ENSG00000101150,-0.283256235,0.000231825
ENSG00000101152,-0.157275402,0.03144082
ENSG00000101158,-0.005590074,0.951038926
ENSG00000101160,-0.104073687,0.354113889
ENSG00000101161,-0.067862678,0.406206683
ENSG00000101162,-0.016506531,0.778226072
ENSG00000101166,-0.111464258,0.200832022
ENSG00000101181,-0.02061156,0.859123286
ENSG00000101182,-0.244521542,0.022928198
ENSG00000101187,0.232361759,0.079811544
ENSG00000101189,-0.189741762,0.078068323
ENSG00000101190,-0.10410786,0.332103713
ENSG00000101191,-0.009915208,0.893682392
ENSG00000101193,-0.019477958,0.853827852
ENSG00000101194,0.066765355,0.60903215
ENSG00000101199,0.010081673,0.931237683
ENSG00000101210,0.021646617,0.804629576
ENSG00000101213,0.054030756,0.535343696
ENSG00000101216,0.023983219,0.804254705
ENSG00000101220,-0.118339973,0.330769207
ENSG00000101222,-0.005657717,0.939417464
ENSG00000101224,0.463019295,0.005109808
ENSG00000101230,-0.174778977,0.12566517
ENSG00000101236,-0.344884308,0.029898902
ENSG00000101246,0.245133447,0.019679244
ENSG00000101247,-0.026281022,0.82522107
ENSG00000101255,0.968610851,5.36E-05
ENSG00000101265,0.756898875,0.006359745
ENSG00000101266,0.054077912,0.552764577
ENSG00000101278,-0.151312093,0.17936568
ENSG00000101280,0.025007501,0.576450525
ENSG00000101290,-0.710455254,7.27E-08
ENSG00000101294,-0.054666338,0.514253097
ENSG00000101298,0.171829273,0.167917087
ENSG00000101307,-0.03194347,0.795727097
ENSG00000101310,0.040071512,0.696076846
ENSG00000101311,0.212402905,0.158690549
ENSG00000101333,-0.438770639,0.025428029
ENSG00000101335,-0.218286781,0.147099109
ENSG00000101337,0.050011532,0.524619116
ENSG00000101342,-4.060370409,1.70E-16
ENSG00000101343,-0.166230692,0.069038643
ENSG00000101346,0.021200595,0.822076497
ENSG00000101347,-3.815424228,2.64E-43
ENSG00000101350,-0.134406266,0.06684055
ENSG00000101353,0.287111447,0.070403345
ENSG00000101361,-0.185691196,0.10412269
ENSG00000101363,-0.152145188,0.149086993
ENSG00000101365,-0.078133225,0.382486451
ENSG00000101367,-0.244362134,0.005174916
ENSG00000101384,0.490840339,2.64E-05
ENSG00000101391,-0.135445614,0.204876925
ENSG00000101400,-0.176394266,0.175853232
ENSG00000101407,0.127476938,0.195117996
ENSG00000101412,-0.080126565,0.530083182
ENSG00000101413,-0.014267986,0.861344823
ENSG00000101417,0.343672089,0.020544148
ENSG00000101421,-0.079208343,0.359863997
ENSG00000101425,0.16681868,0.094984826
ENSG00000101439,-0.326061832,0.001668283
ENSG00000101442,0.026137368,0.838825304
ENSG00000101444,-0.057886861,0.636929299
ENSG00000101447,-0.072463828,0.219172707
ENSG00000101452,-0.225017056,0.032304302
ENSG00000101457,0.243317191,0.043148867
ENSG00000101460,-0.541035632,1.95E-05
ENSG00000101464,0.095188839,0.379529127
ENSG00000101470,0.319663359,0.057545919
ENSG00000101473,0.14845947,0.146345909
ENSG00000101474,-0.238269259,0.007902124
ENSG00000101489,0.044397711,0.439956149
ENSG00000101493,0.099438202,0.299102865
ENSG00000101542,0.055857325,0.357752438
ENSG00000101544,-0.055130153,0.510823408
ENSG00000101546,0.075535355,0.543145969
ENSG00000101557,-0.216987439,0.006008533
ENSG00000101558,-0.472094841,1.49E-05
ENSG00000101574,-0.029125888,0.804875472
ENSG00000101577,0.094521607,0.419739603
ENSG00000101596,-0.021731061,0.804983577
ENSG00000101605,-0.213497166,0.146646715
ENSG00000101608,-0.800022051,4.05E-08
ENSG00000101624,-0.157433261,0.249808317
ENSG00000101638,-0.057147773,0.343613222
ENSG00000101639,0.022095541,0.826833165
ENSG00000101654,0.091972451,0.283538794
ENSG00000101665,-0.262777109,0.016592493
ENSG00000101680,0.05368214,0.682850941
ENSG00000101695,0.04935605,0.52003522
ENSG00000101745,-0.110653841,0.30735845
ENSG00000101751,-0.059148792,0.506507782
ENSG00000101752,-0.099423787,0.297654654
ENSG00000101773,-0.218584087,0.082213539
ENSG00000101782,-0.491061845,0.00015383
ENSG00000101811,-0.005194176,0.9648442
ENSG00000101825,1.245028065,3.57E-07
ENSG00000101842,0.023773993,0.622578819
ENSG00000101843,0.360052942,0.000900828
ENSG00000101844,0.128915438,0.31382064
ENSG00000101846,-0.106204154,0.419455566
ENSG00000101849,0.025424489,0.853537096
ENSG00000101856,0.159453871,0.139141035
ENSG00000101868,0.076242709,0.549355053
ENSG00000101871,0.363307269,0.011293085
ENSG00000101882,0.02337479,0.810846924
ENSG00000101888,0.038593561,0.72970451
ENSG00000101898,0.047511944,0.613704143
ENSG00000101901,-0.012160044,0.906489709
ENSG00000101911,-0.208783119,0.049323198
ENSG00000101928,-0.272376641,0.045499839
ENSG00000101935,-0.042290441,0.737490062
ENSG00000101938,-0.773507536,0.004961571
ENSG00000101940,-0.061670872,0.511428599
ENSG00000101945,-0.061937942,0.636067957
ENSG00000101955,-0.850833642,1.92E-06
ENSG00000101958,-0.030891875,0.521560067
ENSG00000101966,-0.172638421,0.066465968
ENSG00000101972,-0.023376411,0.797680594
ENSG00000101974,-0.337587047,0.000400168
ENSG00000101977,-0.172241857,0.049156519
ENSG00000101986,-0.099162672,0.36613808
ENSG00000101997,-0.024233339,0.807256492
ENSG00000102003,-0.059294254,0.588761756
ENSG00000102007,-0.40192953,0.001609544
ENSG00000102024,-0.129292414,0.323851888
ENSG00000102030,-0.264177804,0.014625388
ENSG00000102032,-0.07064628,0.492855669
ENSG00000102034,0.125960986,0.30993938
ENSG00000102038,0.087949576,0.265973231
ENSG00000102043,0.08296244,0.407270666
ENSG00000102048,0.054142115,0.428756894
ENSG00000102053,0.184196381,0.15796022
ENSG00000102054,-0.130210215,0.206988293
ENSG00000102057,0.108242968,0.422669613
ENSG00000102078,-0.146448717,0.20059409
ENSG00000102081,0.022857586,0.800528133
ENSG00000102096,-0.15376875,0.271889785
ENSG00000102098,0.490163494,0.006066457
ENSG00000102100,-0.193648882,0.037282683
ENSG00000102103,0.099815993,0.329033673
ENSG00000102109,0.005418703,0.856275466
ENSG00000102119,-0.200824673,0.012145174
ENSG00000102125,-0.251709308,0.035515661
ENSG00000102128,-0.121498163,0.205894221
ENSG00000102144,-0.205836403,0.165496706
ENSG00000102158,0.082100959,0.492698922
ENSG00000102172,0.058834295,0.63724972
ENSG00000102174,0.05714516,0.499230138
ENSG00000102178,-0.149086667,0.148941024
ENSG00000102181,-0.012895383,0.881091873
ENSG00000102189,0.194312945,0.096044822
ENSG00000102218,-0.467730305,0.000180654
ENSG00000102221,0.856179942,1.29E-07
ENSG00000102225,-0.034180426,0.632593467
ENSG00000102226,0.191800193,0.0017217
ENSG00000102241,0.180461281,0.025222511
ENSG00000102265,0.19432054,0.168122272
ENSG00000102287,0.310115351,0.066613447
ENSG00000102302,0.271568467,0.020465593
ENSG00000102309,0.084102752,0.498202767
ENSG00000102312,-0.053266241,0.619030411
ENSG00000102316,0.334022632,0.003709222
ENSG00000102317,-0.277993786,0.025291322
ENSG00000102349,-0.077014295,0.535864697
ENSG00000102359,-0.025798751,0.840521542
ENSG00000102362,-0.268787146,0.080167227
ENSG00000102383,0.060685105,0.470393295
ENSG00000102384,0.033052005,0.80110834
ENSG00000102385,0.947900115,2.18E-05
ENSG00000102387,0.028253125,0.759374798
ENSG00000102390,0.235033464,0.026760664
ENSG00000102393,0.11815545,0.248435298
ENSG00000102401,0.273601235,0.004062074
ENSG00000102409,0.211395025,0.044060563
ENSG00000102445,0.177165308,0.134661207
ENSG00000102452,-0.39802474,0.035390938
ENSG00000102466,-1.020742523,0.00022395
ENSG00000102468,0.235594618,0.022534772
ENSG00000102471,-0.136011917,0.144738528
ENSG00000102524,1.619655438,1.37E-09
ENSG00000102531,0.132674493,0.23030137
ENSG00000102543,-0.111276703,0.37972076
ENSG00000102547,-0.500111875,0.000158025
ENSG00000102554,-2.452672084,2.37E-10
ENSG00000102572,-0.206268962,0.049454021
ENSG00000102575,0.540207811,0.015963703
ENSG00000102580,-0.368019733,0.000321182
ENSG00000102595,-0.138853377,0.183243985
ENSG00000102606,-0.218984715,0.061383099
ENSG00000102678,0.005735193,0.954870614
ENSG00000102683,-0.006829865,0.926864027
ENSG00000102699,-0.094238686,0.382468715
ENSG00000102710,0.221882521,0.053535709
ENSG00000102738,0.108758113,0.337104674
ENSG00000102743,0.096483729,0.4662432
ENSG00000102753,-0.239486779,0.027674327
ENSG00000102755,-0.071620277,0.443697465
ENSG00000102760,-2.835364444,3.79E-06
ENSG00000102763,0.067288423,0.523487429
ENSG00000102780,-0.712365789,3.29E-05
ENSG00000102781,-0.302746035,0.002009767
ENSG00000102786,-0.082490045,0.468316529
ENSG00000102796,0.054732391,0.676925637
ENSG00000102802,-0.41906827,0.023203261
ENSG00000102804,-1.151892364,1.41E-13
ENSG00000102805,0.046100403,0.60821128
ENSG00000102858,-0.009101369,0.924895705
ENSG00000102870,-0.052999792,0.618998605
ENSG00000102871,-0.018525008,0.872706586
ENSG00000102878,0.319102133,0.058807613
ENSG00000102879,0.734145013,0.012553486
ENSG00000102882,0.245239246,0.003301173
ENSG00000102886,-0.005756222,0.963185337
ENSG00000102890,0.028019263,0.7969524
ENSG00000102893,0.128660577,0.139412171
ENSG00000102897,-0.135915347,0.213044471
ENSG00000102898,-0.019828357,0.83701818
ENSG00000102900,-0.346892529,0.000414761
ENSG00000102901,0.002633462,0.982582492
ENSG00000102904,0.138032975,0.321212787
ENSG00000102908,0.112668384,0.362845595
ENSG00000102910,0.040745497,0.483585774
ENSG00000102921,-0.018920415,0.815214636
ENSG00000102931,-0.022100759,0.83053461
ENSG00000102935,0.954880025,0.00030756
ENSG00000102967,0.070228042,0.582015011
ENSG00000102974,0.246396509,0.005420756
ENSG00000102977,0.046035129,0.680564311
ENSG00000102978,-0.173153732,0.047259438
ENSG00000102981,0.069271364,0.576115884
ENSG00000102984,1.3309881,8.46E-11
ENSG00000102996,-1.133546548,1.08E-05
ENSG00000103005,-0.321442566,0.00102891
ENSG00000103018,0.15792804,0.156824272
ENSG00000103021,0.236343839,0.099535853
ENSG00000103024,-0.090940779,0.476592756
ENSG00000103034,0.159858587,0.259891316
ENSG00000103035,-0.276098043,0.002292497
ENSG00000103037,0.033433946,0.758007754
ENSG00000103042,0.040562315,0.713133008
ENSG00000103043,0.15589344,0.080483479
ENSG00000103044,-0.04625464,0.682253234
ENSG00000103047,-0.086892671,0.455521275
ENSG00000103051,0.006959095,0.950641597
ENSG00000103056,0.019322561,0.872777637
ENSG00000103061,0.005408187,0.964232735
ENSG00000103064,-1.384143192,2.14E-16
ENSG00000103066,-0.29759378,0.036328449
ENSG00000103067,-0.012518366,0.763475853
ENSG00000103091,0.092542459,0.326495522
ENSG00000103111,-0.384572514,5.57E-05
ENSG00000103121,-0.102765487,0.408226235
ENSG00000103126,-0.135009622,0.202113702
ENSG00000103145,0.278382279,0.041356201
ENSG00000103148,0.042984076,0.727324305
ENSG00000103150,-0.670446947,0.000187569
ENSG00000103152,-0.056309473,0.631521973
ENSG00000103154,-0.02064572,0.677054661
ENSG00000103160,0.194424444,0.048503979
ENSG00000103168,-0.043344222,0.710976548
ENSG00000103174,0.123653638,0.220022351
ENSG00000103175,-1.545809344,2.63E-06
ENSG00000103184,-0.067095099,0.524726886
ENSG00000103187,-0.306480606,0.012997428
ENSG00000103194,-0.194832817,0.020378486
ENSG00000103196,-2.649007951,4.58E-25
ENSG00000103197,0.058105185,0.543801812
ENSG00000103199,-0.005152127,0.962026087
ENSG00000103202,0.144876044,0.216285628
ENSG00000103222,0.358979065,0.001414853
ENSG00000103226,0.023843443,0.790681355
ENSG00000103227,-0.154356221,0.181480486
ENSG00000103241,-0.093450922,0.443770963
ENSG00000103245,-0.088590538,0.443374334
ENSG00000103248,0.347959917,0.010220356
ENSG00000103249,0.090508237,0.213441047
ENSG00000103253,-0.264577799,0.096122947
ENSG00000103254,-0.115637608,0.395509444
ENSG00000103257,1.023440514,5.13E-05
ENSG00000103260,-0.132373971,0.336480639
ENSG00000103264,-0.043560787,0.682626715
ENSG00000103266,-0.080432483,0.393220853
ENSG00000103269,-0.013724094,0.912830332
ENSG00000103274,0.185462658,0.189242258
ENSG00000103275,-0.077029682,0.454888219
ENSG00000103313,0.030002117,0.607850796
ENSG00000103316,0.66589807,0.01325734
ENSG00000103319,-0.283266274,0.056670507
ENSG00000103326,-0.198549641,0.108336859
ENSG00000103335,-0.008175258,0.941686846
ENSG00000103342,-0.216249795,0.00442819
ENSG00000103343,0.104787803,0.388486639
ENSG00000103351,0.148913889,0.286147549
ENSG00000103353,0.202177765,0.063476194
ENSG00000103356,0.083516473,0.510527367
ENSG00000103363,-0.060970039,0.586568115
ENSG00000103365,0.35514608,0.00508397
ENSG00000103381,-0.884717555,2.56E-09
ENSG00000103404,-0.483083783,5.89E-05
ENSG00000103415,-0.084984403,0.34823731
ENSG00000103423,0.03314044,0.708811043
ENSG00000103429,-0.076545458,0.380041186
ENSG00000103449,-0.027696188,0.700083666
ENSG00000103472,-0.122500301,0.346358339
ENSG00000103479,-0.298259547,0.004652392
ENSG00000103485,1.182009917,1.31E-18
ENSG00000103489,0.037847581,0.766147524
ENSG00000103490,-0.181832465,0.200243198
ENSG00000103494,0.104269636,0.409488121
ENSG00000103495,0.049092957,0.679269173
ENSG00000103496,0.095632544,0.354261703
ENSG00000103502,-0.808129789,5.38E-23
ENSG00000103507,0.00571493,0.967679364
ENSG00000103510,-0.014440907,0.875654943
ENSG00000103512,0.04686134,0.560670315
ENSG00000103534,0.035385022,0.585996551
ENSG00000103540,0.249594656,0.006165136
ENSG00000103544,-0.03168516,0.703423921
ENSG00000103549,-0.036286284,0.708184959
ENSG00000103550,-0.031086979,0.794159464
ENSG00000103591,0.126870778,0.24512849
ENSG00000103599,0.125369136,0.36206751
ENSG00000103642,-0.22454429,0.135602407
ENSG00000103647,1.156618571,1.35E-06
ENSG00000103653,0.080797415,0.440604322
ENSG00000103657,0.027912376,0.78151253
ENSG00000103671,-0.097549999,0.436584856
ENSG00000103707,-0.258806369,0.036173631
ENSG00000103710,0.902109117,8.95E-05
ENSG00000103723,-0.01311,0.896321198
ENSG00000103740,0.023091907,0.621405417
ENSG00000103742,1.637541899,0.001092032
ENSG00000103769,-0.085284524,0.300324723
ENSG00000103811,-0.095845512,0.443065107
ENSG00000103832,0.070355479,0.285876153
ENSG00000103852,0.126737035,0.254780102
ENSG00000103855,0.215281265,0.096022794
ENSG00000103876,0.34405077,0.005254671
ENSG00000103888,-0.507722224,0.020953562
ENSG00000103932,-0.054585656,0.63611579
ENSG00000103942,0.169467217,0.233732169
ENSG00000103966,-0.202842781,0.121185464
ENSG00000103978,-0.348845738,0.004162736
ENSG00000103994,-0.408594566,0.008829641
ENSG00000103995,0.261633387,0.073467908
ENSG00000104043,0.371367442,0.027111808
ENSG00000104047,0.393310027,2.95E-05
ENSG00000104055,0.05450672,0.23908226
ENSG00000104059,-0.075214948,0.367300073
ENSG00000104064,0.044788281,0.716863562
ENSG00000104067,-0.268689907,0.008143228
ENSG00000104081,0.521682661,0.007952232
ENSG00000104093,0.424639384,0.000124843
ENSG00000104129,0.120065004,0.345888434
ENSG00000104131,-0.119400784,0.23675961
ENSG00000104133,0.067150295,0.377131208
ENSG00000104142,-0.387256479,0.001238742
ENSG00000104147,0.006607671,0.946779446
ENSG00000104154,-0.208236568,0.114086285
ENSG00000104164,0.018348107,0.825499613
ENSG00000104177,0.12837013,0.348494761
ENSG00000104205,-0.51549319,0.001697707
ENSG00000104213,-0.038646793,0.752453474
ENSG00000104218,0.273170906,0.028530284
ENSG00000104219,-0.263796825,0.071701524
ENSG00000104221,0.108284767,0.395891726
ENSG00000104228,-0.181378983,0.0892362
ENSG00000104231,0.16645408,0.101250258
ENSG00000104290,-0.03191368,0.726686365
ENSG00000104299,-0.007415841,0.939627846
ENSG00000104312,0.249426505,0.031174954
ENSG00000104313,0.850270025,3.38E-05
ENSG00000104320,0.295976473,0.007864162
ENSG00000104321,0.085644013,0.184974721
ENSG00000104324,0.056148331,0.634350061
ENSG00000104325,0.070785941,0.458523389
ENSG00000104327,0.008344038,0.919042804
ENSG00000104331,-0.292834214,0.001011432
ENSG00000104332,-0.0700092,0.362007489
ENSG00000104341,0.070414094,0.523252721
ENSG00000104343,-0.381080274,0.003642527
ENSG00000104356,0.061552889,0.649124257
ENSG00000104361,0.212795728,0.102147126
ENSG00000104365,-0.234655325,0.00391987
ENSG00000104368,0.084849469,0.522114205
ENSG00000104375,0.11813115,0.220168298
ENSG00000104381,0.071492206,0.587319931
ENSG00000104388,-0.384528293,7.75E-05
ENSG00000104408,0.096250558,0.220326498
ENSG00000104412,0.002005469,0.982422747
ENSG00000104415,0.620336299,0.006061096
ENSG00000104419,-0.153115096,0.260543276
ENSG00000104427,0.006466681,0.954224965
ENSG00000104432,0.029730214,0.803812896
ENSG00000104435,-0.030720477,0.486298316
ENSG00000104442,0.027940282,0.771102874
ENSG00000104447,0.1159592,0.218805486
ENSG00000104450,-0.014249465,0.909592268
ENSG00000104472,-0.223575865,0.050383135
ENSG00000104490,0.096220452,0.380682183
ENSG00000104497,-0.002073604,0.98561144
ENSG00000104517,-0.07484296,0.386164408
ENSG00000104518,0.036077691,0.745569486
ENSG00000104522,0.086885477,0.432627772
ENSG00000104524,-0.221265416,0.126892448
ENSG00000104529,0.086021125,0.476388351
ENSG00000104537,-0.108271329,0.052195318
ENSG00000104549,-0.085514313,0.42727035
ENSG00000104611,0.405413003,0.015334012
ENSG00000104613,-0.026639835,0.809785083
ENSG00000104626,-0.035543916,0.731635876
ENSG00000104635,-0.062612259,0.627799451
ENSG00000104643,-0.108438154,0.279613662
ENSG00000104660,0.011106537,0.925194811
ENSG00000104671,-0.305325176,0.004993822
ENSG00000104679,0.137885849,0.251531165
ENSG00000104687,-0.733138667,1.26E-06
ENSG00000104689,-0.197493473,0.180204826
ENSG00000104691,-0.07876215,0.493666588
ENSG00000104695,-0.50705223,0.000159313
ENSG00000104714,-0.201531469,0.122905037
ENSG00000104722,-0.073659682,0.463072808
ENSG00000104723,0.147826913,0.246654588
ENSG00000104725,-0.103724377,0.248523016
ENSG00000104728,0.0430859,0.711629657
ENSG00000104731,-0.000106903,0.99789972
ENSG00000104738,0.413887346,0.001823908
ENSG00000104756,-0.803743979,4.24E-15
ENSG00000104763,-0.035173668,0.783128318
ENSG00000104765,-0.279446866,0.026464291
ENSG00000104774,-0.032415035,0.757030157
ENSG00000104783,0.114261117,0.137123386
ENSG00000104804,-0.106518796,0.350677901
ENSG00000104805,-0.04448347,0.660728735
ENSG00000104808,-0.006856197,0.906401496
ENSG00000104812,-0.322497455,0.059327289
ENSG00000104814,0.041116203,0.365207335
ENSG00000104823,-0.270397446,0.02403895
ENSG00000104824,0.17481445,0.034262899
ENSG00000104825,-0.3078355,0.001460395
ENSG00000104833,0.009688154,0.899754567
ENSG00000104835,-0.017362735,0.834266756
ENSG00000104852,-0.217441362,0.02725456
ENSG00000104853,-0.175219677,0.04374961
ENSG00000104856,0.207222864,0.140478594
ENSG00000104859,-0.074791138,0.500573115
ENSG00000104863,0.322034192,0.059508163
ENSG00000104866,0.21351767,0.05923384
ENSG00000104870,-0.065918237,0.354421804
ENSG00000104872,-0.13302144,0.195497588
ENSG00000104879,0.010453128,0.853254205
ENSG00000104880,-0.236674084,0.024108737
ENSG00000104881,-0.184412328,0.202113434
ENSG00000104883,0.037820088,0.772152614
ENSG00000104884,-0.156533098,0.245474448
ENSG00000104885,-0.313691784,0.004780592
ENSG00000104886,-0.359643763,0.001910453
ENSG00000104888,-0.083872158,0.415090935
ENSG00000104889,0.178382523,0.192167602
ENSG00000104894,0.927446173,0.001469858
ENSG00000104897,0.02776065,0.80587122
ENSG00000104899,-0.197262557,0.113357983
ENSG00000104901,0.07395956,0.318602108
ENSG00000104903,-0.159126433,0.058297465
ENSG00000104904,-0.174147569,0.023351657
ENSG00000104907,-0.153442568,0.232873491
ENSG00000104915,0.081548074,0.448233172
ENSG00000104936,-0.753138997,4.52E-06
ENSG00000104946,-0.082180695,0.446748697
ENSG00000104951,1.752948516,0.001194663
ENSG00000104953,-0.509012547,0.019832741
ENSG00000104957,-0.164846044,0.079825321
ENSG00000104960,0.032355743,0.739735956
ENSG00000104964,-0.355833276,4.62E-06
ENSG00000104967,0.086145245,0.211680809
ENSG00000104969,-0.109577886,0.217018082
ENSG00000104973,-0.192231866,0.020466862
ENSG00000104976,-0.288199105,0.044963199
ENSG00000104979,0.025096615,0.835815963
ENSG00000104980,-0.083239661,0.379632138
ENSG00000104983,-0.047007449,0.692042958
ENSG00000104998,0.056953762,0.605014281
ENSG00000105011,0.01983459,0.860100564
ENSG00000105048,0.079387626,0.414526077
ENSG00000105053,-0.063560755,0.556837718
ENSG00000105058,-0.203629655,0.017195334
ENSG00000105063,-0.089343457,0.350646726
ENSG00000105072,0.273089198,0.029395938
ENSG00000105085,-0.021643744,0.853651838
ENSG00000105088,0.329768943,0.029251186
ENSG00000105122,0.00356466,0.932347011
ENSG00000105127,-0.182760358,0.065991456
ENSG00000105135,-0.030801784,0.770283234
ENSG00000105136,0.243436456,0.096325898
ENSG00000105137,-0.50050882,4.98E-07
ENSG00000105146,-0.00609473,NA
ENSG00000105171,-0.059469757,0.523653099
ENSG00000105173,0.465801385,0.017972509
ENSG00000105176,0.04562871,0.637410209
ENSG00000105185,-0.210711229,0.071216399
ENSG00000105186,-0.35100307,0.000507956
ENSG00000105193,0.006736843,0.958619853
ENSG00000105197,-0.077228286,0.479193675
ENSG00000105202,-0.079568937,0.498824927
ENSG00000105204,0.319962677,0.003678328
ENSG00000105219,0.031519815,0.668471635
ENSG00000105220,0.02463287,0.833492878
ENSG00000105221,0.173498812,0.041532778
ENSG00000105223,0.096949873,0.401465835
ENSG00000105227,0.272702894,0.073209016
ENSG00000105229,-0.115796316,0.315144701
ENSG00000105245,0.155435638,0.246526224
ENSG00000105248,-0.028772325,0.79495254
ENSG00000105254,-0.199554643,0.051405161
ENSG00000105255,-0.003025398,0.976263741
ENSG00000105258,-0.013497433,0.915170107
ENSG00000105270,-0.06164476,0.61510725
ENSG00000105281,-0.38025609,3.33E-05
ENSG00000105287,0.072143425,0.539820897
ENSG00000105289,0.089147204,0.337709279
ENSG00000105290,0.454930116,0.012642476
ENSG00000105298,-0.079459711,0.409877145
ENSG00000105321,-0.116739214,0.252800511
ENSG00000105323,0.035037756,0.630044279
ENSG00000105325,0.19630809,0.024709962
ENSG00000105327,0.633782599,0.000804097
ENSG00000105329,0.214789384,0.105854231
ENSG00000105339,-0.318463867,0.015115279
ENSG00000105341,-0.004450068,0.965007267
ENSG00000105355,-0.054497936,0.637788213
ENSG00000105364,-0.229598015,0.03723173
ENSG00000105369,0.042798403,0.576970864
ENSG00000105372,-0.027274431,0.848031979
ENSG00000105373,-0.020958629,0.866702762
ENSG00000105376,-0.088546989,0.472786044
ENSG00000105379,0.024110862,0.854376805
ENSG00000105393,-0.245639364,0.058084385
ENSG00000105397,-0.050799003,0.668911179
ENSG00000105401,-0.075006061,0.426270653
ENSG00000105402,-0.324782956,6.29E-05
ENSG00000105404,-0.280710454,0.016742392
ENSG00000105409,0.131492971,0.078265121
ENSG00000105419,-0.621321473,1.79E-05
ENSG00000105426,-0.30303652,0.061013417
ENSG00000105429,-0.049909485,0.63233894
ENSG00000105438,-0.028079369,0.774961208
ENSG00000105443,0.085946364,0.466791615
ENSG00000105447,-0.141025779,0.214717392
ENSG00000105464,0.017283709,0.863354958
ENSG00000105472,-0.016928244,0.890621378
ENSG00000105479,0.1337701,0.109604815
ENSG00000105483,0.234817068,0.115888424
ENSG00000105486,0.922286605,2.97E-06
ENSG00000105497,0.122144312,0.273306453
ENSG00000105499,0.456717171,0.026693581
ENSG00000105509,0.043763341,0.343295287
ENSG00000105514,-0.305328856,0.044511845
ENSG00000105516,1.606353661,4.04E-16
ENSG00000105518,-0.064857898,0.592146566
ENSG00000105519,-0.108030614,0.415115456
ENSG00000105520,0.053152962,0.648715171
ENSG00000105538,-0.043196058,0.662145243
ENSG00000105552,-0.690605581,3.81E-06
ENSG00000105556,0.080993421,0.498672164
ENSG00000105559,0.448915088,0.00694013
ENSG00000105568,-0.121218368,0.066327618
ENSG00000105576,-0.049986853,0.658118815
ENSG00000105583,-0.080503217,0.529221439
ENSG00000105605,-0.009632189,0.911572222
ENSG00000105607,-0.388453372,0.003325079
ENSG00000105612,-0.078809262,0.45371307
ENSG00000105613,-0.032944889,0.697933553
ENSG00000105617,-0.013485566,0.914108467
ENSG00000105618,-0.033014018,0.725577349
ENSG00000105619,-0.063682068,0.603927383
ENSG00000105639,-0.094042722,0.458311988
ENSG00000105640,-0.009804138,0.935184036
ENSG00000105642,0.026349733,0.661607536
ENSG00000105643,-0.747962827,2.28E-08
ENSG00000105649,0.310120766,0.064060482
ENSG00000105650,0.260401102,0.102194779
ENSG00000105655,0.475487828,0.007468062
ENSG00000105656,-0.268648764,0.029092295
ENSG00000105662,-0.024959434,0.822139532
ENSG00000105663,0.017518177,0.760405637
ENSG00000105664,-1.327818712,0.005129204
ENSG00000105668,0.030008646,0.778650557
ENSG00000105669,-0.03451659,0.744319708
ENSG00000105671,-0.003797273,0.968067861
ENSG00000105672,-0.052392766,0.666941745
ENSG00000105676,-0.00037744,0.996261483
ENSG00000105677,-0.069714379,0.440183166
ENSG00000105696,-0.094304314,0.479906032
ENSG00000105698,0.026711697,0.779115128
ENSG00000105699,0.035206946,0.782163059
ENSG00000105700,-0.040838774,0.681664337
ENSG00000105701,-0.072705758,0.270748961
ENSG00000105705,0.015625201,0.877457692
ENSG00000105707,0.012093401,0.810682022
ENSG00000105708,0.136905448,0.314284394
ENSG00000105711,1.195294051,1.53E-07
ENSG00000105717,0.065403153,0.579841272
ENSG00000105722,0.004104006,0.975698823
ENSG00000105723,-0.135283258,0.146227917
ENSG00000105726,-0.296166658,0.002369034
ENSG00000105732,0.092132768,0.469502481
ENSG00000105737,0.320758635,0.05297712
ENSG00000105738,0.114110113,0.386208073
ENSG00000105750,0.751176892,0.000660326
ENSG00000105755,0.272142237,0.077339454
ENSG00000105767,0.142295975,0.281384519
ENSG00000105771,0.319451986,0.000194126
ENSG00000105778,-0.262271884,0.007105514
ENSG00000105784,0.110591705,0.34696446
ENSG00000105792,-0.661820854,0.003465234
ENSG00000105793,-0.074655755,0.452202761
ENSG00000105808,0.06759885,0.606581489
ENSG00000105810,0.592001889,0.001464151
ENSG00000105819,-0.097751849,0.336611371
ENSG00000105821,-0.113858693,0.295299969
ENSG00000105825,0.008879979,NA
ENSG00000105829,0.025936617,0.841687469
ENSG00000105835,-1.013419242,1.00E-11
ENSG00000105849,-0.160384981,0.072407055
ENSG00000105854,-0.079505289,0.515930318
ENSG00000105855,0.430020261,8.71E-05
ENSG00000105856,0.064711002,0.545710769
ENSG00000105865,0.22447999,0.108449194
ENSG00000105866,-0.037651889,0.76090532
ENSG00000105875,-0.044153123,0.733507104
ENSG00000105877,-0.237924209,0.091518821
ENSG00000105879,-0.058068369,0.583224995
ENSG00000105880,-0.001886306,0.973222219
ENSG00000105887,-0.049929189,0.621685953
ENSG00000105889,-0.842054515,0.000905456
ENSG00000105894,0.418591713,0.025402595
ENSG00000105926,-0.038992674,0.748130887
ENSG00000105928,-0.02478623,0.825131549
ENSG00000105939,-0.1400838,0.161484753
ENSG00000105948,-0.066174197,0.603659116
ENSG00000105953,0.006542041,0.945184147
ENSG00000105963,-0.241004373,0.020365323
ENSG00000105967,-0.011570866,0.834827477
ENSG00000105968,-0.009593643,0.901117173
ENSG00000105971,-0.536226349,0.000516486
ENSG00000105974,-0.58905636,0.000325993
ENSG00000105976,-0.36797004,0.032931708
ENSG00000105982,0.046574236,0.715093548
ENSG00000105983,0.145029518,0.109442267
ENSG00000105988,0.021897992,0.779975136
ENSG00000105989,2.463037814,0.000562743
ENSG00000105991,-0.08542569,0.516177142
ENSG00000105993,-0.309961114,0.00091343
ENSG00000105996,0.629630662,0.001394289
ENSG00000105997,0.577097385,0.003432037
ENSG00000106003,2.33518147,1.37E-05
ENSG00000106004,0.134212078,0.332905381
ENSG00000106009,0.057633635,0.624595356
ENSG00000106012,0.058583303,0.530407941
ENSG00000106013,-0.007753275,0.926868325
ENSG00000106018,-0.276094394,0.016012989
ENSG00000106025,0.086430869,0.487570368
ENSG00000106028,-0.024091446,0.817352984
ENSG00000106034,-0.872685648,0.00115957
ENSG00000106049,0.199338044,0.102105235
ENSG00000106052,-0.011089141,0.902645268
ENSG00000106066,0.030168887,0.525910281
ENSG00000106069,0.100301866,0.347760606
ENSG00000106070,-0.24579012,0.092533536
ENSG00000106077,0.473081268,0.003565019
ENSG00000106080,0.17197145,0.05383437
ENSG00000106086,-0.618435181,3.63E-06
ENSG00000106089,0.069961002,0.597423597
ENSG00000106100,-0.013676813,0.902504944
ENSG00000106105,0.28934939,0.003492346
ENSG00000106123,-1.135735493,9.20E-05
ENSG00000106125,-0.030919397,0.765308958
ENSG00000106133,0.065810191,0.612091166
ENSG00000106144,0.184164087,0.093628794
ENSG00000106153,-0.035642787,0.704676349
ENSG00000106178,-0.01923538,0.685916288
ENSG00000106211,-0.44006285,3.70E-05
ENSG00000106236,-0.034101747,0.355239316
ENSG00000106244,-0.017384687,0.84427959
ENSG00000106245,-0.08789348,0.362747328
ENSG00000106246,-0.157471065,0.258094285
ENSG00000106258,0.053381098,0.636632436
ENSG00000106261,0.310551976,0.002493327
ENSG00000106263,-0.10432319,0.269881272
ENSG00000106266,-0.04141897,0.704385927
ENSG00000106268,-0.106681011,0.359131147
ENSG00000106290,0.042194593,0.640213321
ENSG00000106299,-0.305194598,0.01484957
ENSG00000106305,-0.142005282,0.230749859
ENSG00000106327,-0.036707433,0.682484911
ENSG00000106330,0.13752462,0.243788285
ENSG00000106333,0.576766672,6.61E-07
ENSG00000106336,0.207854989,0.056967118
ENSG00000106344,-0.281895802,0.033107674
ENSG00000106346,0.067453803,0.547263905
ENSG00000106348,-0.372672158,0.004401199
ENSG00000106351,0.026425847,0.840254991
ENSG00000106355,-0.119878465,0.239845722
ENSG00000106366,-0.459368729,0.021566744
ENSG00000106367,0.01843621,0.833057978
ENSG00000106392,0.009385769,0.938589819
ENSG00000106397,-0.288849532,0.00672918
ENSG00000106399,-0.015613078,0.899031201
ENSG00000106400,0.012244124,0.893166491
ENSG00000106404,-0.044116475,0.732762137
ENSG00000106415,-0.471913274,0.004207411
ENSG00000106443,0.336627646,0.002918514
ENSG00000106459,0.057161829,0.584091341
ENSG00000106460,-0.021243903,0.851237601
ENSG00000106462,0.817470956,0.000138299
ENSG00000106477,0.327106757,0.008391015
ENSG00000106479,0.134948332,0.262682645
ENSG00000106483,0.049129364,NA
ENSG00000106484,1.200550388,0.00373312
ENSG00000106511,-0.149044351,0.143687613
ENSG00000106524,0.614798683,3.37E-08
ENSG00000106526,0.094697637,0.336596567
ENSG00000106537,0.069886297,0.518775025
ENSG00000106538,0.168881674,0.232814101
ENSG00000106546,0.088628808,0.478516997
ENSG00000106554,0.039067026,0.687227871
ENSG00000106560,-0.036801907,0.59888879
ENSG00000106565,-0.009532021,0.823652194
ENSG00000106571,0.477928986,3.25E-06
ENSG00000106588,0.163508246,0.250081388
ENSG00000106591,-0.155281258,0.10161418
ENSG00000106603,0.309984975,0.0130546
ENSG00000106605,-0.048586306,0.656930809
ENSG00000106608,0.008847341,0.917340589
ENSG00000106609,-0.195018321,0.025360693
ENSG00000106610,0.078348024,0.547760479
ENSG00000106615,-0.915987368,5.05E-11
ENSG00000106617,-1.488276397,1.28E-09
ENSG00000106624,0.063102945,0.616960085
ENSG00000106628,0.056294665,0.629371464
ENSG00000106633,0.103683283,0.427570069
ENSG00000106635,-0.151670215,0.111496044
ENSG00000106636,-0.079580942,0.325145321
ENSG00000106638,-0.031006614,0.718694518
ENSG00000106665,0.150065886,0.2496306
ENSG00000106682,-0.037684203,0.617276324
ENSG00000106683,0.193627437,0.135384299
ENSG00000106686,0.180943024,0.153602508
ENSG00000106688,-0.148801071,0.235822264
ENSG00000106692,-0.087689733,0.429321008
ENSG00000106701,-0.127437775,0.315699604
ENSG00000106714,-0.039234851,0.457760938
ENSG00000106723,0.265674106,0.019047199
ENSG00000106733,-0.059664442,0.623575811
ENSG00000106771,-0.187647179,0.038482892
ENSG00000106772,-0.703498836,0.000300223
ENSG00000106780,-0.272475065,0.006616179
ENSG00000106785,0.356776953,0.036161229
ENSG00000106789,-0.028133777,0.767899048
ENSG00000106799,-0.017513806,0.89008829
ENSG00000106803,-0.080871136,0.460025259
ENSG00000106804,-0.116827887,0.382665175
ENSG00000106809,0.11123815,0.209495532
ENSG00000106819,-0.052360653,0.556125155
ENSG00000106823,0.065873483,0.581161648
ENSG00000106829,0.172246145,0.156925433
ENSG00000106853,0.032598733,0.773176869
ENSG00000106868,-0.123025638,0.257369082
ENSG00000106927,-0.028107163,0.741464663
ENSG00000106948,0.628636103,0.001712822
ENSG00000106976,1.709456495,5.67E-18
ENSG00000106991,0.365829837,0.003247169
ENSG00000106992,0.159584793,0.186407942
ENSG00000106993,-0.505976341,0.000611106
ENSG00000107020,-0.070621995,0.560701302
ENSG00000107021,0.042737729,0.635764892
ENSG00000107036,-0.080302567,0.343558911
ENSG00000107077,0.148860474,0.192697163
ENSG00000107099,0.01330813,0.904495789
ENSG00000107104,-1.114870935,3.74E-06
ENSG00000107105,-0.043473097,0.455319787
ENSG00000107130,0.426929161,0.001202286
ENSG00000107140,-0.13521241,0.270645174
ENSG00000107159,0.050416633,0.621284487
ENSG00000107164,-0.056981275,0.442198951
ENSG00000107175,0.030935828,0.692034317
ENSG00000107185,-0.026320553,0.764669048
ENSG00000107186,0.168960211,0.179777118
ENSG00000107201,0.063787365,0.601248916
ENSG00000107223,0.041388946,0.639052069
ENSG00000107249,-0.326147862,0.004074698
ENSG00000107262,-0.050819549,0.654409321
ENSG00000107263,-0.198015253,0.057232554
ENSG00000107281,-0.12253743,0.32873928
ENSG00000107282,0.215968443,0.022496365
ENSG00000107290,-0.039219272,0.64977496
ENSG00000107317,0.114989321,0.396917616
ENSG00000107331,-0.005016062,0.964760087
ENSG00000107338,0.938095407,1.86E-08
ENSG00000107341,-0.027748024,0.773041776
ENSG00000107362,-0.399695119,0.002967509
ENSG00000107371,-0.062594555,0.604968046
ENSG00000107372,-0.599297559,0.00504215
ENSG00000107404,-0.102717379,0.364672768
ENSG00000107438,-0.634093256,0.000523102
ENSG00000107443,0.063563371,0.597748657
ENSG00000107518,0.192239634,0.129911568
ENSG00000107521,-0.061679532,0.458506434
ENSG00000107537,-0.045264614,0.620593596
ENSG00000107551,0.090296056,0.46607883
ENSG00000107554,0.087355114,0.402842696
ENSG00000107560,-0.095548477,0.272047329
ENSG00000107562,1.87357378,2.87E-12
ENSG00000107566,0.014276552,0.838398981
ENSG00000107581,-0.182477676,0.033691527
ENSG00000107611,1.385370805,6.47E-06
ENSG00000107614,0.151452178,0.234945603
ENSG00000107623,0.530742931,0.017195299
ENSG00000107625,0.031125555,0.711989309
ENSG00000107643,0.010126577,0.90859827
ENSG00000107651,-0.147682884,0.204009618
ENSG00000107669,-0.017539822,0.868791341
ENSG00000107672,-0.223167713,0.083940029
ENSG00000107679,-0.269894288,0.00929707
ENSG00000107719,-0.057276883,0.45112534
ENSG00000107731,0.91233691,3.04E-05
ENSG00000107736,0.026875442,0.766479447
ENSG00000107738,-0.14277771,0.299826858
ENSG00000107742,0.019482706,0.829099355
ENSG00000107745,0.079759174,0.401401435
ENSG00000107758,-0.123978387,0.195243926
ENSG00000107771,0.046579798,0.572134052
ENSG00000107779,0.000966458,0.992406092
ENSG00000107789,-0.142828737,0.1430097
ENSG00000107796,-1.037751467,4.01E-05
ENSG00000107798,-0.151965683,0.217972738
ENSG00000107815,-0.192162852,0.156397192
ENSG00000107816,-0.110159827,0.364299786
ENSG00000107819,-0.209652326,0.087487928
ENSG00000107821,0.898541896,0.000523298
ENSG00000107829,-0.211527688,0.063397695
ENSG00000107833,0.114449529,0.385615012
ENSG00000107854,0.217419752,0.046223237
ENSG00000107859,-0.066890004,0.307178885
ENSG00000107862,0.081546725,0.214752804
ENSG00000107863,-0.088049327,0.291546768
ENSG00000107864,-0.016204444,0.893722594
ENSG00000107872,-0.125418225,0.353564095
ENSG00000107874,-0.016368829,0.87291309
ENSG00000107882,0.465403685,7.60E-07
ENSG00000107890,0.184987085,0.167869426
ENSG00000107897,0.037806219,0.680841605
ENSG00000107902,0.204622382,0.146357263
ENSG00000107929,-0.543456011,5.65E-05
ENSG00000107937,-0.438759109,0.000991177
ENSG00000107938,0.057469067,0.544423329
ENSG00000107949,-0.075802557,0.462446436
ENSG00000107951,-0.067257998,0.494757582
ENSG00000107954,0.027501768,0.761338679
ENSG00000107957,-0.137681768,0.158887505
ENSG00000107959,-0.120913956,0.30657903
ENSG00000107960,0.08036328,0.514833033
ENSG00000107968,-1.080282576,1.42E-10
ENSG00000107984,-0.288570107,0.062138168
ENSG00000108001,0.023276825,0.658619685
ENSG00000108010,-0.065974908,0.486822598
ENSG00000108021,0.018388164,0.869692448
ENSG00000108039,-0.028693983,0.772795794
ENSG00000108055,-0.027750136,0.755995774
ENSG00000108061,-0.252543529,0.003403421
ENSG00000108064,0.066814945,0.555134461
ENSG00000108091,-0.071166418,0.441577392
ENSG00000108094,-0.034177024,0.658297364
ENSG00000108100,-0.17132602,0.047837067
ENSG00000108106,-0.177530924,0.143201679
ENSG00000108107,0.095001389,0.443355223
ENSG00000108175,0.311585596,0.018476117
ENSG00000108176,0.187609887,0.108800891
ENSG00000108179,-0.216236903,0.105445066
ENSG00000108187,0.036962988,0.731987473
ENSG00000108219,0.04975044,0.648662148
ENSG00000108231,0.149353215,0.060178976
ENSG00000108239,-0.049232251,0.689383596
ENSG00000108256,-0.376104037,4.10E-08
ENSG00000108262,-0.51634876,0.000306309
ENSG00000108264,-0.05225735,0.620482884
ENSG00000108270,-0.225127673,0.011345605
ENSG00000108272,0.070126599,0.59291638
ENSG00000108278,0.141401061,0.163224647
ENSG00000108292,-0.126726064,0.155266472
ENSG00000108294,-0.07185568,0.43790513
ENSG00000108296,0.027086215,0.77816426
ENSG00000108298,0.058891055,0.599598934
ENSG00000108306,0.192418091,0.102935945
ENSG00000108309,-0.12277779,0.299658692
ENSG00000108312,0.106834768,0.208334496
ENSG00000108344,0.001414846,0.98709574
ENSG00000108349,0.075899384,0.38626138
ENSG00000108352,0.484960286,0.011282355
ENSG00000108370,-0.098938978,0.416811317
ENSG00000108379,0.192650569,0.180151555
ENSG00000108381,-0.150171109,0.282908621
ENSG00000108384,0.095696874,0.41586386
ENSG00000108387,-1.672757696,5.24E-05
ENSG00000108389,-0.149172447,0.171881176
ENSG00000108395,0.095949392,0.376245516
ENSG00000108406,-0.055068784,0.534615543
ENSG00000108423,0.019126238,0.883445844
ENSG00000108424,-0.205268796,0.014113163
ENSG00000108433,0.006028669,0.960084032
ENSG00000108439,0.054360958,0.653685885
ENSG00000108443,0.002976212,0.976231866
ENSG00000108448,0.27682361,0.056557752
ENSG00000108465,-0.099896631,0.190665451
ENSG00000108468,0.444777744,1.89E-07
ENSG00000108469,0.112912438,0.231795704
ENSG00000108474,0.107774961,0.423152616
ENSG00000108479,-0.15056992,0.220754292
ENSG00000108506,-0.093028829,0.412617089
ENSG00000108509,-0.105509603,0.352384588
ENSG00000108510,-0.133923805,0.170021988
ENSG00000108511,-0.039317935,0.653285476
ENSG00000108515,-0.415359441,0.027412241
ENSG00000108518,-0.240441206,0.036873338
ENSG00000108523,-0.170480161,0.086490861
ENSG00000108528,0.062108791,0.54169377
ENSG00000108551,-0.154828144,0.020809425
ENSG00000108556,-0.035593295,0.57286621
ENSG00000108557,0.141148825,0.223976328
ENSG00000108559,-0.082767961,0.435946339
ENSG00000108561,-0.11078844,0.301578712
ENSG00000108576,0.037469951,0.514336233
ENSG00000108578,0.127647572,0.251884096
ENSG00000108582,-0.389697642,0.028528009
ENSG00000108587,0.067705273,0.485813938
ENSG00000108588,-0.251717911,0.00085274
ENSG00000108590,-0.110960557,0.40762553
ENSG00000108591,-0.138933408,0.085086444
ENSG00000108592,-0.225114471,0.060932334
ENSG00000108599,-0.089316749,0.318004307
ENSG00000108602,1.717443837,0.003073891
ENSG00000108604,-1.225561516,5.45E-12
ENSG00000108622,0.065991625,0.211221081
ENSG00000108639,-0.497869898,0.013177021
ENSG00000108641,0.42186362,0.010799312
ENSG00000108651,-0.071447343,0.470899059
ENSG00000108654,-0.106211603,0.1552696
ENSG00000108666,0.043177085,0.727722354
ENSG00000108669,0.088610798,0.492728219
ENSG00000108671,-0.035803242,0.710325039
ENSG00000108679,0.03200277,0.797835255
ENSG00000108684,1.746177449,0.001928554
ENSG00000108688,0.15217417,0.029102218
ENSG00000108691,0.01422558,0.852339232
ENSG00000108700,3.069912964,0.000236848
ENSG00000108733,0.298016697,0.010785305
ENSG00000108771,-0.04468069,0.692333718
ENSG00000108773,-0.02466374,0.840300811
ENSG00000108774,-0.21230017,0.02371643
ENSG00000108784,-0.153316845,0.137553119
ENSG00000108785,-0.000595968,0.994910126
ENSG00000108786,-0.040284534,0.744842176
ENSG00000108788,-0.24874203,0.007738773
ENSG00000108797,0.548564713,0.00013473
ENSG00000108799,-0.295308171,0.014429321
ENSG00000108813,-0.051244638,0.37440486
ENSG00000108819,0.184043818,0.067166841
ENSG00000108821,1.30035821,1.43E-29
ENSG00000108823,-0.008610208,0.918536591
ENSG00000108826,0.198947444,0.065453589
ENSG00000108828,0.538783355,0.000226642
ENSG00000108829,-0.423687852,0.002860246
ENSG00000108830,2.29095616,1.77E-15
ENSG00000108839,0.394241395,0.023091621
ENSG00000108840,-0.50616286,0.000232451
ENSG00000108846,-0.60296618,0.005171314
ENSG00000108848,-0.009580714,0.904413517
ENSG00000108852,0.453005495,0.019599243
ENSG00000108854,0.216040808,0.117811491
ENSG00000108861,-0.445969047,0.000575397
ENSG00000108883,-0.070182987,0.519843355
ENSG00000108924,-0.293312368,0.035928897
ENSG00000108932,-0.070583307,0.242987194
ENSG00000108946,-0.246570575,0.003952723
ENSG00000108947,0.162291572,0.24756068
ENSG00000108950,-1.016998498,4.38E-08
ENSG00000108953,-0.086185168,0.373053817
ENSG00000108958,-0.051883618,0.620775161
ENSG00000108960,-1.578296315,1.03E-12
ENSG00000108961,0.008495304,0.935980583
ENSG00000108963,-0.059352189,0.605658578
ENSG00000108984,0.137744642,0.250041193
ENSG00000109016,-0.374898147,0.019596224
ENSG00000109046,-0.087076875,0.47637921
ENSG00000109062,-0.107611627,0.38660226
ENSG00000109063,-0.172076288,0.229465238
ENSG00000109065,-0.015671016,0.884806732
ENSG00000109066,-0.228248414,0.028875282
ENSG00000109072,0.065586281,0.558798113
ENSG00000109079,-0.240018385,0.034359569
ENSG00000109083,0.09348867,0.415652321
ENSG00000109084,-0.163092373,0.251003485
ENSG00000109089,-0.123587332,0.312163888
ENSG00000109099,0.216143553,0.02990543
ENSG00000109103,0.192332737,0.144120463
ENSG00000109107,0.213159772,0.143487084
ENSG00000109111,-0.02088328,0.809612046
ENSG00000109113,0.020057966,0.763736995
ENSG00000109118,0.102838108,0.204618701
ENSG00000109133,-0.253193209,0.007694414
ENSG00000109163,0.112828174,0.133502204
ENSG00000109171,-0.161410063,0.071923722
ENSG00000109180,-0.00560676,0.956898357
ENSG00000109184,-0.314991673,0.001955101
ENSG00000109189,-0.69723274,3.16E-09
ENSG00000109220,-0.239136845,0.0704437
ENSG00000109265,0.799935161,0.008494997
ENSG00000109270,-0.089518461,0.271059843
ENSG00000109272,0.036860844,0.351636064
ENSG00000109320,0.181511817,0.058624624
ENSG00000109321,0.047000589,0.326433922
ENSG00000109323,0.183943733,0.155641846
ENSG00000109332,-0.127090351,0.065539723
ENSG00000109339,0.678175775,1.62E-05
ENSG00000109381,0.0003887,0.996044391
ENSG00000109390,0.0247479,0.81101332
ENSG00000109436,0.062425574,0.441924435
ENSG00000109445,-0.132709178,0.237770329
ENSG00000109452,-0.060215755,0.643003761
ENSG00000109458,0.267716346,0.03782252
ENSG00000109466,-0.094904899,0.341266577
ENSG00000109472,0.116500629,0.39504657
ENSG00000109475,-0.059592635,0.623497181
ENSG00000109501,-0.417350641,0.00806709
ENSG00000109511,0.027665739,0.471782859
ENSG00000109519,-0.367739274,0.014070491
ENSG00000109534,0.004656566,0.97076821
ENSG00000109536,0.019146323,0.863035962
ENSG00000109572,0.357674658,0.000297069
ENSG00000109576,0.367312749,0.039983175
ENSG00000109586,-0.306035298,0.006617716
ENSG00000109606,-0.11505917,0.184077543
ENSG00000109610,0.03350145,0.79254255
ENSG00000109618,0.109165906,0.38084537
ENSG00000109625,1.662087581,1.84E-08
ENSG00000109654,0.81450591,6.17E-08
ENSG00000109667,-0.262353965,0.072564979
ENSG00000109670,0.20294612,0.06843756
ENSG00000109674,1.169438974,0.000116767
ENSG00000109680,0.585523201,0.002977342
ENSG00000109685,0.32694846,6.71E-05
ENSG00000109686,-0.698538994,5.92E-09
ENSG00000109689,0.962952966,1.25E-08
ENSG00000109705,0.019182301,0.819400738
ENSG00000109736,-0.460234583,4.32E-05
ENSG00000109738,0.085368874,0.523532773
ENSG00000109743,-0.1206562,0.374402917
ENSG00000109756,-0.032337578,0.785271358
ENSG00000109758,0.007857635,0.911550906
ENSG00000109762,-0.233027778,0.07808185
ENSG00000109771,0.184078287,0.204809539
ENSG00000109775,0.473918655,3.04E-06
ENSG00000109787,0.135048591,0.194362294
ENSG00000109790,0.075160951,0.532247256
ENSG00000109794,0.161762204,0.136374023
ENSG00000109805,0.249683203,0.112257427
ENSG00000109814,-0.354492669,0.003062636
ENSG00000109819,0.026687774,0.746164707
ENSG00000109846,-0.367403608,0.019306512
ENSG00000109854,-0.028637169,0.798469485
ENSG00000109861,-0.90252212,1.96E-05
ENSG00000109881,1.242083784,2.51E-09
ENSG00000109906,-7.104348577,3.25E-47
ENSG00000109911,0.183799294,0.156097077
ENSG00000109917,-0.184251675,0.149971717
ENSG00000109919,-0.175615504,0.053506399
ENSG00000109920,-0.125825807,0.160077052
ENSG00000109927,-0.066079273,0.607815198
ENSG00000109929,-0.017942647,0.867616567
ENSG00000109944,0.048078844,0.71500816
ENSG00000109971,0.16365899,0.23105164
ENSG00000110002,0.298416362,0.064892237
ENSG00000110011,0.169180921,0.120309343
ENSG00000110013,0.012635376,0.905532818
ENSG00000110025,-0.005294869,0.961302098
ENSG00000110031,0.410864986,0.008651258
ENSG00000110042,-0.187846787,0.196897747
ENSG00000110046,-0.206073587,0.042258513
ENSG00000110047,-0.329733984,0.011275399
ENSG00000110048,0.0962688,0.254324755
ENSG00000110057,-0.643729032,3.87E-06
ENSG00000110060,0.287129857,0.027523367
ENSG00000110063,0.241706678,0.080266188
ENSG00000110066,-0.024840437,0.776945182
ENSG00000110074,0.144850681,0.185910607
ENSG00000110075,-0.148822276,0.044027139
ENSG00000110076,0.038545016,0.556215312
ENSG00000110080,-0.022311444,0.857366596
ENSG00000110090,-0.670421875,5.52E-06
ENSG00000110092,-0.001506853,0.997217677
ENSG00000110104,-0.173645734,0.224423311
ENSG00000110107,0.089437154,0.376012862
ENSG00000110108,-0.305262187,0.00469945
ENSG00000110169,0.209177667,0.132226879
ENSG00000110171,-0.050291747,0.68707143
ENSG00000110172,-0.074074987,0.47050433
ENSG00000110195,0.051941656,0.583757272
ENSG00000110200,-0.040814485,0.753349134
ENSG00000110203,1.074041865,0.002174586
ENSG00000110218,-0.273180144,0.035955386
ENSG00000110237,-0.375957083,4.32E-06
ENSG00000110274,0.110426447,0.161823987
ENSG00000110315,-0.297548873,0.051311272
ENSG00000110318,0.123010321,0.328914461
ENSG00000110321,0.063279741,0.291411021
ENSG00000110328,0.240679129,0.104373139
ENSG00000110330,-0.127102263,0.145686303
ENSG00000110344,-0.007029978,0.929452948
ENSG00000110347,0.040025251,0.399115521
ENSG00000110367,-0.062504189,0.517249135
ENSG00000110375,0.100290078,0.124861621
ENSG00000110395,-0.259123385,0.038826484
ENSG00000110400,0.817748328,6.16E-06
ENSG00000110422,-0.497661477,0.000324661
ENSG00000110427,0.037275147,0.728585801
ENSG00000110429,-0.024991477,0.820220107
ENSG00000110435,0.084704868,0.399598197
ENSG00000110436,0.23663392,0.110992074
ENSG00000110442,0.342407731,0.000815484
ENSG00000110446,-0.218639381,0.039964145
ENSG00000110455,0.048346377,0.713814245
ENSG00000110492,0.416296141,0.002286644
ENSG00000110497,-0.000764388,0.99325813
ENSG00000110514,0.021058578,0.833157493
ENSG00000110536,-0.07278978,0.578455902
ENSG00000110583,0.454833206,0.000710449
ENSG00000110619,0.117192024,0.087848492
ENSG00000110628,-0.653443327,3.42E-06
ENSG00000110651,-0.007939135,0.95471262
ENSG00000110660,-0.074516782,0.536744722
ENSG00000110675,-0.096176853,0.064503204
ENSG00000110693,-0.013252358,0.900559222
ENSG00000110696,-0.119333,0.067525918
ENSG00000110697,-0.144893546,0.24494387
ENSG00000110700,-0.009044895,0.929743945
ENSG00000110711,-0.051412778,0.592671966
ENSG00000110713,-0.226753178,0.014509754
ENSG00000110717,0.040342244,0.734907336
ENSG00000110719,-0.306217378,0.016059989
ENSG00000110721,-0.414058016,0.013228244
ENSG00000110723,-0.158693114,0.2112193
ENSG00000110756,-1.555228654,1.23E-20
ENSG00000110768,-0.344806929,0.000389589
ENSG00000110799,0.148941369,0.212399844
ENSG00000110801,-0.014969132,0.896275398
ENSG00000110811,0.251823506,0.048726334
ENSG00000110841,0.188377723,0.088624964
ENSG00000110844,0.211149194,0.084372669
ENSG00000110851,-0.124178622,0.138283367
ENSG00000110852,-0.028043263,0.820393343
ENSG00000110871,0.092797679,0.377497237
ENSG00000110876,0.25593096,0.106005962
ENSG00000110880,-0.262976852,0.007755298
ENSG00000110881,0.279682685,0.063912099
ENSG00000110888,0.179208014,0.182993131
ENSG00000110900,1.321548803,2.47E-06
ENSG00000110906,-0.459412483,0.000472279
ENSG00000110911,-0.303937096,0.000763284
ENSG00000110917,-0.017516546,0.86148682
ENSG00000110921,0.295123068,0.072364795
ENSG00000110925,-0.041463833,0.688343563
ENSG00000110931,-0.256152944,0.003857983
ENSG00000110944,-0.138867188,0.284010785
ENSG00000110955,-0.162350624,0.011660993
ENSG00000110958,-0.023935109,0.716429319
ENSG00000110987,-0.235303279,0.126580138
ENSG00000111011,0.035101946,0.72405347
ENSG00000111012,-0.113858714,0.177025083
ENSG00000111052,-0.027510542,0.830937478
ENSG00000111057,-0.036762143,NA
ENSG00000111058,-0.076425141,0.514821818
ENSG00000111077,-0.251403409,0.021188845
ENSG00000111087,0.128410588,0.17088237
ENSG00000111110,0.913572875,0.004152624
ENSG00000111142,0.048918683,0.593797328
ENSG00000111144,0.148452425,0.19590685
ENSG00000111145,-0.095194893,0.304300139
ENSG00000111181,0.051748455,0.397113915
ENSG00000111186,0.002052362,0.984650426
ENSG00000111196,0.272181777,0.077307965
ENSG00000111199,-0.414874328,0.013935566
ENSG00000111203,0.396433469,0.001154588
ENSG00000111206,0.581267781,0.000179984
ENSG00000111215,0.090684886,0.498443047
ENSG00000111224,0.388403229,0.002126575
ENSG00000111229,-0.206077365,0.06755052
ENSG00000111231,-0.706167236,2.19E-08
ENSG00000111237,-0.196947238,0.070499526
ENSG00000111247,0.391635278,0.037198139
ENSG00000111252,-0.156070439,0.257977567
ENSG00000111254,0.201511065,0.141968824
ENSG00000111261,0.065572586,0.606211892
ENSG00000111266,0.179010803,0.127707506
ENSG00000111269,-0.168572374,0.152251793
ENSG00000111271,0.031985921,0.731674684
ENSG00000111275,-0.281603717,0.011808423
ENSG00000111276,0.023990462,0.815937481
ENSG00000111291,-0.042986724,0.446288067
ENSG00000111300,-0.112885354,0.225460717
ENSG00000111305,-0.019800443,0.82941171
ENSG00000111319,0.01209622,0.899849953
ENSG00000111321,-0.245597227,0.007934996
ENSG00000111325,0.052582434,0.608920016
ENSG00000111328,0.030812538,0.786592536
ENSG00000111331,0.37790556,0.019616649
ENSG00000111335,0.453534392,0.019679574
ENSG00000111341,-0.098994675,0.278103903
ENSG00000111348,-0.447332025,0.028257264
ENSG00000111358,-0.169993783,0.12266954
ENSG00000111361,-0.031170503,0.676729658
ENSG00000111364,0.041090692,0.709563954
ENSG00000111371,-0.723399437,8.78E-05
ENSG00000111405,-0.16347105,0.076512653
ENSG00000111412,-0.175921504,0.112043937
ENSG00000111424,0.117446732,0.326239292
ENSG00000111445,0.039972902,0.736264499
ENSG00000111450,-0.618167675,2.27E-08
ENSG00000111452,-0.533457073,0.006805055
ENSG00000111481,0.22930806,0.001405767
ENSG00000111490,0.913573241,0.007583382
ENSG00000111530,-0.016880696,0.852430953
ENSG00000111540,-0.137422938,0.153730209
ENSG00000111554,0.116103535,0.318677492
ENSG00000111581,0.017899743,0.841003871
ENSG00000111596,0.059388012,0.402893019
ENSG00000111602,0.413768533,0.003164407
ENSG00000111605,-0.039710456,0.594331286
ENSG00000111615,0.108237204,0.244487288
ENSG00000111639,-0.061761599,0.561663302
ENSG00000111640,0.095849378,0.432676825
ENSG00000111641,-0.338319348,0.00979716
ENSG00000111642,0.398201054,0.000218918
ENSG00000111644,0.123394064,0.241593429
ENSG00000111647,0.106793245,0.186981698
ENSG00000111652,-0.000197518,0.996068508
ENSG00000111653,0.229311717,0.055660941
ENSG00000111664,0.200475191,0.173689964
ENSG00000111665,0.111417423,0.411930285
ENSG00000111666,-0.139338611,0.258987275
ENSG00000111667,0.140533506,0.165959413
ENSG00000111669,-0.087801942,0.504497712
ENSG00000111670,0.207582242,0.152271916
ENSG00000111671,0.310153245,0.036885554
ENSG00000111674,0.166571119,0.244283037
ENSG00000111676,-0.120515975,0.221656099
ENSG00000111678,-0.158415098,0.224629069
ENSG00000111679,0.026922212,0.598817705
ENSG00000111684,-0.417485917,0.000440919
ENSG00000111696,-0.646806812,0.007599267
ENSG00000111707,0.021039417,0.828931142
ENSG00000111711,-0.018729787,0.866804059
ENSG00000111716,-0.090102375,0.368054305
ENSG00000111725,-0.167017686,0.095799637
ENSG00000111726,-0.283258334,0.005363396
ENSG00000111727,0.063966413,0.465337396
ENSG00000111728,1.383143147,2.16E-07
ENSG00000111729,0.125876765,0.205214993
ENSG00000111731,0.160834017,0.114215705
ENSG00000111737,-0.358014775,0.001874961
ENSG00000111752,0.353189243,0.003437022
ENSG00000111775,-0.088560502,0.364011746
ENSG00000111785,-0.143313076,0.157719171
ENSG00000111786,-0.194346988,0.056281425
ENSG00000111788,0.394164383,0.035662752
ENSG00000111790,0.086900795,0.358719568
ENSG00000111799,0.215888271,0.038919887
ENSG00000111801,0.707089801,2.32E-07
ENSG00000111802,-0.024448453,0.842358639
ENSG00000111816,1.053689431,3.56E-07
ENSG00000111817,-0.189451818,0.051888352
ENSG00000111832,0.03269891,0.740634703
ENSG00000111834,0.210816134,0.072488798
ENSG00000111837,0.131322225,0.247184358
ENSG00000111843,-0.150002752,0.106289092
ENSG00000111845,0.112797132,0.38868989
ENSG00000111846,-0.262975133,0.057626227
ENSG00000111850,0.025564537,0.845113603
ENSG00000111859,-1.566608236,6.03E-09
ENSG00000111860,0.084412118,0.404598635
ENSG00000111863,0.057704531,0.502060328
ENSG00000111875,0.061482543,0.594605586
ENSG00000111877,0.18507222,0.151639744
ENSG00000111879,0.15515359,0.168792033
ENSG00000111880,-0.155967815,0.177215308
ENSG00000111885,-0.732840362,2.29E-05
ENSG00000111886,-0.023444838,0.699772239
ENSG00000111897,-0.220773371,0.058090486
ENSG00000111906,0.01787361,0.865240755
ENSG00000111907,0.017447712,0.835587107
ENSG00000111911,0.425446412,0.002313783
ENSG00000111912,-0.429435007,0.010236939
ENSG00000111913,0.229221392,0.105729904
ENSG00000111961,-0.114973717,0.298291421
ENSG00000111962,-0.09343938,0.354557045
ENSG00000111981,0.09967102,0.430990584
ENSG00000112029,0.23302225,0.1070275
ENSG00000112031,-0.223997754,0.037031361
ENSG00000112033,-0.19356507,0.047308467
ENSG00000112039,-0.243543126,0.061362735
ENSG00000112041,-0.045799403,0.460511056
ENSG00000112053,-0.09526536,0.154296521
ENSG00000112062,-0.286516542,0.000157525
ENSG00000112078,-0.524493279,3.27E-05
ENSG00000112079,-0.14285561,0.151911515
ENSG00000112081,-0.180767176,0.109293994
ENSG00000112096,-0.325283263,0.053118309
ENSG00000112110,-0.052331358,0.64205556
ENSG00000112118,0.020959207,0.846888907
ENSG00000112130,-0.232875387,0.02256241
ENSG00000112137,0.765567701,0.004035173
ENSG00000112139,0.343521574,0.041656707
ENSG00000112144,-0.056445973,0.590985167
ENSG00000112146,-0.271126177,0.001156076
ENSG00000112149,0.302340775,0.068929778
ENSG00000112159,-0.108808685,0.322430124
ENSG00000112167,-0.062019113,0.619666716
ENSG00000112182,-0.144187277,0.201376946
ENSG00000112183,0.239987096,0.097263772
ENSG00000112186,0.115357677,0.398201438
ENSG00000112200,0.136865218,0.155498075
ENSG00000112208,0.169350569,0.164525241
ENSG00000112210,0.063590758,0.621158183
ENSG00000112218,-1.109784675,0.001201523
ENSG00000112234,-0.172204766,0.079450479
ENSG00000112237,-0.118090562,0.245910122
ENSG00000112242,-0.06568135,0.554461932
ENSG00000112245,-0.166232933,0.074695637
ENSG00000112249,0.188238355,0.119748212
ENSG00000112276,-0.516584033,4.95E-05
ENSG00000112282,0.081245035,0.267296499
ENSG00000112290,-0.49425404,1.17E-05
ENSG00000112293,0.075379187,0.194102133
ENSG00000112294,0.072578534,0.528236626
ENSG00000112297,-0.535675166,0.001922671
ENSG00000112303,-0.025603884,0.636327222
ENSG00000112304,0.453718108,0.001394134
ENSG00000112305,0.234226149,0.089415677
ENSG00000112306,0.000416572,0.99783449
ENSG00000112308,0.129486906,0.095487657
ENSG00000112309,0.012987305,0.851715231
ENSG00000112312,-0.009941929,0.937563546
ENSG00000112319,0.372146059,0.019210182
ENSG00000112320,0.782233369,0.000212839
ENSG00000112335,-0.034392789,0.616821946
ENSG00000112339,0.070132165,0.493910967
ENSG00000112343,-0.234193902,0.004782027
ENSG00000112357,0.134081011,0.276790973
ENSG00000112365,-0.118528916,0.292371533
ENSG00000112367,0.08813258,0.41786407
ENSG00000112378,0.020425627,0.867121843
ENSG00000112379,-0.006262034,0.94617462
ENSG00000112394,-0.023200037,0.550488889
ENSG00000112406,-0.142342424,0.287185809
ENSG00000112414,-0.303985796,0.066985189
ENSG00000112419,-0.286565399,0.056858128
ENSG00000112425,-0.046091949,0.715733951
ENSG00000112473,0.210740605,0.024946501
ENSG00000112511,0.113892573,0.280501963
ENSG00000112514,0.193310421,0.018125811
ENSG00000112530,0.002971898,0.966665999
ENSG00000112531,-0.219962421,0.00552133
ENSG00000112541,-0.004557866,0.943869534
ENSG00000112559,0.030610296,0.41793731
ENSG00000112561,0.627755747,0.002958395
ENSG00000112562,-0.040102016,0.390485097
ENSG00000112576,-0.904526358,5.91E-12
ENSG00000112578,-0.020769314,0.866544765
ENSG00000112584,-0.024050081,0.805306216
ENSG00000112592,-0.042024278,0.715001779
ENSG00000112599,0.060195869,0.470672392
ENSG00000112619,0.225966686,0.136059124
ENSG00000112624,0.099820408,0.293898834
ENSG00000112640,-0.032396813,0.713206775
ENSG00000112651,0.042146866,0.681749155
ENSG00000112655,0.095443427,0.260560382
ENSG00000112658,-0.894676148,3.79E-10
ENSG00000112659,0.253057874,0.03660274
ENSG00000112667,0.056280955,0.639901198
ENSG00000112679,-0.265409329,0.060261503
ENSG00000112685,-0.001204524,0.989943022
ENSG00000112695,-0.103567659,0.440519066
ENSG00000112697,0.013597456,0.913492808
ENSG00000112699,0.301278019,0.031080086
ENSG00000112701,0.029840033,0.730587069
ENSG00000112706,-0.09402307,0.427032516
ENSG00000112715,1.075150611,3.93E-06
ENSG00000112739,-0.094554685,0.262077665
ENSG00000112742,0.139710867,0.253222217
ENSG00000112759,0.13519991,0.262022615
ENSG00000112761,0.028119192,0.543324731
ENSG00000112763,-0.048866701,0.613144103
ENSG00000112769,0.062264428,0.548732683
ENSG00000112773,1.16140803,5.17E-18
ENSG00000112787,-0.270875978,0.010375711
ENSG00000112796,0.110513814,0.261843733
ENSG00000112837,1.760635311,1.47E-19
ENSG00000112851,-0.352947995,0.000296523
ENSG00000112852,0.052737592,0.689042544
ENSG00000112855,0.012509244,0.892574674
ENSG00000112874,-0.005116656,0.965521523
ENSG00000112877,0.286948984,0.075249105
ENSG00000112893,-0.034703111,0.705790844
ENSG00000112902,0.115987722,0.377302318
ENSG00000112936,-2.938944927,4.02E-07
ENSG00000112941,-0.038654722,0.666100898
ENSG00000112964,-0.035051074,0.756937325
ENSG00000112972,0.361335594,0.000934518
ENSG00000112977,0.114808484,0.1546235
ENSG00000112981,0.058228204,0.626644629
ENSG00000112983,0.124317054,0.199068732
ENSG00000112984,0.037783135,0.762480559
ENSG00000112992,0.048921956,0.621469918
ENSG00000112996,0.035058876,0.708809074
ENSG00000113013,0.159945914,0.114403464
ENSG00000113048,0.10162152,0.219391477
ENSG00000113068,0.051980856,0.618417248
ENSG00000113070,0.16107638,0.210875456
ENSG00000113083,-0.317511489,0.05385281
ENSG00000113108,-0.005338636,0.959182705
ENSG00000113119,-0.426950928,0.002797565
ENSG00000113140,0.514765009,3.01E-09
ENSG00000113141,-0.078378197,0.355236352
ENSG00000113161,0.024162469,0.820849353
ENSG00000113163,-0.330426836,0.024215202
ENSG00000113194,-0.065031241,0.437200106
ENSG00000113205,0.089900467,0.440760196
ENSG00000113209,0.163804358,0.147399637
ENSG00000113211,-0.077879371,0.527658392
ENSG00000113212,0.207792361,0.14933688
ENSG00000113231,-0.094004493,0.481900814
ENSG00000113240,-0.116081755,0.330758606
ENSG00000113248,0.198245908,0.166526524
ENSG00000113262,0.066854366,0.229200358
ENSG00000113269,0.010114875,0.94235775
ENSG00000113272,0.087580111,0.440116997
ENSG00000113273,-0.08496941,0.499897464
ENSG00000113282,-0.07699758,0.332017755
ENSG00000113296,0.177563643,0.21869762
ENSG00000113300,0.014746166,0.89918786
ENSG00000113312,-0.064124371,0.50597443
ENSG00000113318,0.13359046,0.302137783
ENSG00000113319,0.258256295,0.097332732
ENSG00000113328,0.190566076,0.060715993
ENSG00000113356,0.111468073,0.404666939
ENSG00000113360,-0.10387736,0.261509644
ENSG00000113361,0.43410412,0.020414459
ENSG00000113368,0.535926332,0.017970338
ENSG00000113369,0.188156511,0.180866061
ENSG00000113384,-0.248701525,0.020544322
ENSG00000113387,0.15398529,0.11481208
ENSG00000113389,-0.670575598,0.005949333
ENSG00000113391,-0.033592386,0.769068083
ENSG00000113396,-0.09183604,0.300992582
ENSG00000113407,0.250712185,0.029238206
ENSG00000113441,-0.448091405,0.002134936
ENSG00000113448,-0.070347756,0.36488142
ENSG00000113456,-0.812353893,4.68E-19
ENSG00000113460,-0.911738682,7.32E-07
ENSG00000113494,-0.098588167,0.084769689
ENSG00000113504,-0.006962395,0.954922089
ENSG00000113522,-0.024610604,0.805457723
ENSG00000113552,0.532888753,4.66E-05
ENSG00000113555,0.034542673,0.777097986
ENSG00000113558,-0.061165958,0.496096833
ENSG00000113569,0.048348596,0.631934718
ENSG00000113575,-0.087418127,0.203063419
ENSG00000113578,-0.499265689,0.02192051
ENSG00000113580,0.942578292,7.33E-09
ENSG00000113583,-0.069017644,0.449169689
ENSG00000113593,0.029301384,0.718763085
ENSG00000113594,-0.239122312,0.110415499
ENSG00000113595,-0.197644695,0.051829378
ENSG00000113597,0.211578097,0.069623479
ENSG00000113600,-0.037977372,0.639111793
ENSG00000113615,-0.088322892,0.400016928
ENSG00000113621,-0.220376396,0.022936251
ENSG00000113638,0.094866537,0.375031173
ENSG00000113643,0.036380499,0.739402547
ENSG00000113645,-0.617851607,0.012590466
ENSG00000113648,-0.05187243,0.657718268
ENSG00000113649,0.062823799,0.536846323
ENSG00000113657,0.571384453,2.68E-07
ENSG00000113658,0.116322979,0.20335854
ENSG00000113712,0.054375471,0.573011786
ENSG00000113716,-0.040845692,0.671066117
ENSG00000113719,-0.707226919,3.09E-09
ENSG00000113721,-0.346527314,0.00025485
ENSG00000113722,0.133159381,0.292116743
ENSG00000113732,-0.22562984,0.035381945
ENSG00000113734,0.239220591,0.064024098
ENSG00000113739,-0.228176359,0.06287982
ENSG00000113742,-0.097388889,0.437175958
ENSG00000113749,0.01841116,0.522872727
ENSG00000113758,0.143003916,0.186650058
ENSG00000113761,0.032832443,0.759031443
ENSG00000113790,-0.187622815,0.1850664
ENSG00000113805,0.027987844,0.828285986
ENSG00000113810,0.438278253,0.00031998
ENSG00000113811,-0.214556515,0.059864225
ENSG00000113812,0.090876601,0.407056358
ENSG00000113838,-0.071429519,0.531647509
ENSG00000113845,-0.148578936,0.097005815
ENSG00000113851,-0.020984483,0.843127978
ENSG00000113916,-0.768154503,7.80E-10
ENSG00000113924,0.027641005,0.612350642
ENSG00000113966,0.197433005,0.136606252
ENSG00000113971,0.000860749,0.996301657
ENSG00000114019,-0.867513215,1.08E-08
ENSG00000114021,-0.460513863,2.08E-06
ENSG00000114023,0.194835256,0.093165666
ENSG00000114026,0.178014825,0.131838931
ENSG00000114030,-0.127107627,0.129850318
ENSG00000114054,0.226261776,0.112579833
ENSG00000114062,-0.075788531,0.380884273
ENSG00000114098,-1.326483201,2.79E-27
ENSG00000114107,-0.151706559,0.229357713
ENSG00000114115,0.289623679,0.028138478
ENSG00000114120,-0.122697705,0.183074149
ENSG00000114125,-0.154259871,0.107824704
ENSG00000114126,0.235588855,0.039270458
ENSG00000114127,-0.058899061,0.633370489
ENSG00000114166,-0.016534343,0.918757728
ENSG00000114200,0.06464265,0.473046025
ENSG00000114209,-0.384380424,0.000107853
ENSG00000114251,0.055455287,0.583135357
ENSG00000114268,0.050940707,0.679346467
ENSG00000114270,-1.175540695,2.51E-11
ENSG00000114302,-0.066625327,0.470233761
ENSG00000114316,-0.115428011,0.31386859
ENSG00000114331,0.192558478,0.04122007
ENSG00000114346,-0.019171355,0.845123022
ENSG00000114353,0.021780262,0.707560028
ENSG00000114354,-0.056189309,0.508930514
ENSG00000114374,0.000188677,0.988413623
ENSG00000114378,-0.045252405,0.691992051
ENSG00000114383,-0.234564099,0.017153141
ENSG00000114388,0.222841116,0.064535111
ENSG00000114391,0.01129272,0.900825986
ENSG00000114395,0.044052194,0.715411286
ENSG00000114405,-0.13609112,0.315562967
ENSG00000114416,0.030625336,0.739051162
ENSG00000114423,-0.404093886,0.007172491
ENSG00000114439,-0.267611924,0.023518833
ENSG00000114446,0.034423825,0.724575703
ENSG00000114450,-0.89496402,4.22E-11
ENSG00000114473,-0.024510874,0.820211989
ENSG00000114480,-0.163890091,0.248856329
ENSG00000114491,0.021216884,0.830612263
ENSG00000114503,0.004996375,0.95985198
ENSG00000114520,-0.182288854,0.061899886
ENSG00000114529,0.021336315,0.856562506
ENSG00000114541,0.039820791,0.380823382
ENSG00000114544,-0.00801694,0.940620522
ENSG00000114554,0.00754331,0.955906124
ENSG00000114573,0.223818973,0.108357468
ENSG00000114626,-0.515239629,0.000267995
ENSG00000114631,0.219519535,0.141485278
ENSG00000114646,0.011785716,0.796501044
ENSG00000114648,0.055387644,0.585004411
ENSG00000114650,-0.32688953,6.24E-05
ENSG00000114670,1.201366791,4.47E-11
ENSG00000114686,-0.008622626,0.929932598
ENSG00000114698,-0.491763696,2.86E-05
ENSG00000114735,0.413027032,0.000677209
ENSG00000114737,-0.015361547,0.909711709
ENSG00000114738,0.086845751,0.386016133
ENSG00000114739,0.000314385,0.999130385
ENSG00000114742,0.008828417,0.929298092
ENSG00000114744,-0.116756733,0.209238987
ENSG00000114745,-0.536665635,9.47E-13
ENSG00000114757,0.067086158,0.493805407
ENSG00000114767,-0.875996223,1.77E-07
ENSG00000114770,-0.274935575,0.020160369
ENSG00000114771,-0.026998448,0.671165709
ENSG00000114779,-0.127752396,0.281799017
ENSG00000114784,0.012459319,0.907681102
ENSG00000114790,-0.200132752,0.174901434
ENSG00000114796,-0.082272146,0.533273602
ENSG00000114805,0.002274592,0.9659826
ENSG00000114841,0.215144706,0.125213759
ENSG00000114850,-0.373923972,3.76E-05
ENSG00000114853,-0.726585722,3.95E-12
ENSG00000114854,0.007412993,0.911999496
ENSG00000114857,0.273124184,0.015529154
ENSG00000114859,0.041137818,0.750607654
ENSG00000114861,0.309006098,0.000134598
ENSG00000114867,-0.183667892,0.061028289
ENSG00000114902,-0.090950234,0.287881751
ENSG00000114904,0.056093737,0.606997388
ENSG00000114923,0.052302835,0.679611332
ENSG00000114933,-0.092705298,0.346403116
ENSG00000114942,0.041100872,0.714599572
ENSG00000114948,-0.034790598,0.593488516
ENSG00000114956,-0.080513595,0.423634152
ENSG00000114978,-0.27560238,0.002468897
ENSG00000114982,-0.213028801,0.09503357
ENSG00000114988,-0.038095142,0.758903112
ENSG00000114993,0.210611473,0.076416887
ENSG00000114999,-0.090451039,0.298073156
ENSG00000115009,-0.030187407,0.316836619
ENSG00000115020,-0.211978342,0.039525985
ENSG00000115041,-0.028305959,0.826395034
ENSG00000115042,0.07345255,0.405563868
ENSG00000115053,0.036471113,0.734745665
ENSG00000115073,-0.043786733,0.626428903
ENSG00000115084,-0.657249278,5.70E-06
ENSG00000115091,-0.544245638,2.65E-07
ENSG00000115107,0.010727389,0.89946301
ENSG00000115109,-0.178144019,0.102106227
ENSG00000115128,0.015793256,0.881656595
ENSG00000115129,0.279457461,0.004657397
ENSG00000115137,0.085260677,0.494957022
ENSG00000115138,0.008873236,0.880837793
ENSG00000115145,-0.112187714,0.219840169
ENSG00000115159,-0.382654521,0.020485578
ENSG00000115163,-0.129895215,0.246459294
ENSG00000115170,0.032450537,0.723262813
ENSG00000115183,0.399625623,0.004152005
ENSG00000115194,-0.057695308,0.521763361
ENSG00000115204,0.085576138,0.281496775
ENSG00000115207,-0.033810528,0.685439031
ENSG00000115211,-0.09411781,0.317029531
ENSG00000115216,-0.003377856,0.961477163
ENSG00000115221,0.007007063,0.889248498
ENSG00000115226,-0.022206129,0.803217637
ENSG00000115232,-0.170616908,0.220473601
ENSG00000115233,-0.129208099,0.185417793
ENSG00000115234,-0.028350965,0.722318876
ENSG00000115239,0.027857037,0.793859685
ENSG00000115241,-0.024872935,0.75776702
ENSG00000115252,-0.14365003,0.267521947
ENSG00000115255,-0.27918154,0.080646187
ENSG00000115257,0.090617798,0.49573375
ENSG00000115266,-0.061552351,0.614150454
ENSG00000115267,0.265117445,0.092512452
ENSG00000115268,0.028272033,0.775167702
ENSG00000115271,-0.463565269,0.003290908
ENSG00000115274,0.104206847,0.366690735
ENSG00000115275,-0.21484856,0.053891569
ENSG00000115282,0.091103254,0.385635453
ENSG00000115286,0.122209096,0.333357779
ENSG00000115289,0.162150505,0.172242813
ENSG00000115290,-0.173820824,0.18073622
ENSG00000115295,-0.320955618,0.021839062
ENSG00000115306,-0.127805477,0.20591483
ENSG00000115307,-0.352165091,0.000373982
ENSG00000115310,-0.124274697,0.269587335
ENSG00000115317,-0.036814266,0.731375427
ENSG00000115318,0.044981896,0.732886991
ENSG00000115325,-0.126445908,0.189691406
ENSG00000115339,-0.140582499,0.287844083
ENSG00000115350,-0.091109534,0.400214849
ENSG00000115355,0.122517451,0.350274722
ENSG00000115361,-0.124921024,0.249232145
ENSG00000115363,0.12755193,0.35520546
ENSG00000115364,0.003881645,0.9683821
ENSG00000115365,-0.051633536,0.626665168
ENSG00000115368,-0.084539906,0.384365119
ENSG00000115380,-0.029101699,0.821043681
ENSG00000115392,0.114632121,0.387458773
ENSG00000115414,-0.024725687,0.845546884
ENSG00000115415,-0.209363603,0.158986514
ENSG00000115419,-1.15020633,3.08E-15
ENSG00000115421,-0.14412478,0.15119812
ENSG00000115423,0.064568835,0.397936694
ENSG00000115425,0.237323401,0.094690887
ENSG00000115446,-0.134497925,0.186667921
ENSG00000115457,-0.183441043,0.016688213
ENSG00000115459,0.133681697,0.177490862
ENSG00000115461,0.08371669,0.513675554
ENSG00000115464,0.026842728,0.813996469
ENSG00000115468,-0.016582958,0.424667653
ENSG00000115484,0.052821911,0.45505808
ENSG00000115486,0.138312397,0.2571609
ENSG00000115504,0.211283604,0.04837078
ENSG00000115507,0.027268617,NA
ENSG00000115514,-0.229439359,0.031979238
ENSG00000115520,-0.060307778,0.544081303
ENSG00000115524,0.119818491,0.140670376
ENSG00000115525,0.12143126,0.308581749
ENSG00000115526,0.071194093,0.563902635
ENSG00000115539,-0.338282362,0.009164224
ENSG00000115540,-0.114523396,0.347421863
ENSG00000115541,-0.075801125,0.565824825
ENSG00000115548,-0.254160791,0.029691802
ENSG00000115556,0.292783571,0.048166255
ENSG00000115561,0.048540008,0.670552976
ENSG00000115568,0.038168059,0.714704069
ENSG00000115590,-0.076779546,0.253901434
ENSG00000115592,0.089331544,0.098472406
ENSG00000115594,-0.18338914,0.129356957
ENSG00000115598,0.069112929,0.589111346
ENSG00000115602,-0.077118549,0.041574171
ENSG00000115604,0.028314409,0.786286516
ENSG00000115641,-0.217012965,0.084167101
ENSG00000115648,0.147214169,0.158378332
ENSG00000115649,-0.20990833,0.130062485
ENSG00000115652,-0.212081618,0.086063753
ENSG00000115657,-0.070749841,0.560441795
ENSG00000115661,-0.05692999,0.589347289
ENSG00000115677,0.102005864,0.084955195
ENSG00000115685,0.124539301,0.168525591
ENSG00000115687,-0.05991408,0.642925876
ENSG00000115694,-0.088320137,0.367783187
ENSG00000115738,-0.173135921,0.180196073
ENSG00000115750,0.004543834,0.96964838
ENSG00000115756,-0.068389917,0.55424584
ENSG00000115758,-0.111333458,0.328912278
ENSG00000115760,-0.238737631,0.012282831
ENSG00000115761,-0.059530167,0.577142754
ENSG00000115762,-0.073970505,0.432150008
ENSG00000115806,0.137906179,0.131450786
ENSG00000115808,-0.04586191,0.660896908
ENSG00000115816,-0.094401323,0.297671951
ENSG00000115825,0.055100754,0.586270499
ENSG00000115827,0.048971835,0.652990833
ENSG00000115828,-0.977954566,0.000156437
ENSG00000115839,0.042515898,0.539451135
ENSG00000115840,-0.419348162,0.001712094
ENSG00000115841,-0.721699748,9.26E-08
ENSG00000115866,-0.062126913,0.551841655
ENSG00000115875,0.051276323,0.581648661
ENSG00000115884,0.784813179,1.27E-06
ENSG00000115896,-0.237601693,0.117158795
ENSG00000115902,0.112505761,0.405288689
ENSG00000115904,-0.096025474,0.42375194
ENSG00000115919,0.015093603,0.857791808
ENSG00000115935,-0.178976223,0.038792558
ENSG00000115942,0.011642392,0.902118207
ENSG00000115944,0.035761223,0.719889811
ENSG00000115946,-0.579973459,0.002312517
ENSG00000115947,-0.015082338,0.878701887
ENSG00000115956,0.032820958,0.524966953
ENSG00000115963,0.700425405,7.06E-07
ENSG00000115966,-0.020657852,0.824473676
ENSG00000115970,-0.025840026,0.767567309
ENSG00000115977,0.12309031,0.316011631
ENSG00000115993,-0.874823388,9.74E-08
ENSG00000115998,0.344504702,0.001695522
ENSG00000116001,0.493347814,1.58E-13
ENSG00000116005,-0.349134026,0.018587537
ENSG00000116016,0.540559965,0.000535246
ENSG00000116017,-0.284469252,0.071667743
ENSG00000116030,0.042529537,0.635148067
ENSG00000116032,0.07559677,0.566869162
ENSG00000116035,-0.226589253,0.121716199
ENSG00000116039,-0.2005212,0.139379111
ENSG00000116044,-0.081365394,0.498249664
ENSG00000116062,-0.071883418,0.374997143
ENSG00000116095,-0.32370772,0.007533997
ENSG00000116096,-0.222190808,0.046135515
ENSG00000116106,-1.018538017,0.002076507
ENSG00000116117,-0.356637613,0.033038426
ENSG00000116120,-0.036651602,0.722045474
ENSG00000116127,0.341318163,0.008761014
ENSG00000116128,0.499013968,6.77E-05
ENSG00000116132,0.741874151,9.10E-13
ENSG00000116133,-0.566278564,0.011898897
ENSG00000116138,-0.184702906,0.030812987
ENSG00000116141,-0.096046316,0.244353522
ENSG00000116151,0.044913032,0.732824635
ENSG00000116157,0.079637724,0.538142144
ENSG00000116161,0.230650704,0.018331687
ENSG00000116171,0.277960649,0.000701097
ENSG00000116183,0.010214257,0.883729992
ENSG00000116191,0.287995291,0.039556986
ENSG00000116194,-1.830405709,1.66E-06
ENSG00000116198,-0.178699059,0.108176355
ENSG00000116199,-0.196713476,0.112076058
ENSG00000116205,0.090539768,0.399091065
ENSG00000116209,-0.098992084,0.335738501
ENSG00000116212,-0.254315822,0.004585268
ENSG00000116213,-0.184731887,0.13089675
ENSG00000116221,-0.001982151,0.980355438
ENSG00000116237,-0.089526134,0.341108227
ENSG00000116251,0.037323696,0.702916117
ENSG00000116254,-0.044398168,0.659782386
ENSG00000116260,0.018073135,0.862178647
ENSG00000116266,-0.172581114,0.038603455
ENSG00000116273,-0.147783465,0.159473396
ENSG00000116285,-2.401338148,2.13E-26
ENSG00000116288,-0.064109533,0.522984805
ENSG00000116299,0.895021317,0.001113778
ENSG00000116337,0.229611053,0.030128601
ENSG00000116350,-0.074169645,0.415326366
ENSG00000116353,0.099866901,0.42433237
ENSG00000116396,-0.034306487,0.789663806
ENSG00000116406,-0.33200943,0.001675704
ENSG00000116455,-0.433262289,0.00018434
ENSG00000116459,-0.02604322,0.759854855
ENSG00000116473,-0.095445449,0.26061695
ENSG00000116478,-0.046292239,0.653617485
ENSG00000116489,-0.109014955,0.19580877
ENSG00000116497,-0.07298356,0.471121055
ENSG00000116514,0.251427172,0.067642864
ENSG00000116521,-0.144116849,0.098224912
ENSG00000116525,-0.146425431,0.272052715
ENSG00000116539,0.101060903,0.195680954
ENSG00000116544,0.038853653,0.507949698
ENSG00000116560,-0.127804866,0.230245153
ENSG00000116574,0.003724834,0.962540703
ENSG00000116580,0.102412387,0.285219572
ENSG00000116584,1.002736122,3.64E-35
ENSG00000116586,0.056957465,0.535545439
ENSG00000116604,-0.309537803,0.003233225
ENSG00000116641,0.021651335,0.834277338
ENSG00000116649,-0.73308093,1.78E-07
ENSG00000116652,0.154438859,0.16425522
ENSG00000116661,-0.119369199,0.379902535
ENSG00000116663,-0.013653732,0.914245707
ENSG00000116667,-0.554158511,0.015185698
ENSG00000116668,0.178198287,0.162571753
ENSG00000116670,-0.223126062,0.03486227
ENSG00000116675,-1.939528959,1.21E-06
ENSG00000116678,-0.201139194,0.17399069
ENSG00000116679,0.71254757,7.55E-06
ENSG00000116685,-0.152525273,0.050915265
ENSG00000116688,0.107573976,0.188860022
ENSG00000116690,-1.236123235,0.002680618
ENSG00000116691,-0.262347087,0.081989854
ENSG00000116698,0.070006963,0.482608958
ENSG00000116701,0.00060297,0.993229936
ENSG00000116704,-0.813506542,3.36E-09
ENSG00000116711,2.371950447,3.24E-10
ENSG00000116717,-0.073716716,0.544048398
ENSG00000116721,-0.019947778,0.197108771
ENSG00000116729,0.114667131,0.386380782
ENSG00000116731,-0.211330377,0.017825444
ENSG00000116741,0.000768778,0.997449693
ENSG00000116747,-0.199628438,0.039855911
ENSG00000116750,-0.076606238,0.450557256
ENSG00000116752,0.158094403,0.107803311
ENSG00000116754,-0.110384827,0.207223276
ENSG00000116761,-0.706025116,0.004107958
ENSG00000116771,-0.066638308,0.50162272
ENSG00000116774,-0.127183673,0.140298966
ENSG00000116785,-0.085828528,0.293583827
ENSG00000116786,-0.132684461,0.141282387
ENSG00000116791,0.165599458,0.212501165
ENSG00000116793,-0.155937189,0.208985367
ENSG00000116809,0.062163922,0.555889013
ENSG00000116815,-0.034124782,0.790011241
ENSG00000116819,0.160361831,0.224614247
ENSG00000116830,0.180284418,0.187718728
ENSG00000116857,0.196358732,0.111874948
ENSG00000116863,-0.058528345,0.570621716
ENSG00000116871,-0.067493026,0.52101322
ENSG00000116874,0.062410011,0.61338054
ENSG00000116883,-0.075096266,0.560714815
ENSG00000116885,0.204367141,0.146961551
ENSG00000116898,-0.006921263,0.955105173
ENSG00000116903,-0.202638602,0.038944708
ENSG00000116906,-0.149606507,0.159817099
ENSG00000116918,-0.248446292,0.01487473
ENSG00000116922,-0.084935626,0.393275038
ENSG00000116954,-0.183046118,0.134863423
ENSG00000116957,0.073188912,0.487546031
ENSG00000116962,-1.471909262,9.86E-10
ENSG00000116977,-0.123906339,0.288532821
ENSG00000116984,-0.062178869,0.626739471
ENSG00000116985,-0.057580769,0.538821915
ENSG00000116990,0.050220344,0.423809283
ENSG00000116991,2.473870333,1.08E-06
ENSG00000117000,-0.081225986,0.453431191
ENSG00000117009,0.011499946,0.829321894
ENSG00000117010,0.070774637,0.580638085
ENSG00000117013,-0.18005099,0.056056325
ENSG00000117016,-0.023920691,0.807883623
ENSG00000117020,-0.275878954,0.032282871
ENSG00000117036,-0.078688025,0.35854143
ENSG00000117054,-0.246978807,0.067678439
ENSG00000117069,0.064589202,0.536934919
ENSG00000117114,0.110523585,0.417718597
ENSG00000117115,0.008757448,0.863728459
ENSG00000117118,-0.112795467,0.261555161
ENSG00000117122,0.569510482,9.84E-05
ENSG00000117133,-0.072826325,0.49581492
ENSG00000117139,0.100413084,0.342470966
ENSG00000117143,-0.624289292,2.13E-09
ENSG00000117148,0.066163637,NA
ENSG00000117151,-0.091406912,0.491565424
ENSG00000117152,0.814206282,0.003137822
ENSG00000117153,0.03983718,0.621211455
ENSG00000117155,0.239678366,0.115913411
ENSG00000117174,-0.104106998,0.39238711
ENSG00000117222,0.232783118,0.017374611
ENSG00000117226,0.023501531,0.707424419
ENSG00000117228,-0.241895986,0.085234759
ENSG00000117242,-0.105346019,0.416777373
ENSG00000117245,-0.053225109,0.571224772
ENSG00000117262,0.030007398,0.7548105
ENSG00000117266,0.278176422,0.055742606
ENSG00000117280,-0.470403218,0.000181787
ENSG00000117281,-0.025604301,0.826508334
ENSG00000117289,0.060816238,0.64024847
ENSG00000117298,-0.251207971,0.009270079
ENSG00000117305,0.041565257,0.622157503
ENSG00000117308,0.067804573,0.603889624
ENSG00000117318,-0.065915905,0.616481092
ENSG00000117335,-0.045386456,0.673035311
ENSG00000117360,-0.007393258,0.942195923
ENSG00000117362,-0.095423233,0.352658979
ENSG00000117385,0.321156979,0.004469871
ENSG00000117394,-0.236259791,0.127295392
ENSG00000117395,-0.147669798,0.230982392
ENSG00000117399,0.008273597,0.944604025
ENSG00000117407,0.046520131,0.593123197
ENSG00000117408,-0.063882929,0.512067576
ENSG00000117410,-0.306945997,0.014022652
ENSG00000117411,0.202562302,0.054295534
ENSG00000117419,-0.128947211,0.093045762
ENSG00000117425,0.11937599,0.363958362
ENSG00000117448,0.089782926,0.398576619
ENSG00000117450,-0.005370551,0.956692777
ENSG00000117461,1.533773825,1.16E-06
ENSG00000117472,0.063882177,0.245152488
ENSG00000117475,-0.098681939,0.378492701
ENSG00000117477,0.058714407,0.543979415
ENSG00000117479,-0.874264063,0.000489129
ENSG00000117480,-0.071524807,0.560179009
ENSG00000117481,-0.025422367,0.792502907
ENSG00000117500,-0.375173052,0.000213641
ENSG00000117505,-0.068568944,0.441904972
ENSG00000117507,0.025550122,0.712495139
ENSG00000117519,-0.344438942,0.01275502
ENSG00000117523,0.168680451,0.129249495
ENSG00000117525,-0.262749763,0.097952055
ENSG00000117528,0.050325439,0.594349962
ENSG00000117533,-0.050984182,0.651379639
ENSG00000117543,0.288381543,0.022501802
ENSG00000117569,0.302830081,0.010781653
ENSG00000117586,-0.082765103,0.509400781
ENSG00000117592,-0.396869192,0.000165454
ENSG00000117593,-0.112574969,0.229040045
ENSG00000117594,-0.125829847,0.138405024
ENSG00000117595,-0.014644906,0.81383631
ENSG00000117597,-0.196062514,0.117530489
ENSG00000117600,1.728764155,0.000243712
ENSG00000117601,-0.029904831,0.60505485
ENSG00000117602,-0.707588216,0.002423802
ENSG00000117614,-0.056574636,0.54565532
ENSG00000117616,-0.157507169,0.157889802
ENSG00000117620,-0.304011503,0.017840112
ENSG00000117625,0.092900415,0.329362029
ENSG00000117632,0.021658987,0.852453197
ENSG00000117640,0.027833614,0.725459359
ENSG00000117643,0.378388955,0.029421175
ENSG00000117650,0.010400789,0.906477262
ENSG00000117676,0.058020373,0.582599139
ENSG00000117682,-0.030548679,0.765529674
ENSG00000117691,0.037148213,0.718170632
ENSG00000117697,0.294974166,0.004234581
ENSG00000117707,0.028479907,0.773981577
ENSG00000117713,0.053756921,0.499202307
ENSG00000117724,0.557724719,0.000897923
ENSG00000117748,0.089745622,0.502425356
ENSG00000117751,-0.116141184,0.112647994
ENSG00000117758,-0.917417828,1.20E-09
ENSG00000117791,-0.330867349,0.02769971
ENSG00000117834,-0.074204636,0.552251826
ENSG00000117859,-0.358428713,0.01116621
ENSG00000117862,-0.151321217,0.077416861
ENSG00000117868,-0.496728229,0.000105787
ENSG00000117877,-0.184757035,0.181913248
ENSG00000117899,-0.213141741,0.01157194
ENSG00000117906,-0.217802047,0.073880468
ENSG00000117984,0.046963604,0.585819619
ENSG00000118007,0.037790118,0.732967238
ENSG00000118017,0.023947172,0.691691907
ENSG00000118046,0.082628056,0.354751043
ENSG00000118058,0.228587052,0.03132576
ENSG00000118094,-0.157547227,0.06660173
ENSG00000118096,0.150958623,0.152944554
ENSG00000118113,-0.003698429,0.934957585
ENSG00000118156,0.073789784,0.281449034
ENSG00000118160,-0.073615196,0.174941134
ENSG00000118162,-0.097922782,0.444804183
ENSG00000118181,0.011965791,0.922380236
ENSG00000118193,0.047065995,0.685147369
ENSG00000118194,-0.122330158,0.011758876
ENSG00000118197,-0.268118126,0.012145419
ENSG00000118200,-0.06192022,0.481416745
ENSG00000118217,-0.074728767,0.500285655
ENSG00000118242,0.140351843,0.312089545
ENSG00000118246,-0.028895896,0.749958392
ENSG00000118257,-0.958311222,4.99E-08
ENSG00000118260,0.243492873,0.042211949
ENSG00000118263,-0.211668549,0.101987262
ENSG00000118276,-0.026182655,0.797261512
ENSG00000118292,0.078919635,0.551565592
ENSG00000118298,-0.078668461,0.419279273
ENSG00000118307,0.280125079,0.055083811
ENSG00000118308,0.093230601,0.127273654
ENSG00000118363,-0.143731501,0.17279967
ENSG00000118369,0.199844102,0.062660365
ENSG00000118402,0.12144347,0.338735828
ENSG00000118407,0.230563003,0.131912054
ENSG00000118412,-0.050990098,0.620220796
ENSG00000118418,0.214370446,0.112588359
ENSG00000118420,0.310971237,0.066332719
ENSG00000118454,-0.322561278,5.88E-05
ENSG00000118473,-0.01543102,0.89475878
ENSG00000118482,0.082438492,0.391578962
ENSG00000118495,0.099616862,0.371915583
ENSG00000118496,-0.135725686,0.266120108
ENSG00000118503,-0.518532251,2.67E-05
ENSG00000118507,-0.967677666,5.66E-08
ENSG00000118508,0.26005224,0.052540373
ENSG00000118514,0.071978541,0.363761752
ENSG00000118515,-0.443687303,0.002839084
ENSG00000118518,-0.002726874,0.979032217
ENSG00000118523,-0.327140992,0.02419528
ENSG00000118526,-0.393492335,0.017075686
ENSG00000118557,-0.091340585,0.309321888
ENSG00000118564,-0.049975999,0.605456858
ENSG00000118579,-0.335044128,0.00116391
ENSG00000118596,-0.204081106,0.127787011
ENSG00000118600,-0.065815478,0.58296901
ENSG00000118620,-0.025344441,0.837938958
ENSG00000118640,0.19211778,0.135615891
ENSG00000118655,-0.294109352,0.02941222
ENSG00000118680,-0.420813309,0.000831586
ENSG00000118689,-1.239673165,3.63E-18
ENSG00000118690,-0.349858897,0.045621599
ENSG00000118705,-0.039638226,0.668088224
ENSG00000118707,0.539129471,6.69E-05
ENSG00000118729,0.009894571,0.742303894
ENSG00000118762,-0.729776388,0.000547656
ENSG00000118777,0.191129983,0.182971562
ENSG00000118785,-0.017447505,0.632279993
ENSG00000118804,-0.125623759,0.358863571
ENSG00000118816,-0.059757921,0.582539424
ENSG00000118849,-0.013905431,0.821866019
ENSG00000118855,0.091398539,0.507446449
ENSG00000118873,0.00516284,0.954248046
ENSG00000118894,0.007494683,0.955548043
ENSG00000118898,0.003760848,0.98237441
ENSG00000118900,-0.149796206,0.141668929
ENSG00000118922,0.042285165,0.662518407
ENSG00000118939,0.025458461,0.831401502
ENSG00000118960,-0.211074773,0.038167006
ENSG00000118961,0.151434088,0.23632628
ENSG00000118965,-0.104852329,0.308267943
ENSG00000118971,0.370819915,0.028775751
ENSG00000118976,-0.185603046,0.203232185
ENSG00000118985,-0.170609932,0.204373018
ENSG00000118990,-0.060281128,0.302213491
ENSG00000118997,0.226947274,0.066820056
ENSG00000119004,-0.07211204,0.55156977
ENSG00000119013,-0.033842677,0.747479768
ENSG00000119041,-0.013972112,0.871017947
ENSG00000119042,-0.01203143,0.924484286
ENSG00000119048,-0.255710429,0.030871032
ENSG00000119121,0.015697009,0.823187849
ENSG00000119138,-2.069663892,1.16E-24
ENSG00000119139,-1.892293298,5.07E-15
ENSG00000119147,-0.017467436,0.619396267
ENSG00000119185,-0.2058477,0.122583966
ENSG00000119203,-0.054423208,0.600315891
ENSG00000119227,-0.291680174,0.069563815
ENSG00000119231,-0.158548935,0.113953685
ENSG00000119242,0.111763338,0.169467902
ENSG00000119280,-0.278015236,0.084229932
ENSG00000119283,0.03994651,0.641529087
ENSG00000119285,-0.121551176,0.206652548
ENSG00000119314,-0.080699212,0.442243041
ENSG00000119318,-0.375409749,0.020235358
ENSG00000119321,-0.012648819,0.891614658
ENSG00000119326,-0.126650449,0.356949362
ENSG00000119328,0.103045057,0.360038488
ENSG00000119333,0.183248489,0.122501899
ENSG00000119335,-0.028328092,0.723396937
ENSG00000119383,0.101748093,0.336370497
ENSG00000119392,-0.283244039,0.004841213
ENSG00000119396,-0.028094413,0.729560802
ENSG00000119397,0.271390785,0.013187434
ENSG00000119401,-0.056752133,0.505851375
ENSG00000119402,-0.043022358,0.554186008
ENSG00000119403,0.089657088,0.513032595
ENSG00000119408,0.413356329,0.012735289
ENSG00000119414,-0.076018826,0.354459073
ENSG00000119421,-0.093281059,0.385328386
ENSG00000119431,0.052805085,0.666077064
ENSG00000119446,-0.1166492,0.269849454
ENSG00000119471,-0.209871879,0.04827751
ENSG00000119487,-0.135885355,0.194706538
ENSG00000119508,-2.021050912,4.47E-11
ENSG00000119509,0.069818121,0.534026049
ENSG00000119514,0.858815673,0.002991068
ENSG00000119522,-0.013010913,0.897505778
ENSG00000119523,-0.345861542,0.000150587
ENSG00000119535,-0.038305498,NA
ENSG00000119537,-0.503935298,0.00120459
ENSG00000119541,-0.351438353,1.48E-05
ENSG00000119547,0.041306648,0.356501022
ENSG00000119559,-0.132391206,0.215789998
ENSG00000119574,-0.063519214,0.571919222
ENSG00000119596,-0.025305492,0.778279502
ENSG00000119599,0.015561702,0.901458842
ENSG00000119608,0.745502737,0.001207224
ENSG00000119616,-0.032268067,0.711541182
ENSG00000119630,0.847241497,0.004470531
ENSG00000119632,0.129338437,0.285958812
ENSG00000119636,0.077473851,0.560038734
ENSG00000119638,0.005890422,0.922331012
ENSG00000119640,0.435735814,0.024700742
ENSG00000119650,-0.129743743,0.231057695
ENSG00000119655,0.08987519,0.462054415
ENSG00000119661,-0.125441979,0.250103764
ENSG00000119669,0.05610211,0.596292918
ENSG00000119673,-0.716356404,1.28E-06
ENSG00000119681,0.210769147,0.047441242
ENSG00000119682,-0.134317789,0.210704038
ENSG00000119684,0.121094615,0.341806172
ENSG00000119685,-0.070292756,0.470513539
ENSG00000119686,-0.258235909,0.092938034
ENSG00000119688,0.205488967,0.059560462
ENSG00000119689,-0.193982753,0.069292965
ENSG00000119698,-0.002005299,0.984002059
ENSG00000119699,-0.079126374,0.545894877
ENSG00000119703,1.049773027,0.000182372
ENSG00000119705,-0.048407153,0.674531052
ENSG00000119707,0.079229152,0.417711112
ENSG00000119711,-1.180738312,6.10E-10
ENSG00000119714,2.77315377,1.31E-11
ENSG00000119715,-0.039114713,0.490775099
ENSG00000119718,0.358454033,0.017048292
ENSG00000119720,0.112533912,0.275283077
ENSG00000119723,0.128554566,0.337177447
ENSG00000119725,0.096960579,0.36407896
ENSG00000119729,-0.197115146,0.034267561
ENSG00000119737,0.023164,0.832953966
ENSG00000119760,0.126261965,0.160182429
ENSG00000119771,-0.351411697,0.018417129
ENSG00000119772,0.540076515,8.99E-06
ENSG00000119777,-0.186083426,0.047818905
ENSG00000119778,0.047844144,0.625426725
ENSG00000119782,-0.106194734,0.346850202
ENSG00000119787,-0.279254848,0.025328886
ENSG00000119801,-0.170888873,0.109878054
ENSG00000119812,-0.043020259,0.656969186
ENSG00000119820,-0.26245588,0.035077601
ENSG00000119844,-0.022796263,0.81579124
ENSG00000119862,0.041702781,0.737963901
ENSG00000119865,-0.095257387,0.320278515
ENSG00000119878,-0.01872856,0.871502081
ENSG00000119899,-0.361466835,0.032043649
ENSG00000119900,-0.470254038,0.000858944
ENSG00000119906,0.204669444,0.070812367
ENSG00000119912,0.040415765,0.658240799
ENSG00000119915,-0.106340373,0.369727298
ENSG00000119917,0.027832708,0.832606291
ENSG00000119922,0.488701674,0.009761782
ENSG00000119927,-0.064758699,0.538581454
ENSG00000119929,-0.045269342,0.718214518
ENSG00000119938,0.344403628,0.013779756
ENSG00000119943,0.469988012,0.002663607
ENSG00000119946,-0.196354203,0.179023907
ENSG00000119950,-0.141536554,0.219595188
ENSG00000119953,-0.291859318,0.002700925
ENSG00000119965,0.031793994,0.785746142
ENSG00000119969,0.156753331,0.258508289
ENSG00000119977,0.378047002,0.00317452
ENSG00000119979,-0.247716175,0.022358277
ENSG00000119986,-0.082853547,0.469147361
ENSG00000120008,-0.176698712,0.020088491
ENSG00000120029,-0.063310732,0.410634106
ENSG00000120049,0.120064725,0.369972955
ENSG00000120051,-0.109744761,0.35159197
ENSG00000120053,-0.024910648,0.805567371
ENSG00000120063,-0.050187425,0.627895512
ENSG00000120068,0.016028675,0.781401162
ENSG00000120071,0.041486698,0.686044054
ENSG00000120075,0.004514811,0.965975587
ENSG00000120093,0.078390954,0.433499774
ENSG00000120129,-2.920972216,1.80E-48
ENSG00000120137,0.065472468,0.412095726
ENSG00000120149,0.272321481,0.047840292
ENSG00000120156,0.198009271,0.176934715
ENSG00000120158,-0.085892859,0.479004027
ENSG00000120159,0.084898576,0.399300206
ENSG00000120162,-2.659756176,1.55E-10
ENSG00000120215,-0.003014308,0.975347842
ENSG00000120217,0.685960927,0.000531474
ENSG00000120253,0.00043792,0.996954954
ENSG00000120254,0.456944202,0.007603593
ENSG00000120256,0.076865194,0.521649771
ENSG00000120262,-0.122618835,0.341265335
ENSG00000120265,-0.280548461,0.00362237
ENSG00000120278,0.327611485,0.046884515
ENSG00000120306,-0.140165609,0.226461289
ENSG00000120314,-0.014425294,0.884738432
ENSG00000120318,0.495988727,0.000506669
ENSG00000120322,0.149732691,0.251798433
ENSG00000120324,0.110383817,0.407252524
ENSG00000120327,0.148914427,0.289914155
ENSG00000120328,0.153397907,0.256005333
ENSG00000120333,0.056677901,0.534212621
ENSG00000120334,0.226996792,0.108623157
ENSG00000120337,0.00024572,0.996823901
ENSG00000120341,0.085878212,0.249158453
ENSG00000120370,0.434332164,0.000162847
ENSG00000120437,-0.175461321,0.208297696
ENSG00000120438,-0.09090231,0.303252476
ENSG00000120451,-0.037485495,0.731678638
ENSG00000120457,0.054035485,0.383617161
ENSG00000120458,0.11940041,0.31695801
ENSG00000120500,0.036716444,0.651286278
ENSG00000120509,0.082291976,0.43238773
ENSG00000120519,-0.067589061,0.574834604
ENSG00000120526,-0.59533209,1.24E-07
ENSG00000120533,-0.130633754,0.12355543
ENSG00000120539,-0.083623324,0.507817114
ENSG00000120549,0.279868198,0.057663523
ENSG00000120555,-0.029507943,0.743303153
ENSG00000120586,-0.066822532,0.032861888
ENSG00000120594,-0.245281495,0.036621837
ENSG00000120616,0.059422593,0.501562796
ENSG00000120645,0.068060982,0.45795476
ENSG00000120647,0.111586215,0.363733683
ENSG00000120656,0.142799786,0.157274774
ENSG00000120658,-0.048607084,0.708219626
ENSG00000120662,-0.038278143,0.744321849
ENSG00000120664,-0.062316235,0.420591741
ENSG00000120669,-0.000300488,0.995445139
ENSG00000120675,-0.262823812,0.038764226
ENSG00000120685,0.02737713,0.746000789
ENSG00000120686,-0.071594033,0.423097663
ENSG00000120688,-0.301397387,0.002630992
ENSG00000120690,-0.89659162,5.10E-16
ENSG00000120693,0.14647083,0.298480357
ENSG00000120694,0.167429783,0.152469546
ENSG00000120696,0.441415414,0.000280762
ENSG00000120697,-0.245242702,0.032291176
ENSG00000120699,0.124319054,0.254370178
ENSG00000120705,-0.266583632,0.003066468
ENSG00000120708,0.104901562,0.381976768
ENSG00000120709,0.042021003,0.59444383
ENSG00000120725,0.093519722,0.308439183
ENSG00000120727,-0.173668633,0.070238836
ENSG00000120729,-0.008731096,0.855335732
ENSG00000120733,-0.028781928,0.709487851
ENSG00000120738,0.451762965,0.027498439
ENSG00000120742,0.021736736,0.808561736
ENSG00000120756,0.220451697,0.072354684
ENSG00000120784,-0.135388729,0.255602955
ENSG00000120798,-0.104072605,0.304055857
ENSG00000120800,-0.461353157,0.003302451
ENSG00000120802,0.348764779,0.0016092
ENSG00000120805,0.158377208,0.107368615
ENSG00000120820,0.270301494,0.056990574
ENSG00000120832,-0.376486859,0.010455138
ENSG00000120833,0.09170967,0.487882731
ENSG00000120837,-0.813226735,0.001453309
ENSG00000120860,0.038498293,0.697226024
ENSG00000120868,-0.077520638,0.474916246
ENSG00000120875,0.000303957,0.99660563
ENSG00000120885,0.108032661,0.423191141
ENSG00000120889,0.260951398,0.032641988
ENSG00000120896,-0.353943295,0.01201398
ENSG00000120899,-0.80561891,0.003572601
ENSG00000120910,-0.312319042,0.020669145
ENSG00000120913,-0.100587924,0.392278149
ENSG00000120915,0.152691619,0.252112188
ENSG00000120925,-0.094222716,0.257251691
ENSG00000120942,-0.656227431,5.53E-06
ENSG00000120948,0.175590864,0.078464952
ENSG00000120952,-0.022061847,0.144921946
ENSG00000120963,0.130162357,0.231738703
ENSG00000120992,-0.267935832,0.015247034
ENSG00000121005,-0.011112387,0.840486355
ENSG00000121022,0.113752034,0.170062625
ENSG00000121039,0.031644308,0.808731213
ENSG00000121053,-0.003609931,0.950118443
ENSG00000121057,-0.120428716,0.355007539
ENSG00000121058,-0.02888098,0.783862192
ENSG00000121060,-0.004633665,0.953892674
ENSG00000121064,0.063011492,0.564490736
ENSG00000121067,-0.03804471,0.669522733
ENSG00000121068,-0.218350238,0.061358068
ENSG00000121073,-0.14081568,0.249251228
ENSG00000121075,-0.066570548,0.603854362
ENSG00000121089,0.030004208,0.782392463
ENSG00000121101,0.001199796,0.989151124
ENSG00000121104,0.428207097,0.001853837
ENSG00000121152,-0.071773733,0.512145429
ENSG00000121207,0.019718893,0.747492686
ENSG00000121210,0.557456949,4.18E-05
ENSG00000121211,-0.020298021,0.789981235
ENSG00000121236,0.179196969,0.153029092
ENSG00000121270,0.007140737,0.920743268
ENSG00000121274,-0.148005147,0.185601851
ENSG00000121281,0.081129547,0.54363149
ENSG00000121289,-0.034564566,0.749654807
ENSG00000121297,0.200853171,0.064762935
ENSG00000121310,0.189181164,0.136028086
ENSG00000121316,0.100954867,0.450239416
ENSG00000121318,0.049421286,0.490449242
ENSG00000121335,0.021812203,0.677185526
ENSG00000121350,-0.098504931,0.460895802
ENSG00000121361,-0.616029279,0.001037655
ENSG00000121390,-0.034890946,0.733213714
ENSG00000121406,0.295018137,0.02730487
ENSG00000121410,0.069228644,0.483883101
ENSG00000121413,0.082344794,0.520719018
ENSG00000121417,0.461680105,0.002431768
ENSG00000121440,0.009788381,0.942279314
ENSG00000121454,0.504266577,0.014549627
ENSG00000121481,0.19551582,0.069676277
ENSG00000121486,0.103014081,0.36679032
ENSG00000121542,0.13230412,0.239373733
ENSG00000121552,0.056430063,0.528974046
ENSG00000121577,0.106482271,0.332706098
ENSG00000121578,-0.101366617,0.374689715
ENSG00000121579,-0.021731437,0.856682018
ENSG00000121621,1.24689557,0.000295581
ENSG00000121644,-0.17685676,0.098351924
ENSG00000121653,0.574435291,0.001419476
ENSG00000121671,0.136856637,0.227684375
ENSG00000121680,-0.247917894,0.043567372
ENSG00000121690,0.499928554,0.003673045
ENSG00000121691,-0.690617235,7.22E-05
ENSG00000121716,-0.349555923,0.051006754
ENSG00000121741,-0.035622914,0.666385095
ENSG00000121743,0.099283027,0.159867685
ENSG00000121749,-0.075126531,0.482013609
ENSG00000121753,0.58042826,8.72E-05
ENSG00000121766,0.074183282,0.486202166
ENSG00000121769,0.385519176,0.03779692
ENSG00000121774,0.16446748,0.16363877
ENSG00000121775,0.141678911,0.192906417
ENSG00000121848,-0.203923989,0.038025784
ENSG00000121851,-0.197875445,0.078468174
ENSG00000121858,0.795723013,0.001296814
ENSG00000121864,0.025001172,0.802114519
ENSG00000121879,-0.5534599,6.07E-07
ENSG00000121892,-0.22314437,0.004244859
ENSG00000121897,0.289965485,0.038580045
ENSG00000121898,0.001754335,0.947964502
ENSG00000121900,0.175009475,0.211389322
ENSG00000121903,0.148350909,0.251389824
ENSG00000121904,-0.176463713,0.219708516
ENSG00000121905,0.038819368,0.513799184
ENSG00000121931,-0.143000232,0.294931874
ENSG00000121940,-0.067460649,0.552569419
ENSG00000121957,-0.261860298,0.075343128
ENSG00000121964,0.007478065,0.945970385
ENSG00000121988,0.170795212,0.186393179
ENSG00000121989,-0.034554383,0.778508009
ENSG00000122008,-0.089792866,0.262192134
ENSG00000122026,0.05358501,0.598876112
ENSG00000122033,0.160466507,0.092902406
ENSG00000122034,-0.06726408,0.453274767
ENSG00000122035,-2.225267069,5.41E-09
ENSG00000122042,0.011838877,0.923100632
ENSG00000122068,-0.061926828,0.413141924
ENSG00000122085,0.296755971,0.004775592
ENSG00000122121,-0.059981787,0.587609236
ENSG00000122126,-0.05856924,0.481547272
ENSG00000122140,0.018679874,0.867279358
ENSG00000122176,0.082691838,0.534227084
ENSG00000122194,0.046521376,0.518428565
ENSG00000122203,-0.191489746,0.09083886
ENSG00000122218,0.009353894,0.893931034
ENSG00000122257,-0.043166021,0.677077017
ENSG00000122299,-0.256312589,0.028142856
ENSG00000122335,0.203691545,0.125462542
ENSG00000122359,-0.294754709,0.015215151
ENSG00000122367,-0.125843704,0.289284365
ENSG00000122376,-0.347492943,0.000830493
ENSG00000122378,-0.051129175,0.676342967
ENSG00000122386,0.164497818,0.21657795
ENSG00000122390,0.081448554,0.538659484
ENSG00000122406,-0.006534258,0.952303253
ENSG00000122417,0.208925867,0.067591558
ENSG00000122420,0.561920637,0.004160486
ENSG00000122432,-0.082258991,0.46837303
ENSG00000122435,0.214547881,0.064066577
ENSG00000122477,-0.129835782,0.274701904
ENSG00000122481,-0.075874976,0.557924649
ENSG00000122482,-0.104482265,0.248484107
ENSG00000122483,-0.277522883,0.079255114
ENSG00000122484,0.160104335,0.069941821
ENSG00000122490,-0.364534871,0.000640989
ENSG00000122497,0.0429296,0.741031026
ENSG00000122507,0.332980148,0.000924665
ENSG00000122512,0.277482982,0.005021569
ENSG00000122515,-0.080771273,0.390703033
ENSG00000122543,0.049238087,0.370991978
ENSG00000122545,-0.186340797,0.116172526
ENSG00000122547,0.050861135,0.698667193
ENSG00000122550,0.045947623,0.580124919
ENSG00000122557,-0.204749355,0.01629209
ENSG00000122565,-0.010403957,0.903262396
ENSG00000122566,-0.18965085,0.101613753
ENSG00000122574,-0.009167334,0.885985471
ENSG00000122591,-0.105531,0.352992316
ENSG00000122641,-0.859685555,0.001416803
ENSG00000122642,-0.03577813,0.763746949
ENSG00000122643,-0.074994295,0.54840652
ENSG00000122644,0.022265637,0.865810061
ENSG00000122674,-0.138405352,0.274062397
ENSG00000122678,-0.153983351,0.218146033
ENSG00000122679,3.055349027,0.001008009
ENSG00000122687,0.052500207,0.645326134
ENSG00000122691,0.138633186,0.239383387
ENSG00000122692,0.015339463,0.841695587
ENSG00000122694,0.167330525,0.204212766
ENSG00000122696,-0.123115435,0.281225507
ENSG00000122705,0.105235586,0.151606748
ENSG00000122707,0.152444779,0.271894333
ENSG00000122729,-0.01038688,0.930370877
ENSG00000122733,0.015820389,0.841490703
ENSG00000122735,0.058525364,0.263611057
ENSG00000122741,-0.238488097,0.003959776
ENSG00000122778,0.168079433,0.233702183
ENSG00000122779,0.139741226,0.204519341
ENSG00000122783,-0.108753941,0.386185021
ENSG00000122786,-0.763731827,1.31E-07
ENSG00000122824,-0.041018445,0.743073837
ENSG00000122861,0.284977836,0.083259465
ENSG00000122862,-0.050998263,0.667882078
ENSG00000122863,-0.736307649,0.000158078
ENSG00000122870,0.028623103,0.797445005
ENSG00000122873,0.057527349,0.649155073
ENSG00000122877,2.908325755,1.03E-09
ENSG00000122882,0.040969906,0.627733223
ENSG00000122884,0.260867313,0.058685498
ENSG00000122912,-0.070140894,0.472317525
ENSG00000122952,-0.011397386,0.928610873
ENSG00000122958,-0.120553496,0.155957098
ENSG00000122965,-0.069338672,0.520676885
ENSG00000122966,1.523113163,2.17E-12
ENSG00000122970,-0.508064478,2.48E-05
ENSG00000122971,-0.827258723,0.000316987
ENSG00000122986,0.033963753,0.79631068
ENSG00000123009,-0.033200467,0.755152361
ENSG00000123064,0.022152628,0.846324207
ENSG00000123066,-0.16075208,0.150675477
ENSG00000123080,0.103645767,0.427659467
ENSG00000123091,-0.028446526,0.714872422
ENSG00000123094,-0.80743847,6.50E-07
ENSG00000123095,0.090893925,0.4986055
ENSG00000123096,-0.074211358,0.573991569
ENSG00000123104,-0.733303299,0.00041696
ENSG00000123106,-0.034419477,0.675196737
ENSG00000123119,-0.215853693,0.143625074
ENSG00000123124,0.029688003,0.761370453
ENSG00000123130,-0.379859772,0.000346523
ENSG00000123131,-0.004397715,0.944644917
ENSG00000123136,-0.155891786,0.253395684
ENSG00000123143,-0.078531517,0.517931623
ENSG00000123144,-0.144695817,0.11631683
ENSG00000123146,-0.144119942,0.286871831
ENSG00000123154,-0.365676909,0.016490845
ENSG00000123159,-0.200882839,0.044724978
ENSG00000123178,-0.612941848,0.000197664
ENSG00000123179,-0.441699434,0.001259293
ENSG00000123191,0.023333032,0.858814994
ENSG00000123200,0.074442828,0.353021469
ENSG00000123213,-0.760093431,2.31E-07
ENSG00000123219,0.157987429,0.263948106
ENSG00000123240,0.021746071,0.842994089
ENSG00000123243,0.051178932,0.388761083
ENSG00000123268,-0.064568948,0.487436818
ENSG00000123297,-0.127458983,0.270804716
ENSG00000123342,-0.377528202,0.000451822
ENSG00000123349,0.036930861,0.728025703
ENSG00000123352,0.544085553,1.84E-05
ENSG00000123353,-0.175810679,0.213766582
ENSG00000123358,-1.180548124,8.42E-07
ENSG00000123374,-0.060678594,0.590210825
ENSG00000123384,0.102463952,0.286433857
ENSG00000123395,-0.240947676,0.033559905
ENSG00000123405,2.585324707,9.97E-07
ENSG00000123411,0.621652023,2.62E-07
ENSG00000123415,0.059778705,0.647024514
ENSG00000123416,0.652274019,0.001566541
ENSG00000123427,-0.042976515,0.73746361
ENSG00000123444,0.001445959,0.991413134
ENSG00000123453,0.071279727,0.490430871
ENSG00000123454,0.039401823,0.460622018
ENSG00000123472,0.036536861,0.6599346
ENSG00000123473,0.058051639,0.655794698
ENSG00000123485,0.045122957,0.718727685
ENSG00000123496,0.040167192,0.730311888
ENSG00000123500,-0.017007321,0.821428688
ENSG00000123505,-0.333961479,0.002123243
ENSG00000123545,-0.123201925,0.367052042
ENSG00000123552,-0.129299369,0.284652565
ENSG00000123560,0.020195028,0.804174286
ENSG00000123562,-1.012650391,5.96E-27
ENSG00000123570,0.197986067,0.180009879
ENSG00000123572,-0.731213245,0.010580371
ENSG00000123575,-0.20114135,0.026331255
ENSG00000123595,-0.059952701,0.573898058
ENSG00000123600,0.013591995,0.902060262
ENSG00000123607,-0.20152231,0.032905709
ENSG00000123609,0.333845543,0.009235079
ENSG00000123610,2.320651532,1.45E-07
ENSG00000123612,1.219397466,0.000203249
ENSG00000123636,0.31684609,0.008303206
ENSG00000123643,-0.700407563,9.05E-07
ENSG00000123684,-0.200162314,0.026016814
ENSG00000123685,-1.692970542,3.10E-05
ENSG00000123689,2.50234772,1.95E-08
ENSG00000123700,0.025265281,0.847168294
ENSG00000123728,-0.009314524,0.920072825
ENSG00000123737,-0.403531175,0.013461735
ENSG00000123739,0.034235556,0.71791481
ENSG00000123810,0.128120634,0.352494286
ENSG00000123815,0.193127914,0.115109801
ENSG00000123836,-0.052210011,0.61505708
ENSG00000123838,0.015790174,0.775169997
ENSG00000123870,-0.104938096,0.435238079
ENSG00000123892,0.000345345,0.999040176
ENSG00000123908,-0.463393878,0.007600296
ENSG00000123933,0.152961681,0.231303107
ENSG00000123965,0.004850564,0.971800304
ENSG00000123975,-0.035772886,0.778049089
ENSG00000123977,-0.079147599,0.088216599
ENSG00000123983,0.373318335,0.006727725
ENSG00000123989,-0.220223826,0.068470101
ENSG00000123992,0.058704844,0.537329708
ENSG00000123999,-0.336051213,0.056373184
ENSG00000124006,-0.340360657,0.000443345
ENSG00000124067,-0.055889434,0.555578722
ENSG00000124074,0.013248836,0.897566274
ENSG00000124091,0.079193935,0.353184555
ENSG00000124097,0.031551026,0.790287867
ENSG00000124098,0.023805654,0.836061609
ENSG00000124103,0.039171725,0.506244788
ENSG00000124104,0.685123689,0.000247226
ENSG00000124107,0.013145361,0.879891392
ENSG00000124116,0.020194541,0.797666111
ENSG00000124120,-0.218430339,0.021730707
ENSG00000124126,0.309738945,0.06742151
ENSG00000124134,2.262156674,0.000272329
ENSG00000124140,0.018509529,0.834286838
ENSG00000124145,0.311877199,0.027782843
ENSG00000124151,-1.342233315,5.45E-12
ENSG00000124155,0.047213331,0.581049003
ENSG00000124159,0.068879084,0.305516236
ENSG00000124160,0.024506494,0.815561874
ENSG00000124164,-0.237760739,0.005818602
ENSG00000124171,-0.119122809,0.261904656
ENSG00000124172,-0.031105275,0.771758482
ENSG00000124177,0.181617777,0.112340944
ENSG00000124181,0.018444464,0.854977239
ENSG00000124191,0.141671198,0.307608011
ENSG00000124193,0.126367119,0.189206455
ENSG00000124194,0.056005726,0.104370351
ENSG00000124198,-0.270833993,0.017488824
ENSG00000124201,-0.023346649,0.766430094
ENSG00000124207,0.083632534,0.329873942
ENSG00000124209,-0.044098567,0.636716893
ENSG00000124212,0.262654639,0.095376981
ENSG00000124214,0.093302484,0.276516481
ENSG00000124215,-0.006595,0.93213626
ENSG00000124216,0.360216807,0.041892824
ENSG00000124217,0.072657725,0.557714696
ENSG00000124222,0.0369661,0.680022236
ENSG00000124224,0.138193648,0.219684035
ENSG00000124225,0.288920979,0.053209052
ENSG00000124226,0.436798866,9.15E-07
ENSG00000124228,-0.127338385,0.17101876
ENSG00000124243,0.170616946,0.204609322
ENSG00000124249,1.153472384,0.001270297
ENSG00000124251,0.013371525,0.886463801
ENSG00000124257,0.072785421,0.511377418
ENSG00000124275,-0.02389885,0.837328552
ENSG00000124279,0.121900307,0.309668221
ENSG00000124299,0.074979261,0.419290139
ENSG00000124313,-0.092050642,0.331853284
ENSG00000124333,0.003395701,0.969413783
ENSG00000124343,-0.097089715,0.371830885
ENSG00000124356,0.034588676,0.668882513
ENSG00000124357,0.315253407,0.005410009
ENSG00000124370,0.376599228,0.007466687
ENSG00000124374,-1.038006377,0.000597861
ENSG00000124380,-0.087611526,0.349893206
ENSG00000124383,0.143834005,0.14167367
ENSG00000124399,0.178571533,0.18365052
ENSG00000124406,0.100015835,0.37003917
ENSG00000124422,0.32671367,6.86E-06
ENSG00000124440,-2.374118082,3.37E-08
ENSG00000124444,0.142533908,0.285360186
ENSG00000124459,0.385303928,0.000798317
ENSG00000124466,1.164754735,0.000483727
ENSG00000124467,0.058119302,0.414000556
ENSG00000124486,-0.358917475,0.005178247
ENSG00000124496,0.799598686,1.03E-10
ENSG00000124507,0.040820232,0.409494343
ENSG00000124508,0.267131613,0.054170492
ENSG00000124523,-0.032019432,0.786549703
ENSG00000124532,-0.03363188,0.718090256
ENSG00000124535,-0.112487055,0.219048153
ENSG00000124541,0.006316019,0.956032715
ENSG00000124549,0.086707894,0.487971478
ENSG00000124562,-0.002436059,0.979668651
ENSG00000124570,0.18986076,0.061352151
ENSG00000124571,-0.131639412,0.225268674
ENSG00000124574,-0.00984682,0.930205888
ENSG00000124587,-0.066902331,0.610591004
ENSG00000124588,0.176334675,0.149038017
ENSG00000124593,-0.068725315,0.584044167
ENSG00000124596,-0.04498442,0.696793424
ENSG00000124602,-0.019316945,0.796935778
ENSG00000124608,0.660659124,0.000605732
ENSG00000124613,0.326950768,0.033623708
ENSG00000124614,0.089729752,0.462023931
ENSG00000124615,-0.379682718,0.010201013
ENSG00000124635,-0.03995638,0.757969532
ENSG00000124641,-0.021033582,0.851156599
ENSG00000124659,-0.169890655,0.160199778
ENSG00000124678,0.026280932,0.577038926
ENSG00000124688,-0.158877602,0.142884801
ENSG00000124702,-0.586301685,1.47E-11
ENSG00000124713,0.003896928,0.96838899
ENSG00000124733,0.132693968,0.227148785
ENSG00000124743,0.005209691,0.934146797
ENSG00000124749,0.044047395,0.730906775
ENSG00000124762,0.909335058,9.87E-06
ENSG00000124766,2.304731929,1.29E-20
ENSG00000124767,-0.118886224,0.231239559
ENSG00000124772,-0.205441842,0.110719861
ENSG00000124782,-0.009261479,0.915649362
ENSG00000124783,0.025730388,0.784227401
ENSG00000124784,-0.038206703,0.674319872
ENSG00000124785,0.042208928,0.570414133
ENSG00000124786,-0.109106739,0.301003841
ENSG00000124787,0.094880737,0.47895925
ENSG00000124788,0.341183637,0.01109524
ENSG00000124789,-0.026469655,0.730670065
ENSG00000124795,-0.243548691,0.013067553
ENSG00000124802,-0.164080764,0.244336196
ENSG00000124813,-0.203203398,0.170852579
ENSG00000124831,-0.510861705,0.002707509
ENSG00000124839,-0.161175881,0.076271005
ENSG00000124875,-0.011327788,NA
ENSG00000124882,0.006776871,NA
ENSG00000124920,-0.093955834,0.467084995
ENSG00000124942,-0.284817599,0.007538744
ENSG00000125037,-0.219317006,0.029365038
ENSG00000125089,0.12794997,0.105943066
ENSG00000125107,0.038229022,0.640201225
ENSG00000125122,0.041682617,0.744819371
ENSG00000125124,0.22700715,0.042484184
ENSG00000125144,-0.114379116,0.026658833
ENSG00000125148,-2.183781669,1.29E-50
ENSG00000125149,0.041654608,0.662889151
ENSG00000125166,0.011091587,0.926452511
ENSG00000125170,-0.080422916,0.525229146
ENSG00000125246,-0.210276377,0.14862091
ENSG00000125247,0.224877771,0.139447641
ENSG00000125249,0.064645111,0.619420803
ENSG00000125257,-0.338381364,0.044476989
ENSG00000125266,-0.115389365,0.376522967
ENSG00000125304,-0.111949879,0.220270345
ENSG00000125319,-0.01356837,0.907338259
ENSG00000125347,0.297865337,0.058927209
ENSG00000125351,-0.075053162,0.525102606
ENSG00000125352,-0.076615317,0.511558502
ENSG00000125354,0.028450936,0.81240527
ENSG00000125355,0.010860657,0.899129093
ENSG00000125356,-0.186430538,0.037735454
ENSG00000125375,-0.227238601,0.106803579
ENSG00000125378,-0.097257123,0.471976055
ENSG00000125384,-0.160597691,0.246743896
ENSG00000125386,0.042197631,0.603251898
ENSG00000125388,0.216032489,0.099053653
ENSG00000125398,1.049021063,0.00030559
ENSG00000125409,0.103677639,0.17229879
ENSG00000125430,-0.852963568,3.86E-08
ENSG00000125434,-0.040343036,0.754845211
ENSG00000125445,0.017303695,0.880384297
ENSG00000125447,-0.059557446,0.558453591
ENSG00000125449,-0.083509644,0.468000717
ENSG00000125450,-0.156166813,0.105071352
ENSG00000125454,-0.188804269,0.192104004
ENSG00000125457,-0.155532229,0.267200214
ENSG00000125458,-0.160102726,0.116136388
ENSG00000125459,-0.006795426,0.952359859
ENSG00000125482,0.068272046,0.510453526
ENSG00000125484,0.065753751,0.45875397
ENSG00000125485,-0.152046035,0.189986243
ENSG00000125503,-0.630339128,1.08E-10
ENSG00000125505,0.045585841,0.69907823
ENSG00000125508,-0.046299844,0.407545902
ENSG00000125510,0.25787092,0.078343756
ENSG00000125520,0.321948548,0.016156563
ENSG00000125531,0.116204453,0.248122031
ENSG00000125534,0.049787135,0.604030691
ENSG00000125551,-0.023373456,0.855234111
ENSG00000125611,0.13975844,0.261199214
ENSG00000125618,0.011032223,0.80774797
ENSG00000125629,-0.297582258,0.033276249
ENSG00000125630,0.049182944,0.657209968
ENSG00000125631,-0.014263943,0.753334391
ENSG00000125633,0.194515342,0.042881101
ENSG00000125637,0.119392811,0.377889949
ENSG00000125648,0.010475868,0.925394687
ENSG00000125650,-0.208016615,0.157982627
ENSG00000125651,0.111674648,0.135996538
ENSG00000125652,-0.063389431,0.625579856
ENSG00000125656,-0.0984239,0.242292954
ENSG00000125657,1.418093319,0.000576175
ENSG00000125675,0.632310814,0.000134914
ENSG00000125676,-0.613777489,7.80E-06
ENSG00000125686,-0.009924883,0.908902765
ENSG00000125691,0.024235655,0.811179288
ENSG00000125703,0.064003307,0.562706329
ENSG00000125730,-0.029391637,0.807035228
ENSG00000125731,0.017127046,0.883215134
ENSG00000125733,-0.151696106,0.162099552
ENSG00000125734,0.013398919,0.908214038
ENSG00000125735,0.02872592,0.724151889
ENSG00000125740,-0.158354661,0.238874445
ENSG00000125741,-0.044703604,0.625610926
ENSG00000125743,0.015193215,0.830675707
ENSG00000125744,-0.301647176,0.024994694
ENSG00000125746,-0.396110457,0.000271033
ENSG00000125753,-0.410357648,0.002107789
ENSG00000125755,-0.072934967,0.44706426
ENSG00000125772,0.470711049,0.003032292
ENSG00000125775,-0.124466879,0.350175006
ENSG00000125779,-0.156508259,0.064328061
ENSG00000125804,0.042516763,0.5321935
ENSG00000125812,-0.118196029,0.289773624
ENSG00000125814,-0.143319047,0.195956648
ENSG00000125817,-0.089752031,0.343245525
ENSG00000125818,-0.106775946,0.344194549
ENSG00000125821,-0.081755155,0.360122778
ENSG00000125826,0.040688685,0.56737185
ENSG00000125827,-0.099020703,0.447843274
ENSG00000125834,0.172932785,0.111460537
ENSG00000125835,-0.421510887,0.005788679
ENSG00000125841,0.173770832,0.038796301
ENSG00000125843,0.184145763,0.097209661
ENSG00000125844,-0.058149398,0.644903062
ENSG00000125845,0.142351714,0.276255987
ENSG00000125846,0.042308361,0.678825315
ENSG00000125848,2.268904543,3.75E-12
ENSG00000125851,-0.035287578,0.665549972
ENSG00000125863,0.154278507,0.07792684
ENSG00000125864,-0.032154141,0.794150673
ENSG00000125868,-0.839570947,1.81E-05
ENSG00000125870,-0.06868264,0.501509698
ENSG00000125871,-0.141827951,0.286939133
ENSG00000125872,-0.110741196,0.030358836
ENSG00000125875,0.019730472,0.855070659
ENSG00000125877,-0.199771833,0.147707446
ENSG00000125885,-0.077986739,0.514139007
ENSG00000125895,0.00257313,0.957750239
ENSG00000125898,-0.073022163,0.56580055
ENSG00000125901,-0.092283806,0.414347109
ENSG00000125912,-0.121469098,0.246852762
ENSG00000125944,0.061118236,0.606734012
ENSG00000125945,0.404515065,0.00694384
ENSG00000125952,-0.110885956,0.353993231
ENSG00000125962,0.281665114,0.036066859
ENSG00000125965,1.184646312,1.66E-06
ENSG00000125966,-0.156267541,0.245913115
ENSG00000125967,0.241770456,0.082872782
ENSG00000125968,-0.406450988,0.034335924
ENSG00000125970,0.416784794,4.10E-05
ENSG00000125971,-0.103700664,0.305274964
ENSG00000125977,-0.034327208,0.648751845
ENSG00000125991,0.103520286,0.227963436
ENSG00000125995,-0.108365608,0.258160099
ENSG00000126001,0.252506736,0.02154795
ENSG00000126003,-0.167745476,0.133555521
ENSG00000126005,-0.111416993,0.316055167
ENSG00000126010,0.135030049,0.130634321
ENSG00000126012,-0.030641831,0.801226644
ENSG00000126016,2.19295298,2.74E-11
ENSG00000126062,-0.362119456,9.89E-06
ENSG00000126067,0.058731751,0.51183241
ENSG00000126070,-0.140635158,0.111555917
ENSG00000126088,0.186686934,0.080788835
ENSG00000126091,0.003571774,0.972685291
ENSG00000126106,-0.398074882,0.025132351
ENSG00000126107,0.138977762,0.107480882
ENSG00000126214,-0.258228455,0.047718528
ENSG00000126215,-0.195245912,0.118376107
ENSG00000126216,0.07074289,0.434029126
ENSG00000126217,0.042209251,0.255896947
ENSG00000126218,-0.588920032,0.00174414
ENSG00000126226,-0.064022858,0.392975804
ENSG00000126231,0.007985947,0.896141424
ENSG00000126243,-0.189733757,0.066469644
ENSG00000126247,-0.147260958,0.040465975
ENSG00000126249,-0.058597161,0.633324365
ENSG00000126254,-0.194284999,0.073702833
ENSG00000126261,-0.268106442,0.013046904
ENSG00000126264,-0.091969272,0.43519309
ENSG00000126267,0.000334733,0.995028744
ENSG00000126351,-0.173126777,0.107045102
ENSG00000126353,-0.017612113,0.883837338
ENSG00000126368,0.316166502,0.03706407
ENSG00000126391,-0.3287282,0.016960474
ENSG00000126432,-0.001282435,0.988464816
ENSG00000126453,-0.111618327,0.361586796
ENSG00000126456,0.099181442,0.337925949
ENSG00000126457,0.065488869,0.535611309
ENSG00000126458,-0.521453954,4.34E-05
ENSG00000126460,0.047964006,0.6124044
ENSG00000126461,-0.15864957,0.019801003
ENSG00000126464,-0.000376005,0.995794091
ENSG00000126467,0.055244247,0.565609744
ENSG00000126500,0.043916135,0.588177289
ENSG00000126522,-0.296089568,0.068380267
ENSG00000126524,-0.314917588,0.009392732
ENSG00000126561,-0.579372879,9.41E-09
ENSG00000126562,0.165729864,0.110944726
ENSG00000126581,-0.201274271,0.014034547
ENSG00000126583,-0.045060221,0.364140393
ENSG00000126602,0.130189201,0.328515703
ENSG00000126603,0.094195888,0.483963847
ENSG00000126653,-0.031925435,0.782535894
ENSG00000126698,0.158449516,0.104713843
ENSG00000126705,0.610655501,5.47E-08
ENSG00000126709,-0.099747643,0.445946226
ENSG00000126746,0.050372452,0.591919614
ENSG00000126749,-0.116197468,0.380236388
ENSG00000126756,-0.135154786,0.192515413
ENSG00000126759,0.000786057,0.99289217
ENSG00000126767,-0.356528119,0.002009827
ENSG00000126768,-0.036742058,0.752632274
ENSG00000126773,0.224708816,0.008909614
ENSG00000126775,0.031362962,0.801291194
ENSG00000126777,-0.248506652,0.092006202
ENSG00000126778,0.150616496,0.272949142
ENSG00000126785,1.014935528,0.000124132
ENSG00000126787,0.011116824,0.928095689
ENSG00000126790,-0.283273686,0.010542571
ENSG00000126803,-2.180175593,7.53E-05
ENSG00000126804,-0.272142401,0.003436819
ENSG00000126814,0.054509764,0.585122071
ENSG00000126821,-0.249466745,0.026562525
ENSG00000126822,-0.015111907,0.904426657
ENSG00000126838,-0.034145138,0.669001867
ENSG00000126858,0.026314891,0.782249555
ENSG00000126860,1.312741799,4.45E-05
ENSG00000126861,1.641710655,2.51E-12
ENSG00000126870,0.072551337,0.509654485
ENSG00000126878,2.537921361,1.39E-08
ENSG00000126882,0.78407616,0.004128957
ENSG00000126883,0.006644575,0.936400524
ENSG00000126903,-0.118732158,0.325804291
ENSG00000126934,-0.193334027,0.068444507
ENSG00000126945,0.01103193,0.913228262
ENSG00000126947,0.187065038,0.160100068
ENSG00000126950,1.526528236,7.96E-08
ENSG00000126953,-0.032517508,0.800725155
ENSG00000126970,0.346654715,0.00553708
ENSG00000127022,-0.039571121,0.71317983
ENSG00000127054,-0.049217587,0.587567388
ENSG00000127080,0.049428076,0.707043782
ENSG00000127081,0.11916929,0.38130719
ENSG00000127083,-1.072637312,0.00569255
ENSG00000127124,-0.270508081,0.091518801
ENSG00000127125,-0.030848745,0.721581439
ENSG00000127184,-0.018390357,0.853026707
ENSG00000127191,0.202479504,0.090854568
ENSG00000127220,0.015550399,0.891626117
ENSG00000127241,0.107462359,0.434081466
ENSG00000127249,-0.03289204,0.659055204
ENSG00000127311,0.041879777,0.744205406
ENSG00000127314,-0.33232438,0.001491361
ENSG00000127324,-4.033197638,2.03E-07
ENSG00000127328,-0.485490777,0.01296267
ENSG00000127329,0.118893431,0.271997461
ENSG00000127334,-0.068330877,0.555050713
ENSG00000127337,0.124328945,0.332789383
ENSG00000127362,-0.0720156,0.268011779
ENSG00000127364,0.013716206,0.859679903
ENSG00000127366,0.165096814,0.134735552
ENSG00000127377,-0.076644516,0.352272256
ENSG00000127399,0.074392156,0.423989487
ENSG00000127415,0.047887478,0.709270175
ENSG00000127418,0.032323879,0.789522981
ENSG00000127419,0.064734047,0.578769929
ENSG00000127423,0.098945686,0.33158885
ENSG00000127445,-0.153194163,0.090678172
ENSG00000127452,-0.063745868,0.559865096
ENSG00000127463,0.044534808,0.710790579
ENSG00000127472,0.013429539,0.845671675
ENSG00000127481,0.123947147,0.260225109
ENSG00000127483,0.032337476,0.662256718
ENSG00000127507,-0.090845475,0.43794082
ENSG00000127511,0.121849233,0.124785316
ENSG00000127526,-0.104138806,0.316392926
ENSG00000127527,0.234565092,0.00817694
ENSG00000127528,0.222254401,0.143718667
ENSG00000127540,-0.078637862,0.526620242
ENSG00000127554,-0.127008357,0.334578037
ENSG00000127561,-0.611917378,0.014942868
ENSG00000127564,-0.048762185,0.556452342
ENSG00000127578,-0.047788926,0.447413105
ENSG00000127580,0.014641862,0.892880446
ENSG00000127585,-0.185697175,0.147538696
ENSG00000127586,0.321155306,0.048980986
ENSG00000127589,1.028877705,3.51E-05
ENSG00000127603,-0.297055208,0.043941211
ENSG00000127616,0.056451953,0.646188383
ENSG00000127663,-0.136192101,0.22506739
ENSG00000127666,-0.299266342,0.011514455
ENSG00000127720,0.128829472,0.330257661
ENSG00000127774,0.048090038,0.654332149
ENSG00000127804,0.215045413,0.046278871
ENSG00000127824,1.493437757,9.18E-16
ENSG00000127837,-0.269853204,0.00659854
ENSG00000127838,0.009264032,0.943117188
ENSG00000127863,0.469068354,0.023642806
ENSG00000127870,-0.099715747,0.295123018
ENSG00000127884,0.144182054,0.089612559
ENSG00000127903,0.038185349,0.566622238
ENSG00000127914,-0.048898762,0.631222703
ENSG00000127920,-0.199733113,0.176190891
ENSG00000127922,-0.119146007,0.151182476
ENSG00000127946,-0.410105023,0.005547764
ENSG00000127947,-0.375594807,2.12E-05
ENSG00000127948,-0.192796695,0.125568953
ENSG00000127951,0.059777781,0.370960208
ENSG00000127952,0.169506002,0.133862359
ENSG00000127954,-4.953183437,4.31E-09
ENSG00000127955,-0.368996387,0.02535273
ENSG00000127957,-0.017595835,0.88788002
ENSG00000127980,0.115374084,0.29057111
ENSG00000127989,-0.168661611,0.180661838
ENSG00000127990,-0.027574841,0.826114621
ENSG00000127993,-0.061136685,0.598091333
ENSG00000127995,0.061487548,0.557098356
ENSG00000128000,0.321759961,0.017151247
ENSG00000128011,0.10384705,0.354064996
ENSG00000128016,-0.2890824,0.015313642
ENSG00000128039,-0.365889571,0.005698847
ENSG00000128045,-0.221878039,0.000105001
ENSG00000128050,0.147529019,0.268638434
ENSG00000128052,-0.098952136,0.096724959
ENSG00000128059,0.048967891,0.705403911
ENSG00000128159,-0.234894065,0.032133936
ENSG00000128165,2.548949103,4.49E-10
ENSG00000128185,0.048268162,0.623834963
ENSG00000128191,0.100044932,0.336271182
ENSG00000128203,0.01498569,0.9005443
ENSG00000128228,-0.243386977,0.109254141
ENSG00000128242,-0.113510942,0.157458546
ENSG00000128245,0.014625398,0.903677076
ENSG00000128262,-1.104524696,0.003160664
ENSG00000128266,-0.083904135,0.42423306
ENSG00000128268,0.001279688,0.987916672
ENSG00000128271,-0.012139238,0.817308448
ENSG00000128272,0.194878226,0.074146202
ENSG00000128274,-0.452034125,0.001870967
ENSG00000128283,-0.062940568,0.510871432
ENSG00000128284,-0.254770293,0.105837649
ENSG00000128285,4.909147129,3.52E-06
ENSG00000128294,-0.026906375,0.833110157
ENSG00000128298,-0.124858022,0.332603156
ENSG00000128309,-0.927355866,1.33E-07
ENSG00000128311,-1.2731987,7.28E-19
ENSG00000128335,-0.200261317,0.140659565
ENSG00000128340,0.119776221,0.344967785
ENSG00000128342,2.412514244,5.04E-13
ENSG00000128346,-0.072037011,0.579978847
ENSG00000128383,0.00782087,0.854924512
ENSG00000128394,0.333444914,0.031030263
ENSG00000128408,0.037490407,0.624474876
ENSG00000128463,0.01943552,0.824997841
ENSG00000128482,-0.126282997,0.34095959
ENSG00000128487,0.383143473,0.039725911
ENSG00000128510,1.665431161,0.001755337
ENSG00000128512,-0.074257639,0.570552811
ENSG00000128513,-0.002947237,0.973761383
ENSG00000128524,-0.010527762,0.91505559
ENSG00000128534,-0.012739105,0.895939571
ENSG00000128536,0.133744927,0.326740924
ENSG00000128563,0.186839265,0.07752764
ENSG00000128564,-0.051750516,0.200848073
ENSG00000128567,0.068377997,0.445992557
ENSG00000128573,0.017055144,0.86929506
ENSG00000128578,0.460703034,0.023205133
ENSG00000128581,0.230840179,0.011448039
ENSG00000128585,-0.028591982,0.752746966
ENSG00000128590,-0.153930907,0.096861806
ENSG00000128591,0.202039031,0.080777527
ENSG00000128594,1.449779928,0.000368202
ENSG00000128595,-0.060898588,0.639938396
ENSG00000128596,-0.165752742,0.223611671
ENSG00000128602,0.147372356,0.127446302
ENSG00000128606,1.708642573,0.000846381
ENSG00000128607,0.049914863,0.572899459
ENSG00000128609,-0.129859778,0.252122546
ENSG00000128617,-0.242094245,0.111012251
ENSG00000128626,-0.195713105,0.123845122
ENSG00000128641,0.08363837,0.517749385
ENSG00000128654,0.013509087,0.894177746
ENSG00000128655,-0.085689442,0.098353657
ENSG00000128656,0.285290561,0.085559027
ENSG00000128683,0.031150626,0.554426294
ENSG00000128692,-0.031117739,0.733873073
ENSG00000128694,0.402834182,0.00741387
ENSG00000128699,-0.967632778,5.81E-11
ENSG00000128708,0.125306751,0.18659415
ENSG00000128731,-0.131092423,0.144965493
ENSG00000128739,0.251691657,0.091761906
ENSG00000128789,-0.200152563,0.060601973
ENSG00000128791,-0.030010452,0.803262786
ENSG00000128805,0.618669597,0.000703543
ENSG00000128815,-0.312615717,0.050153209
ENSG00000128829,0.06172955,0.596682316
ENSG00000128849,-0.045066314,0.63488117
ENSG00000128872,-0.109261534,0.272437219
ENSG00000128881,0.126872831,0.270824534
ENSG00000128886,0.041366593,0.496073624
ENSG00000128891,0.01082499,0.934936691
ENSG00000128908,-0.335391728,0.001015238
ENSG00000128915,-0.036061058,0.646478198
ENSG00000128917,-0.108544743,0.00456129
ENSG00000128918,0.018435735,0.825470517
ENSG00000128923,-1.00867068,2.21E-17
ENSG00000128928,-0.267172728,0.02468999
ENSG00000128944,-0.389121436,0.02937109
ENSG00000128951,-0.198008507,0.158087979
ENSG00000128965,0.05206637,0.594726441
ENSG00000128973,-0.048429584,0.669688567
ENSG00000128989,-0.325007983,1.32E-06
ENSG00000129003,0.044421015,0.697424858
ENSG00000129007,-0.211405658,0.126866616
ENSG00000129009,0.105104683,0.43840072
ENSG00000129028,0.139244024,0.321476946
ENSG00000129038,0.487298965,4.03E-06
ENSG00000129048,1.320396781,3.18E-06
ENSG00000129055,0.162534758,0.07992973
ENSG00000129071,0.00116381,0.991868414
ENSG00000129083,-0.190368538,0.038135289
ENSG00000129084,-0.193609894,0.146341837
ENSG00000129103,-0.085477446,0.391545829
ENSG00000129116,-0.778533699,1.98E-05
ENSG00000129128,-0.681248492,9.89E-05
ENSG00000129151,0.026690123,0.701287094
ENSG00000129158,-0.021447179,0.867320269
ENSG00000129167,0.048827944,0.496808731
ENSG00000129173,0.006626633,0.894995788
ENSG00000129187,-0.013369933,0.851912189
ENSG00000129194,0.000689853,0.99629842
ENSG00000129195,-0.057851603,0.587428116
ENSG00000129197,0.044835771,0.674746125
ENSG00000129204,-0.164569534,0.244058925
ENSG00000129214,-0.002072434,0.985350208
ENSG00000129219,0.016778522,0.878697499
ENSG00000129235,-0.239027261,0.057424633
ENSG00000129244,-0.009606102,0.889040216
ENSG00000129245,-0.244916838,0.00659611
ENSG00000129250,-0.4447786,0.001034732
ENSG00000129255,0.088291671,0.434294533
ENSG00000129270,-1.378209627,0.005632535
ENSG00000129282,-0.454267374,0.006001712
ENSG00000129292,-0.022596189,0.82632433
ENSG00000129295,0.069304205,0.600201913
ENSG00000129315,-0.201087117,0.010073694
ENSG00000129317,0.163849313,0.149337998
ENSG00000129347,-0.061564335,0.53758126
ENSG00000129351,0.027381933,0.800941756
ENSG00000129353,-0.447090627,0.004656949
ENSG00000129355,-0.298123754,0.073483377
ENSG00000129422,-0.09612736,0.445843575
ENSG00000129437,0.003687271,0.946957139
ENSG00000129460,-0.03116694,0.76207827
ENSG00000129465,-0.054789898,0.646136009
ENSG00000129467,1.551856446,1.87E-09
ENSG00000129472,-0.128131713,0.288894119
ENSG00000129473,-0.302830752,0.005423108
ENSG00000129474,0.203316176,0.134252962
ENSG00000129480,-0.116010034,0.360817192
ENSG00000129484,0.729426265,5.97E-08
ENSG00000129493,-0.14308092,0.148882146
ENSG00000129514,0.141748786,0.142737657
ENSG00000129515,-0.054138481,0.467578004
ENSG00000129518,-0.004937901,0.959363194
ENSG00000129521,0.67089276,0.012647546
ENSG00000129534,-0.201489316,0.084219199
ENSG00000129535,-0.027165825,0.79760908
ENSG00000129559,-0.209716356,0.069684683
ENSG00000129562,-0.130864935,0.169750532
ENSG00000129566,-0.377397683,6.76E-05
ENSG00000129595,-0.013022159,0.850196107
ENSG00000129596,-0.110462176,0.140476341
ENSG00000129625,-0.114229711,0.270348545
ENSG00000129636,-0.160860528,0.103221905
ENSG00000129646,0.095787672,0.453637382
ENSG00000129657,-0.080184491,0.481030933
ENSG00000129667,0.054545853,0.622708505
ENSG00000129675,0.003682174,0.973337539
ENSG00000129680,-0.280338661,0.013416372
ENSG00000129682,0.161045655,0.06033675
ENSG00000129691,0.07842258,0.348015731
ENSG00000129696,0.025932846,0.836458706
ENSG00000129749,-0.06763708,0.494914645
ENSG00000129757,-0.202556103,0.162459716
ENSG00000129810,0.072069565,0.333142041
ENSG00000129824,0.002431171,0.961978419
ENSG00000129910,-0.132500426,0.125531706
ENSG00000129911,0.030147297,0.818317241
ENSG00000129925,-0.206684736,0.067196909
ENSG00000129932,-0.219825168,0.096066737
ENSG00000129933,-0.097637566,0.243962195
ENSG00000129946,0.161982926,0.195158494
ENSG00000129951,-0.092508513,0.461885103
ENSG00000129968,-0.102525669,0.382133675
ENSG00000129988,-0.089435222,0.259357337
ENSG00000129990,0.039950152,0.614798827
ENSG00000129993,0.109333675,0.065949929
ENSG00000130005,0.330748112,0.003752276
ENSG00000130021,-0.068467488,0.602680922
ENSG00000130023,0.020847064,0.850284638
ENSG00000130024,-0.126994209,0.303018272
ENSG00000130032,0.063510055,0.108494493
ENSG00000130035,-0.023418719,0.598483707
ENSG00000130037,0.054812076,0.432904033
ENSG00000130038,0.010757058,0.929125146
ENSG00000130045,0.019225512,0.86360195
ENSG00000130052,0.033316777,0.759630941
ENSG00000130055,0.00388929,0.959043013
ENSG00000130066,-1.28057763,2.49E-15
ENSG00000130119,-0.0760013,0.52074504
ENSG00000130147,0.004005696,0.975293294
ENSG00000130150,-0.588458547,0.001120409
ENSG00000130158,0.075948974,0.530218454
ENSG00000130159,0.108264281,0.419574747
ENSG00000130164,-0.171880458,0.209817015
ENSG00000130165,-0.008137687,0.932457291
ENSG00000130173,0.01002637,0.844018875
ENSG00000130175,-0.056596896,0.439134476
ENSG00000130176,-0.383472444,0.036708541
ENSG00000130177,-0.069945256,0.322519744
ENSG00000130193,0.26094858,0.076261643
ENSG00000130201,0.037485043,0.455300215
ENSG00000130202,-0.304513025,0.00284804
ENSG00000130203,0.068049624,0.576535616
ENSG00000130204,-0.123740754,0.32759841
ENSG00000130208,0.153245898,0.167033702
ENSG00000130222,0.268974258,0.017213025
ENSG00000130224,-0.698201523,2.72E-06
ENSG00000130227,0.393505637,8.64E-05
ENSG00000130244,0.224894313,0.09165731
ENSG00000130254,-0.17030239,0.117805515
ENSG00000130255,-0.011002747,0.922355124
ENSG00000130270,-0.010029222,0.93547567
ENSG00000130299,-0.009867514,0.93339148
ENSG00000130303,0.061736488,0.624542508
ENSG00000130304,0.087693834,0.386736743
ENSG00000130305,0.002106633,0.987659227
ENSG00000130307,-0.014203794,0.83317308
ENSG00000130309,-0.228566569,0.024592606
ENSG00000130311,-0.495005125,6.69E-08
ENSG00000130312,-0.20545588,0.058995246
ENSG00000130313,0.133452413,0.184897424
ENSG00000130332,0.145848574,0.206951219
ENSG00000130338,0.383129999,0.000887907
ENSG00000130340,0.421366488,0.001134309
ENSG00000130347,0.323823837,0.047253689
ENSG00000130348,0.111774113,0.383339785
ENSG00000130349,0.019006926,0.861936325
ENSG00000130363,0.012524005,0.918342976
ENSG00000130377,0.274367501,0.012762379
ENSG00000130382,-0.233701928,0.073523561
ENSG00000130396,-0.115641306,0.260596214
ENSG00000130402,-0.73686896,4.04E-06
ENSG00000130413,-0.019883891,0.850195557
ENSG00000130414,0.004777622,0.966960798
ENSG00000130429,-0.046883097,0.693999133
ENSG00000130433,-0.035753561,0.401615285
ENSG00000130449,0.068352452,0.595163776
ENSG00000130475,0.034404513,0.743174777
ENSG00000130477,-0.031958288,0.523195601
ENSG00000130479,-0.473664145,3.94E-06
ENSG00000130487,1.936976141,0.003445381
ENSG00000130489,-0.158675305,0.251343561
ENSG00000130508,-0.19545192,0.155830631
ENSG00000130511,0.277743552,0.046129023
ENSG00000130513,1.766946761,1.38E-10
ENSG00000130517,0.503432615,6.99E-05
ENSG00000130518,0.298930665,0.065443841
ENSG00000130520,-0.07287466,0.4295276
ENSG00000130522,0.177196801,0.129863178
ENSG00000130528,-0.035470631,0.388803739
ENSG00000130529,-0.644445396,1.46E-05
ENSG00000130540,-0.022486636,0.809092088
ENSG00000130544,0.020317644,0.863816951
ENSG00000130545,-0.003088474,0.943142911
ENSG00000130558,-0.080732498,0.496551758
ENSG00000130559,0.081569021,0.421499032
ENSG00000130560,0.010948743,0.910635641
ENSG00000130584,0.657878804,0.000326882
ENSG00000130589,0.023585969,0.855003412
ENSG00000130590,0.176187283,0.214045013
ENSG00000130592,1.603780452,0.000867375
ENSG00000130600,0.103464198,0.130142686
ENSG00000130635,0.513096778,0.000152669
ENSG00000130638,-0.082642518,0.314131504
ENSG00000130640,0.004255275,0.96273438
ENSG00000130643,0.040684864,0.436050476
ENSG00000130649,0.096561863,0.368213638
ENSG00000130653,-0.179186836,0.21382871
ENSG00000130669,0.107108522,0.31903098
ENSG00000130684,0.094485454,0.469755976
ENSG00000130695,0.224194411,0.122231821
ENSG00000130699,-0.083512922,0.451671935
ENSG00000130702,0.057674189,0.654539456
ENSG00000130703,0.074673447,0.361164726
ENSG00000130706,-0.141144003,0.102597896
ENSG00000130707,0.119778024,0.36279977
ENSG00000130713,0.167150361,0.173789476
ENSG00000130714,-0.098721355,0.263845425
ENSG00000130717,-0.057173489,0.580629119
ENSG00000130720,0.017416013,NA
ENSG00000130723,-0.089721615,0.330876969
ENSG00000130724,-0.017344129,0.865987117
ENSG00000130725,-0.077575284,0.452921667
ENSG00000130726,0.016646004,0.838549955
ENSG00000130731,-0.003886178,0.971813119
ENSG00000130733,0.260560291,0.008031722
ENSG00000130734,-0.220425599,0.117621631
ENSG00000130741,0.169645446,0.092109418
ENSG00000130748,-0.106044686,0.414516507
ENSG00000130749,0.018685577,0.823805679
ENSG00000130751,0.055441808,0.596684535
ENSG00000130755,0.070042583,0.27786756
ENSG00000130758,-0.158049793,0.202688171
ENSG00000130764,-0.033177656,0.67782325
ENSG00000130766,0.849848065,1.16E-06
ENSG00000130770,0.120868438,0.226219618
ENSG00000130772,-0.162137238,0.159916519
ENSG00000130775,0.230748843,0.122573391
ENSG00000130779,-0.201429426,0.078386293
ENSG00000130783,-0.056124106,0.549434801
ENSG00000130787,0.199485154,0.164005494
ENSG00000130803,0.00117695,0.989993517
ENSG00000130810,-0.402809807,0.037061655
ENSG00000130811,-0.192283232,0.028681363
ENSG00000130812,0.028588133,0.739379684
ENSG00000130813,0.001688071,0.986138643
ENSG00000130816,0.048995646,0.604525896
ENSG00000130818,0.21494518,0.04591353
ENSG00000130821,-0.122258199,0.264924849
ENSG00000130822,0.055858495,0.575144566
ENSG00000130826,-0.054136066,0.655442101
ENSG00000130827,0.084049043,0.485748925
ENSG00000130830,0.013817475,0.906385361
ENSG00000130844,-0.030082606,0.798955335
ENSG00000130856,0.184597576,0.090825798
ENSG00000130876,-0.08524794,0.430738976
ENSG00000130881,0.255879722,0.057730968
ENSG00000130921,0.375786069,0.000239775
ENSG00000130935,0.001621801,0.986821427
ENSG00000130939,-0.007609811,0.943215855
ENSG00000130940,0.006569067,0.920172738
ENSG00000130943,0.19715367,0.175775147
ENSG00000130948,-0.102054959,0.142827859
ENSG00000130950,0.011491086,0.901058523
ENSG00000130956,-0.46289838,0.005084612
ENSG00000130958,-0.30839415,0.005484373
ENSG00000130962,-0.266513328,0.050705772
ENSG00000130985,-0.032036699,0.685582711
ENSG00000130988,0.112588958,0.401335264
ENSG00000130997,0.133709108,0.310723148
ENSG00000131002,0.002113187,0.963393468
ENSG00000131013,0.047785609,0.661759482
ENSG00000131015,0.126240487,0.332182305
ENSG00000131016,0.768630539,0.003723793
ENSG00000131018,-0.029761952,0.78373501
ENSG00000131019,0.324825673,0.061402249
ENSG00000131023,-0.02877321,0.749798389
ENSG00000131037,-0.603805824,0.015726118
ENSG00000131043,-0.218708205,0.006132978
ENSG00000131044,0.011282043,0.880203798
ENSG00000131051,0.037250907,0.625963755
ENSG00000131061,-0.052241045,0.676667535
ENSG00000131067,-0.027679229,0.759566369
ENSG00000131069,-0.238894746,0.010996575
ENSG00000131080,0.86770295,5.95E-07
ENSG00000131089,0.306625186,0.001638097
ENSG00000131094,0.067459255,0.522541848
ENSG00000131096,0.02527312,0.728437192
ENSG00000131100,-0.28364115,0.003540426
ENSG00000131115,0.173291763,0.128525938
ENSG00000131116,0.051885694,0.665690186
ENSG00000131127,0.21630193,0.113387541
ENSG00000131143,0.025508671,0.764617962
ENSG00000131148,-0.359563113,0.000113586
ENSG00000131149,0.190942825,0.175112562
ENSG00000131153,0.191054876,0.182909763
ENSG00000131165,-0.143442803,0.246581251
ENSG00000131171,-0.002739868,0.977675164
ENSG00000131174,0.154903443,0.220604939
ENSG00000131187,-0.010124984,0.900684172
ENSG00000131188,0.052261315,0.663107536
ENSG00000131196,-0.043342651,0.728251411
ENSG00000131236,-0.492698048,1.32E-06
ENSG00000131238,-0.062305964,0.500144093
ENSG00000131242,2.100694661,4.59E-11
ENSG00000131263,-0.158906246,0.013921352
ENSG00000131269,0.205416347,0.030698268
ENSG00000131323,0.376137917,0.000745571
ENSG00000131351,-0.076560534,0.557122305
ENSG00000131368,-0.004703314,0.958091795
ENSG00000131370,0.906454807,3.47E-07
ENSG00000131373,-0.075113068,0.50374143
ENSG00000131374,0.192993731,0.030172319
ENSG00000131375,0.028387751,0.74632671
ENSG00000131378,-0.087004357,0.506171569
ENSG00000131379,0.11290233,0.151249202
ENSG00000131381,0.105868032,0.341339328
ENSG00000131386,-1.435885132,7.26E-08
ENSG00000131389,2.073736364,1.70E-21
ENSG00000131398,-0.04864394,0.283736553
ENSG00000131400,0.001278449,0.99132071
ENSG00000131408,-0.320300133,0.002674814
ENSG00000131409,0.119436112,0.327594221
ENSG00000131435,0.281568065,0.069332068
ENSG00000131437,0.556747021,3.26E-05
ENSG00000131446,-0.834505904,3.19E-12
ENSG00000131459,-1.202241148,9.60E-07
ENSG00000131462,0.153655244,0.269286481
ENSG00000131467,-0.283435747,0.004249761
ENSG00000131469,0.013064535,0.917838899
ENSG00000131470,-0.200129435,0.173830281
ENSG00000131471,-0.0247075,0.752357009
ENSG00000131473,-0.129697106,0.23853119
ENSG00000131475,-0.097247954,0.254118833
ENSG00000131477,-0.127202438,0.219677436
ENSG00000131480,-0.24096275,0.118350256
ENSG00000131484,0.046673602,0.632928779
ENSG00000131495,-0.115549474,0.300642607
ENSG00000131503,0.054054511,0.675014298
ENSG00000131504,-0.23869618,0.061636992
ENSG00000131507,-0.348771508,0.002777568
ENSG00000131508,-0.261611984,0.010980911
ENSG00000131558,0.065153258,0.353905406
ENSG00000131584,0.257320572,0.098028185
ENSG00000131591,-0.009896454,0.934418694
ENSG00000131620,-0.027125778,0.726349033
ENSG00000131626,-0.115153671,0.244429723
ENSG00000131634,-0.550252088,0.007652141
ENSG00000131650,0.042691193,0.331991494
ENSG00000131652,0.088349093,0.478320268
ENSG00000131653,-0.087593236,0.404540791
ENSG00000131669,0.462873495,0.008400787
ENSG00000131697,0.059634058,0.638773936
ENSG00000131711,0.311115827,0.04866995
ENSG00000131724,0.008453493,0.950426687
ENSG00000131725,-0.203332782,0.043092746
ENSG00000131730,0.9697276,0.00077582
ENSG00000131732,0.3389815,0.006877187
ENSG00000131746,0.007188475,0.904995846
ENSG00000131747,0.173755129,0.211270465
ENSG00000131748,0.006868917,0.940249702
ENSG00000131759,0.199527723,0.113515789
ENSG00000131771,2.396140896,0.00061072
ENSG00000131773,-0.16075465,0.249955396
ENSG00000131778,0.222469785,0.053961687
ENSG00000131779,-0.170013781,0.076476624
ENSG00000131781,-0.207735548,0.138554601
ENSG00000131788,0.065411535,0.465942243
ENSG00000131791,-0.018913119,0.853974279
ENSG00000131795,-0.050888826,0.604472513
ENSG00000131797,0.400876965,0.016921849
ENSG00000131828,-0.063418789,0.499772663
ENSG00000131831,-0.10007046,0.129551543
ENSG00000131844,-0.424870856,2.20E-05
ENSG00000131845,0.129060042,0.173054367
ENSG00000131848,0.006360676,0.962129382
ENSG00000131849,0.069574905,0.590002442
ENSG00000131871,-0.671570391,4.50E-18
ENSG00000131873,0.040951661,0.727914496
ENSG00000131876,0.039272177,0.759415915
ENSG00000131899,0.39110216,0.000988323
ENSG00000131931,-0.064999771,0.552372895
ENSG00000131941,-0.197066753,0.179735751
ENSG00000131943,-0.256844717,0.038114223
ENSG00000131944,0.021108074,0.867567183
ENSG00000131966,-0.075146959,0.36189792
ENSG00000131969,0.036942601,0.704041815
ENSG00000131979,-1.531661629,2.85E-09
ENSG00000131981,0.234339067,0.085707067
ENSG00000132000,-0.029733934,0.79417375
ENSG00000132002,0.266154065,0.011404365
ENSG00000132003,-0.312387036,0.066442332
ENSG00000132004,0.106550994,0.41499964
ENSG00000132005,0.045648189,0.694767636
ENSG00000132010,0.034966593,0.622722478
ENSG00000132016,0.124316177,0.307744587
ENSG00000132017,0.144953942,0.197187694
ENSG00000132024,0.062462378,0.530508384
ENSG00000132031,-0.341783918,0.052583688
ENSG00000132109,0.183336816,0.084823314
ENSG00000132122,-0.19130185,0.082773104
ENSG00000132128,0.017965621,0.829393258
ENSG00000132139,-0.032509491,0.331856446
ENSG00000132141,-0.201836176,0.167839448
ENSG00000132142,0.124990105,0.249803157
ENSG00000132153,-0.11322983,0.213119805
ENSG00000132155,-0.762918672,2.61E-09
ENSG00000132170,-0.862442388,0.000495924
ENSG00000132185,0.060983542,0.188932775
ENSG00000132196,0.029661826,0.816071885
ENSG00000132199,0.632611905,0.00049652
ENSG00000132205,0.240523924,0.069130226
ENSG00000132207,0.024734538,0.806517259
ENSG00000132254,0.128702978,0.243290202
ENSG00000132256,0.49353756,0.002160145
ENSG00000132259,0.040184426,0.554084126
ENSG00000132274,0.095657684,0.269668434
ENSG00000132275,0.017786566,0.868564342
ENSG00000132286,-0.166468747,0.118866949
ENSG00000132294,0.006332992,0.955746482
ENSG00000132300,-0.015543855,0.843268777
ENSG00000132305,-0.089312921,0.388364725
ENSG00000132313,-0.002436505,0.980268546
ENSG00000132321,1.105186659,0.001939592
ENSG00000132323,-0.023205754,0.826004376
ENSG00000132326,0.84474976,0.002592787
ENSG00000132329,0.012843007,0.879575237
ENSG00000132330,-0.128680445,0.342116956
ENSG00000132334,-0.886690866,0.005700892
ENSG00000132341,-0.15338143,0.182847346
ENSG00000132356,-0.849212453,1.50E-21
ENSG00000132357,-0.30987362,0.000877666
ENSG00000132359,-0.062478576,0.447145626
ENSG00000132361,-0.43383509,0.000325915
ENSG00000132376,-0.483189283,0.000152744
ENSG00000132382,-0.151578991,0.164676134
ENSG00000132383,0.193862219,0.069709135
ENSG00000132386,0.14244521,0.184199272
ENSG00000132388,-0.010184181,0.905172865
ENSG00000132394,0.089284445,0.438703913
ENSG00000132405,0.194020064,0.084772703
ENSG00000132406,-0.315010718,0.002553278
ENSG00000132423,-0.190356737,0.193519781
ENSG00000132424,0.163416821,0.064694866
ENSG00000132429,-0.121499302,0.351109908
ENSG00000132432,-0.118135494,0.343280445
ENSG00000132434,0.141944699,0.155576295
ENSG00000132436,0.245476105,0.061953807
ENSG00000132463,-0.319062481,0.000331976
ENSG00000132464,0.054303545,0.599432725
ENSG00000132465,-0.00213423,0.977232646
ENSG00000132466,-0.023513706,0.802916646
ENSG00000132467,-0.251975236,0.014748342
ENSG00000132470,0.111104995,0.340101223
ENSG00000132471,-0.106640603,0.321516418
ENSG00000132475,0.170468793,0.01005386
ENSG00000132478,0.289732638,0.022995099
ENSG00000132481,0.160510765,0.240106038
ENSG00000132485,-0.09579357,0.245159203
ENSG00000132498,0.029562553,0.608069223
ENSG00000132507,-0.177230376,0.165450051
ENSG00000132510,0.276554418,0.054989712
ENSG00000132517,0.040230397,0.446507094
ENSG00000132518,-6.636780928,1.43E-06
ENSG00000132522,-0.02285103,0.808942774
ENSG00000132530,0.882138704,2.48E-09
ENSG00000132535,0.283579839,0.004608581
ENSG00000132541,0.480820915,0.009441877
ENSG00000132549,0.187532949,0.075642628
ENSG00000132554,0.092668954,0.488256672
ENSG00000132561,0.060199814,0.611852699
ENSG00000132563,-0.139793323,0.297759218
ENSG00000132570,0.103656931,0.435683367
ENSG00000132581,-0.221280303,0.010791747
ENSG00000132589,-0.445177592,6.97E-05
ENSG00000132591,-0.162038974,0.069662958
ENSG00000132600,-0.179072699,0.164763133
ENSG00000132603,-0.322538547,0.016955671
ENSG00000132604,0.098338895,0.253364214
ENSG00000132612,-0.412138904,1.47E-07
ENSG00000132613,-0.642334795,0.00076643
ENSG00000132622,2.217653258,1.33E-10
ENSG00000132623,-0.006952768,0.958256485
ENSG00000132635,0.080376892,0.421465874
ENSG00000132639,0.030156691,0.690513373
ENSG00000132640,-0.114790433,0.39728844
ENSG00000132646,0.589091519,4.53E-05
ENSG00000132661,0.227097195,0.114874266
ENSG00000132664,-0.000719891,0.994028976
ENSG00000132669,-0.263101798,0.035806493
ENSG00000132670,-0.123519655,0.239165142
ENSG00000132676,0.016761553,0.861733489
ENSG00000132680,-0.141668575,0.120029914
ENSG00000132681,0.030168492,0.567878257
ENSG00000132688,0.555567619,0.011357884
ENSG00000132692,0.017867839,0.740699174
ENSG00000132694,-0.024815079,0.736105202
ENSG00000132716,-0.180145431,0.05787924
ENSG00000132718,-0.050178812,0.648122715
ENSG00000132740,-0.562645089,2.91E-05
ENSG00000132746,-0.085915291,0.099504519
ENSG00000132749,-0.008337271,0.878875524
ENSG00000132763,0.307747106,0.038075482
ENSG00000132768,-0.304445077,0.013278128
ENSG00000132773,0.18618517,0.147364113
ENSG00000132780,0.186934328,0.056749956
ENSG00000132781,0.069235615,0.576361895
ENSG00000132792,-0.109474306,0.275282294
ENSG00000132793,-0.463859078,0.020641066
ENSG00000132801,0.478535663,0.002783218
ENSG00000132819,0.109600387,0.340615371
ENSG00000132821,-0.021149276,0.827215689
ENSG00000132823,-0.310279657,0.015482632
ENSG00000132824,-0.361933989,0.004042794
ENSG00000132825,-0.294997578,0.042446002
ENSG00000132832,0.237090002,0.048892242
ENSG00000132837,0.148669896,0.27973108
ENSG00000132840,0.08400161,0.480581686
ENSG00000132842,-0.102118741,0.23160883
ENSG00000132846,0.385567988,0.013957511
ENSG00000132849,-0.147719954,0.242528537
ENSG00000132854,2.390650055,0.002469556
ENSG00000132874,-0.0585041,0.446452631
ENSG00000132879,0.055141491,0.610247167
ENSG00000132881,-0.210737607,0.148696184
ENSG00000132906,-0.065921675,0.588605467
ENSG00000132912,0.030112869,0.690503308
ENSG00000132932,0.055005683,0.274660716
ENSG00000132950,0.139886449,0.215957108
ENSG00000132952,0.000275845,0.99935257
ENSG00000132953,-0.065011653,0.502044463
ENSG00000132963,-0.326141728,0.008476515
ENSG00000132964,-0.064400067,0.605393576
ENSG00000132965,-1.121717759,0.004773064
ENSG00000132967,0.142477643,0.168594483
ENSG00000132970,-1.079281928,9.12E-21
ENSG00000133026,-0.372553381,0.039589362
ENSG00000133027,-0.375946162,0.027079755
ENSG00000133028,-0.076657304,0.518984603
ENSG00000133030,0.006563861,0.942459498
ENSG00000133048,0.008177186,0.907235787
ENSG00000133055,-0.01028824,0.879054906
ENSG00000133056,0.063858356,0.573710078
ENSG00000133059,0.395077195,0.001418867
ENSG00000133065,-0.102416378,0.3688796
ENSG00000133069,0.987714878,1.45E-08
ENSG00000133083,0.027964978,0.695982332
ENSG00000133101,-0.030469351,0.594088245
ENSG00000133103,0.520655386,7.12E-05
ENSG00000133104,-0.382105753,0.002856277
ENSG00000133106,-0.561385964,0.001157772
ENSG00000133107,0.035381152,0.661501895
ENSG00000133110,0.129700581,0.118190452
ENSG00000133111,0.20914018,0.161644003
ENSG00000133112,-0.080698217,0.437571008
ENSG00000133114,0.120093767,0.236882316
ENSG00000133116,0.012887336,0.844074997
ENSG00000133119,0.025711512,0.838013638
ENSG00000133121,-0.595196338,6.15E-05
ENSG00000133131,0.190949264,0.090868233
ENSG00000133134,0.04045601,0.444456564
ENSG00000133135,0.062135878,0.586657344
ENSG00000133136,0.016142451,0.866012773
ENSG00000133138,0.182513074,0.126701526
ENSG00000133142,-1.517641751,3.54E-23
ENSG00000133169,-0.089083464,0.105494986
ENSG00000133193,0.04117627,0.703908854
ENSG00000133195,0.050615572,0.703123696
ENSG00000133216,1.568485261,4.15E-06
ENSG00000133226,0.067349836,0.319493136
ENSG00000133243,-0.111598475,0.209271095
ENSG00000133246,0.010108566,0.878982132
ENSG00000133247,0.369877063,0.016984862
ENSG00000133250,0.040958769,0.753476566
ENSG00000133256,0.005120172,0.965294731
ENSG00000133265,-0.046956222,0.675340664
ENSG00000133275,-0.045479903,0.600008521
ENSG00000133302,-0.196952136,0.149563176
ENSG00000133313,-0.132683669,0.12840316
ENSG00000133315,0.011663998,0.927474189
ENSG00000133316,-0.26503674,0.029113562
ENSG00000133318,-0.137166488,0.247812498
ENSG00000133321,0.265921843,0.096922164
ENSG00000133392,-0.034966235,0.535409724
ENSG00000133393,-0.035249349,0.707296402
ENSG00000133398,-0.196918706,0.051696029
ENSG00000133401,-1.064568338,0.000121451
ENSG00000133422,-0.085031203,0.315550757
ENSG00000133424,0.226861324,0.118814033
ENSG00000133433,-0.033315063,0.67681812
ENSG00000133460,0.226696229,0.111734721
ENSG00000133466,0.542585833,0.0010276
ENSG00000133475,0.030255561,0.679460782
ENSG00000133488,-0.032175882,0.579929209
ENSG00000133597,-0.326509675,0.036340472
ENSG00000133606,-0.149787125,0.163629517
ENSG00000133612,-0.090198609,0.42939826
ENSG00000133619,0.18068958,0.142205192
ENSG00000133624,0.11828474,0.225764972
ENSG00000133627,0.028671855,0.819182073
ENSG00000133639,-0.398157196,0.000830396
ENSG00000133640,0.090423602,0.17787597
ENSG00000133641,-0.544193283,3.23E-06
ENSG00000133657,-0.152180277,0.195699102
ENSG00000133661,-0.012436453,0.862159602
ENSG00000133678,0.028155735,0.808030574
ENSG00000133687,-0.379526252,0.038573856
ENSG00000133703,0.003615074,0.97325926
ENSG00000133704,0.072477561,0.405886927
ENSG00000133706,-0.007906587,0.937255115
ENSG00000133731,-0.293010554,0.02003006
ENSG00000133739,0.001723157,0.989836766
ENSG00000133740,0.122270147,0.364711433
ENSG00000133773,0.009531189,0.919096425
ENSG00000133789,-0.604019804,7.30E-05
ENSG00000133794,-0.661961901,1.23E-05
ENSG00000133800,-0.121102901,0.206686331
ENSG00000133805,-0.196735814,0.178581169
ENSG00000133808,-0.1117756,0.165480945
ENSG00000133812,-0.17069354,0.157278664
ENSG00000133816,-0.989116034,3.36E-05
ENSG00000133818,-0.559226618,0.000450357
ENSG00000133835,-0.229961532,0.006460295
ENSG00000133858,-0.265967347,0.005923025
ENSG00000133863,-0.003902286,0.921768565
ENSG00000133872,0.081656387,0.409887986
ENSG00000133874,0.26192617,0.100878336
ENSG00000133878,-0.007883843,0.895643627
ENSG00000133884,0.154953358,0.049940812
ENSG00000133895,-0.059181511,0.563587086
ENSG00000133935,0.155100625,0.211733606
ENSG00000133937,0.0028189,0.956542111
ENSG00000133943,0.837247087,9.75E-09
ENSG00000133958,0.081367929,0.482210033
ENSG00000133961,-0.181291139,0.038406317
ENSG00000133983,-0.237172647,0.077576997
ENSG00000133985,0.006670101,0.933533334
ENSG00000133997,-0.00139725,0.98866401
ENSG00000134001,-0.16835291,0.099791167
ENSG00000134013,0.39151584,0.037020034
ENSG00000134014,-0.068712786,0.484534741
ENSG00000134020,-0.298278117,0.062851993
ENSG00000134028,0.032544465,0.642214986
ENSG00000134030,-0.136406702,0.167200778
ENSG00000134042,-0.065035503,0.265308383
ENSG00000134046,-0.502708351,1.19E-05
ENSG00000134049,-0.254439183,0.039224201
ENSG00000134056,-0.506672881,5.29E-06
ENSG00000134057,-0.101916876,0.43347367
ENSG00000134058,-0.296282235,0.011514396
ENSG00000134070,0.818258168,0.001482774
ENSG00000134072,-0.025581951,0.842376985
ENSG00000134077,-0.010075403,0.913142695
ENSG00000134086,0.030660917,0.698718449
ENSG00000134107,0.186839852,0.144973069
ENSG00000134108,-0.252946543,0.003681202
ENSG00000134109,-0.306358966,0.01053836
ENSG00000134121,-0.11048378,0.105664392
ENSG00000134138,0.62480689,0.004358764
ENSG00000134146,-0.233265145,0.093311899
ENSG00000134152,-0.2154323,0.047704731
ENSG00000134153,-0.188839389,0.107555788
ENSG00000134183,0.057384668,0.511125797
ENSG00000134184,0.117425495,0.34814893
ENSG00000134186,-0.121685131,0.251389458
ENSG00000134198,0.112604872,0.194683382
ENSG00000134201,0.311878757,0.065026213
ENSG00000134202,0.228241641,0.107953975
ENSG00000134222,-0.106489016,0.430065204
ENSG00000134242,-1.109854837,0.008296507
ENSG00000134243,-2.158007619,9.67E-17
ENSG00000134245,-0.113145965,0.401298441
ENSG00000134247,0.605692811,0.004179335
ENSG00000134248,-0.268696611,0.013113668
ENSG00000134250,-0.088705241,0.423520736
ENSG00000134253,1.922762642,1.51E-20
ENSG00000134255,0.182646115,0.08833534
ENSG00000134256,0.032290534,0.533533347
ENSG00000134258,0.106580493,0.005936193
ENSG00000134259,1.00363616,0.002515615
ENSG00000134262,-0.023751795,0.83140118
ENSG00000134265,-0.392026341,0.000141434
ENSG00000134278,0.133193515,0.29375926
ENSG00000134283,-0.155195127,0.091243362
ENSG00000134285,-0.262769473,0.048969766
ENSG00000134287,-0.227640675,0.015339337
ENSG00000134291,0.148219877,0.236549099
ENSG00000134294,-1.189562328,2.28E-12
ENSG00000134297,0.005768802,0.965714435
ENSG00000134308,-0.075558146,0.333011209
ENSG00000134313,0.037042703,0.732629816
ENSG00000134317,0.136080079,0.277059561
ENSG00000134318,-0.784313634,1.60E-12
ENSG00000134321,0.151591116,0.006133981
ENSG00000134324,-0.51415074,0.002881903
ENSG00000134326,0.023098622,0.700767672
ENSG00000134330,-0.128442982,0.217026445
ENSG00000134333,-0.805974184,5.40E-05
ENSG00000134343,-0.077445161,0.430397983
ENSG00000134352,-0.083753198,0.438735701
ENSG00000134363,1.672561039,1.53E-08
ENSG00000134369,-0.057745145,0.643844038
ENSG00000134371,-0.286286575,0.000812832
ENSG00000134375,-0.108360214,0.351283424
ENSG00000134376,1.227601011,0.006660555
ENSG00000134398,0.020671092,0.679609012
ENSG00000134419,0.03492841,0.74254174
ENSG00000134440,-0.062466548,0.456282628
ENSG00000134444,-0.120687416,0.129659743
ENSG00000134452,-0.103095399,0.130167944
ENSG00000134453,-0.057139566,0.505889486
ENSG00000134461,0.041683037,0.738096186
ENSG00000134463,-0.07037545,0.488379673
ENSG00000134470,-0.112657209,0.403522324
ENSG00000134480,-0.236581148,0.078144518
ENSG00000134489,0.013331718,0.77361055
ENSG00000134490,-0.199760007,0.12447193
ENSG00000134504,-0.098439578,0.450988375
ENSG00000134508,-0.736766492,0.000128801
ENSG00000134516,0.264476835,0.062553794
ENSG00000134531,-0.925262445,4.53E-10
ENSG00000134532,-0.601022565,0.000213805
ENSG00000134533,-0.041485911,0.622994156
ENSG00000134539,0.098424401,0.243350599
ENSG00000134548,0.153248763,0.25203257
ENSG00000134551,0.11449241,0.195986161
ENSG00000134569,0.24255513,0.114709574
ENSG00000134574,0.193819495,0.172133056
ENSG00000134575,-0.287267061,0.04492053
ENSG00000134590,-0.174667424,0.020351736
ENSG00000134594,0.312794674,0.053124058
ENSG00000134595,0.056586185,0.278188661
ENSG00000134597,0.188626495,0.073137823
ENSG00000134602,-0.21050076,0.155615202
ENSG00000134627,-0.187715842,0.192622184
ENSG00000134644,-0.079441883,0.345957919
ENSG00000134668,-0.05959901,0.643123275
ENSG00000134684,0.713067035,9.70E-10
ENSG00000134686,-1.375677415,4.28E-52
ENSG00000134690,-0.042714691,0.710105684
ENSG00000134697,-0.414388962,0.001320419
ENSG00000134698,-0.253271964,0.01009528
ENSG00000134709,-0.101737561,0.076614916
ENSG00000134716,0.079816438,0.357291997
ENSG00000134717,-0.061711684,0.434742308
ENSG00000134744,0.325999824,0.002308134
ENSG00000134748,0.112567312,0.259061982
ENSG00000134755,0.062299673,0.280667612
ENSG00000134758,0.052734274,0.649764776
ENSG00000134759,0.088970815,0.270484238
ENSG00000134762,-0.168332181,0.061997059
ENSG00000134769,0.833479452,2.93E-07
ENSG00000134775,-0.071901095,0.581530314
ENSG00000134779,0.200834807,0.104827136
ENSG00000134780,0.507322625,0.007305132
ENSG00000134802,0.240449777,0.104839344
ENSG00000134809,-0.012961372,0.918703613
ENSG00000134815,0.166308884,0.233048389
ENSG00000134824,-0.018047316,0.866738195
ENSG00000134825,-0.004688124,0.96759627
ENSG00000134851,-0.578136442,1.66E-07
ENSG00000134852,0.013568314,0.876383193
ENSG00000134853,-0.478266789,0.004902544
ENSG00000134864,-0.113751626,0.394489733
ENSG00000134871,-0.819108941,5.13E-06
ENSG00000134874,0.381290265,0.000985667
ENSG00000134882,-0.087815048,0.321515116
ENSG00000134884,-0.049438782,0.576381552
ENSG00000134897,-0.107270193,0.351535776
ENSG00000134899,-0.084548391,0.383091368
ENSG00000134900,-0.162998885,0.135859424
ENSG00000134901,0.18946856,0.087337038
ENSG00000134905,-0.286399329,0.018027393
ENSG00000134909,0.275202098,0.013020544
ENSG00000134910,-0.054781326,0.576223943
ENSG00000134917,-0.064640251,0.57331621
ENSG00000134954,-0.165171774,0.14140631
ENSG00000134955,-0.013486084,0.802059639
ENSG00000134970,-0.254477223,0.024533388
ENSG00000134982,-0.17163939,0.10415703
ENSG00000134986,0.519214724,0.000667069
ENSG00000134987,0.672306291,2.93E-06
ENSG00000134996,-0.052209503,0.657874143
ENSG00000135002,-0.12284146,0.303507898
ENSG00000135018,-0.21737909,0.006670535
ENSG00000135040,0.137938981,0.171612935
ENSG00000135045,0.171926323,0.226939718
ENSG00000135046,-0.35719359,0.015595917
ENSG00000135047,-0.106431098,0.342846536
ENSG00000135048,-0.82766416,2.02E-06
ENSG00000135049,-0.184996422,0.118810636
ENSG00000135052,0.317430455,0.004308515
ENSG00000135069,1.125777019,2.07E-05
ENSG00000135070,-0.50993235,1.77E-07
ENSG00000135074,-0.419246422,0.008811292
ENSG00000135077,0.026976865,0.824919383
ENSG00000135083,0.115407872,0.177000411
ENSG00000135090,-0.34174366,5.66E-05
ENSG00000135093,0.361007804,0.001653681
ENSG00000135100,-0.003112646,0.97489304
ENSG00000135108,0.140200569,0.125886678
ENSG00000135111,0.395016163,0.001240635
ENSG00000135114,0.060374893,0.417588029
ENSG00000135116,0.084285176,0.228231819
ENSG00000135119,0.051706543,0.541811722
ENSG00000135124,-0.006471603,0.956534723
ENSG00000135148,-0.038546564,0.741175819
ENSG00000135164,-0.083877645,0.440394151
ENSG00000135185,-0.280273162,0.047624545
ENSG00000135205,-0.152164442,0.246339003
ENSG00000135211,-0.14746108,0.282774603
ENSG00000135213,-0.092677372,0.308903167
ENSG00000135218,-0.061770266,0.582834549
ENSG00000135241,-0.480379541,0.000207879
ENSG00000135245,-0.081140998,0.532098596
ENSG00000135248,-0.056200136,0.387958731
ENSG00000135249,0.027226661,0.798510341
ENSG00000135250,0.204931522,0.026361848
ENSG00000135253,0.159020615,0.074711669
ENSG00000135269,0.083643725,0.53297782
ENSG00000135272,-0.370441136,0.000451391
ENSG00000135297,0.168993299,0.136078889
ENSG00000135299,-0.000110133,0.998176975
ENSG00000135312,-0.090852599,0.041704058
ENSG00000135314,0.081437583,0.538425242
ENSG00000135315,0.325412668,0.003013782
ENSG00000135316,-0.159580768,0.072356456
ENSG00000135317,-0.118911865,0.242766793
ENSG00000135318,0.725255867,0.00072821
ENSG00000135324,-0.010388763,0.76085652
ENSG00000135334,0.006665567,0.939927624
ENSG00000135336,-0.0250368,0.783989264
ENSG00000135338,0.06973491,0.519533395
ENSG00000135341,0.02889614,0.776476483
ENSG00000135346,-0.007028251,0.817981119
ENSG00000135362,-1.491377644,7.60E-15
ENSG00000135363,0.017045785,0.790266627
ENSG00000135365,0.047410612,0.639662373
ENSG00000135372,-0.140034428,0.180218377
ENSG00000135378,-0.223805807,0.039597645
ENSG00000135387,0.143393836,0.071042304
ENSG00000135390,0.113166527,0.184070052
ENSG00000135392,0.107371542,0.337284089
ENSG00000135404,0.135976958,0.180612207
ENSG00000135406,0.004564358,0.928174541
ENSG00000135407,-0.177105963,0.20451695
ENSG00000135414,0.42077823,1.35E-05
ENSG00000135423,0.105365892,0.429979302
ENSG00000135424,0.367967629,0.019944603
ENSG00000135436,-0.048185024,0.610398559
ENSG00000135437,0.377668446,0.042633095
ENSG00000135439,0.02679305,0.703584862
ENSG00000135441,0.030661939,0.814404916
ENSG00000135446,0.718087511,1.66E-06
ENSG00000135451,-0.061178191,0.514170804
ENSG00000135452,-0.283940144,0.016913704
ENSG00000135454,-0.090077677,0.316448157
ENSG00000135457,0.069919324,0.499708117
ENSG00000135469,0.029258171,0.819994438
ENSG00000135472,1.470093698,5.81E-06
ENSG00000135473,-0.122339851,0.284536934
ENSG00000135476,-0.011023773,0.930929235
ENSG00000135477,0.010027278,0.841777319
ENSG00000135480,-0.114615897,0.197455349
ENSG00000135482,0.05959045,0.620181051
ENSG00000135486,-0.1207643,0.303953395
ENSG00000135502,-0.246502151,0.113898894
ENSG00000135503,-0.313444183,3.09E-05
ENSG00000135506,0.029427319,0.742151572
ENSG00000135519,0.023246168,0.688415286
ENSG00000135521,-0.159822342,0.219854227
ENSG00000135525,0.082722925,0.507292326
ENSG00000135535,0.050671327,0.51785712
ENSG00000135537,-0.090133006,0.477088319
ENSG00000135540,-0.271214593,0.086136736
ENSG00000135541,0.431008105,0.000378531
ENSG00000135549,0.113346984,0.188670315
ENSG00000135577,0.073498969,0.277957895
ENSG00000135587,0.056471702,0.649035137
ENSG00000135596,-0.39771265,0.000207138
ENSG00000135597,0.138451202,0.176693727
ENSG00000135604,-2.158137162,2.78E-05
ENSG00000135605,0.064442674,0.575237412
ENSG00000135617,0.125819261,0.354901779
ENSG00000135622,0.036475085,0.735706804
ENSG00000135624,-0.092586963,0.271313634
ENSG00000135631,-0.025588762,0.779487919
ENSG00000135632,0.141337576,0.134793306
ENSG00000135636,0.028607764,0.646094345
ENSG00000135637,0.108850397,0.410886783
ENSG00000135643,-0.08809249,0.443162834
ENSG00000135655,-0.026496549,0.747279394
ENSG00000135677,0.091704481,0.434984299
ENSG00000135678,-1.339258626,1.01E-06
ENSG00000135679,0.555976682,7.22E-09
ENSG00000135686,-0.227512959,0.030173813
ENSG00000135697,0.134014496,0.071164109
ENSG00000135698,-0.086251909,0.513497008
ENSG00000135709,0.108757451,0.414034439
ENSG00000135720,-0.023300262,0.739857414
ENSG00000135722,-0.004848375,0.968744236
ENSG00000135723,0.687691467,0.000555348
ENSG00000135736,0.145157107,0.227008781
ENSG00000135740,0.289371426,0.038701881
ENSG00000135744,0.071464209,0.315139524
ENSG00000135747,-0.114704607,0.395366202
ENSG00000135749,0.553473551,1.27E-05
ENSG00000135750,-0.0709447,0.451460674
ENSG00000135763,-0.190903411,0.153918096
ENSG00000135766,-0.208030393,0.100910627
ENSG00000135773,0.029801221,0.610815134
ENSG00000135775,0.171676488,0.164168027
ENSG00000135776,-0.330287528,0.000886141
ENSG00000135778,0.359150142,0.002989681
ENSG00000135801,-0.365530764,0.004902075
ENSG00000135821,-2.959686417,5.77E-29
ENSG00000135823,-0.418046034,0.000655814
ENSG00000135828,-0.017908334,0.884439631
ENSG00000135829,0.015570105,0.869396339
ENSG00000135835,0.009101553,0.926502847
ENSG00000135837,-0.067361278,0.512120869
ENSG00000135838,-0.433789707,0.019548477
ENSG00000135842,0.445054982,0.027734886
ENSG00000135845,-0.244947159,0.037728658
ENSG00000135847,0.298268371,0.003420087
ENSG00000135862,-0.787731286,5.45E-16
ENSG00000135870,-0.188517178,0.038147103
ENSG00000135899,-0.440040197,0.004494755
ENSG00000135900,-0.045230578,0.638130315
ENSG00000135905,-0.017037117,0.893619472
ENSG00000135912,-0.031319295,0.799230399
ENSG00000135913,0.139136105,0.300310589
ENSG00000135914,0.054184871,0.580304213
ENSG00000135916,0.015367081,0.858935116
ENSG00000135917,-1.175160642,0.000251961
ENSG00000135919,0.299911587,0.075292514
ENSG00000135924,0.209770001,0.021312293
ENSG00000135926,-0.496885012,4.32E-05
ENSG00000135929,0.036317779,0.765925122
ENSG00000135930,-0.197550153,0.057459039
ENSG00000135931,-0.309756403,0.067270659
ENSG00000135932,-0.258510131,0.021251542
ENSG00000135940,-0.079428226,0.420982212
ENSG00000135945,0.175379776,0.055939436
ENSG00000135951,0.078980362,0.548331687
ENSG00000135953,-0.039086061,0.747646563
ENSG00000135956,-0.315286405,0.000878902
ENSG00000135966,-0.149266064,0.127845232
ENSG00000135968,0.073358588,0.53536349
ENSG00000135972,0.092426711,0.407758228
ENSG00000135974,0.056896356,0.467631702
ENSG00000135976,0.496262939,4.54E-06
ENSG00000135999,0.107536544,0.1978513
ENSG00000136002,0.128537501,0.33538153
ENSG00000136003,0.059489824,0.598282858
ENSG00000136010,0.237154791,0.035841493
ENSG00000136011,-0.081788221,0.34793931
ENSG00000136014,-0.415576898,0.003617984
ENSG00000136021,0.012598987,0.878739144
ENSG00000136026,0.188759608,0.100127175
ENSG00000136040,0.00491233,0.97259848
ENSG00000136044,0.012853919,0.922498029
ENSG00000136045,-0.139670664,0.106803886
ENSG00000136048,0.14968051,0.273321653
ENSG00000136051,-0.310692414,0.002869323
ENSG00000136052,0.809835442,0.000505966
ENSG00000136059,0.144582302,0.286214308
ENSG00000136068,-0.321739876,0.035364986
ENSG00000136098,-0.127570354,0.330480659
ENSG00000136100,-0.242808746,0.016960055
ENSG00000136104,0.071051602,0.569469626
ENSG00000136108,0.261420567,0.030768
ENSG00000136111,-0.492676933,0.000479849
ENSG00000136114,-0.086872614,0.493984925
ENSG00000136122,-0.221460344,0.119581873
ENSG00000136141,0.570628425,4.61E-06
ENSG00000136143,0.052229782,0.531204066
ENSG00000136144,0.18815594,0.104572558
ENSG00000136146,-0.148317784,0.1330505
ENSG00000136147,-0.138409011,0.169948957
ENSG00000136149,-0.01988934,0.835133852
ENSG00000136152,0.031082063,0.712971723
ENSG00000136153,-0.195497125,0.18612659
ENSG00000136156,-0.45835666,0.000544541
ENSG00000136158,-0.548243766,0.000908068
ENSG00000136159,0.015539122,0.900548616
ENSG00000136160,-0.073304583,0.399512004
ENSG00000136161,-0.175264121,0.108414013
ENSG00000136167,0.040752021,0.431751537
ENSG00000136169,0.018640986,0.837545994
ENSG00000136193,-0.387876103,0.001304284
ENSG00000136197,0.009774296,0.918023224
ENSG00000136205,0.019723275,0.905462875
ENSG00000136206,0.017537557,0.876264564
ENSG00000136213,-0.264623221,0.030101734
ENSG00000136231,-0.070897858,0.540830261
ENSG00000136235,0.387622001,1.47E-07
ENSG00000136237,-2.575502422,5.84E-08
ENSG00000136238,-0.316360592,7.01E-06
ENSG00000136240,-0.004627833,0.95853245
ENSG00000136243,-0.067226343,0.52226187
ENSG00000136244,0.197783491,0.158256674
ENSG00000136247,-0.074465262,0.375625033
ENSG00000136261,0.419098177,0.012483723
ENSG00000136267,0.164134757,0.005287815
ENSG00000136270,-0.47987733,5.33E-05
ENSG00000136271,-0.156827286,0.094054937
ENSG00000136273,-0.025505445,0.824633566
ENSG00000136274,0.148187872,0.227976793
ENSG00000136275,0.038108234,0.479555664
ENSG00000136279,-0.020536082,0.832177606
ENSG00000136280,-0.064617861,0.440248424
ENSG00000136295,0.621766234,0.000812262
ENSG00000136319,0.1343861,0.257720122
ENSG00000136367,0.512592779,0.006939797
ENSG00000136371,0.017017906,0.87363352
ENSG00000136378,-0.605025247,0.00286323
ENSG00000136379,-0.553414885,1.84E-05
ENSG00000136381,-0.057617102,0.446185302
ENSG00000136383,-2.843982748,9.32E-09
ENSG00000136404,-0.156125643,0.267895626
ENSG00000136425,0.22201789,0.142141589
ENSG00000136436,-1.098145434,1.73E-10
ENSG00000136444,0.201958695,0.12541589
ENSG00000136448,-0.040778023,0.630212674
ENSG00000136449,-0.005335126,0.960415827
ENSG00000136450,0.006252413,0.946999456
ENSG00000136451,-0.146685461,0.086140124
ENSG00000136457,0.064278914,0.578632303
ENSG00000136463,0.067836781,0.515007138
ENSG00000136478,-1.423365683,5.87E-12
ENSG00000136485,-0.099613686,0.296694235
ENSG00000136490,0.122322955,0.351417253
ENSG00000136492,-0.113881805,0.392195115
ENSG00000136504,0.161782353,0.057115164
ENSG00000136514,0.12907697,0.292522911
ENSG00000136518,0.006301563,0.95655759
ENSG00000136521,-0.02289824,0.805947096
ENSG00000136522,-0.087139256,0.448886804
ENSG00000136527,0.028851629,0.705507284
ENSG00000136531,0.384864987,0.038995067
ENSG00000136536,0.056038454,0.567475178
ENSG00000136542,0.105128884,0.447669065
ENSG00000136546,-1.199984919,0.000200685
ENSG00000136560,-0.51262266,2.32E-08
ENSG00000136603,0.109307627,0.35266801
ENSG00000136628,0.251701655,0.007438051
ENSG00000136630,-0.269533481,0.033990813
ENSG00000136631,0.163078507,0.046662012
ENSG00000136636,0.189417089,0.062081379
ENSG00000136643,0.237455238,0.007351197
ENSG00000136653,-0.122510665,0.366633515
ENSG00000136682,-0.063660928,0.56890794
ENSG00000136689,0.091011893,0.022410619
ENSG00000136699,0.023720108,0.733472263
ENSG00000136709,-0.203141233,0.026082908
ENSG00000136710,0.051211075,0.577676299
ENSG00000136715,0.235870891,0.025329905
ENSG00000136717,0.373546243,0.025833806
ENSG00000136718,-0.262697813,0.008480672
ENSG00000136720,-0.44316645,0.001438982
ENSG00000136731,0.059094397,0.529392386
ENSG00000136732,0.240946394,0.069620235
ENSG00000136738,0.133792814,0.209094551
ENSG00000136754,-0.155180569,0.132194866
ENSG00000136758,-0.057613051,0.435846266
ENSG00000136770,0.077125652,0.433875625
ENSG00000136783,-0.461605812,0.000301467
ENSG00000136802,0.079811769,0.401714895
ENSG00000136807,-0.174697011,0.083153512
ENSG00000136810,-0.005557569,0.958689012
ENSG00000136811,0.05738888,0.585292394
ENSG00000136813,-0.276715272,0.007905173
ENSG00000136816,-0.185506772,0.097501417
ENSG00000136819,-0.084504454,0.283970383
ENSG00000136824,0.092595583,0.368786264
ENSG00000136826,0.487571936,0.016430296
ENSG00000136827,-0.234902807,0.007016046
ENSG00000136828,0.344645902,0.015749977
ENSG00000136830,-0.629367332,9.50E-09
ENSG00000136840,-0.195434393,0.147642353
ENSG00000136842,0.065142971,0.5526998
ENSG00000136848,0.173408133,0.14753178
ENSG00000136854,0.073127861,0.473077792
ENSG00000136856,0.014774646,0.908517591
ENSG00000136859,0.837215913,2.43E-10
ENSG00000136861,0.205274734,0.088831598
ENSG00000136866,0.240484886,0.111502413
ENSG00000136867,-0.054246327,0.530150522
ENSG00000136868,-0.360231271,0.004359907
ENSG00000136869,-0.252455735,0.099691583
ENSG00000136870,0.236870157,0.02343591
ENSG00000136872,-0.000608811,0.992068316
ENSG00000136874,-0.082628787,0.476035044
ENSG00000136875,0.00720849,0.943231079
ENSG00000136877,-0.619632208,3.92E-15
ENSG00000136878,0.162927618,0.083771009
ENSG00000136888,0.136290353,0.123838981
ENSG00000136891,-0.009629693,0.916358872
ENSG00000136895,0.252314745,0.097268876
ENSG00000136897,-0.130093451,0.251713099
ENSG00000136908,-0.162597792,0.083554122
ENSG00000136925,0.340353853,0.001300327
ENSG00000136928,-0.359387626,0.035795018
ENSG00000136930,0.152553023,0.061606102
ENSG00000136932,0.092686413,0.428776643
ENSG00000136933,-0.006724784,0.955878191
ENSG00000136935,0.067861459,0.393242187
ENSG00000136936,0.099448837,0.418107233
ENSG00000136937,0.177560533,0.11545355
ENSG00000136938,-0.083735456,0.331069862
ENSG00000136940,-0.020794834,0.852133486
ENSG00000136942,0.017351055,0.889528273
ENSG00000136943,-0.020989719,0.727635504
ENSG00000136950,0.002607499,0.976162005
ENSG00000136960,0.443309944,0.026994856
ENSG00000136982,-0.010377755,0.93133953
ENSG00000136986,-0.28832304,0.001878368
ENSG00000136997,-0.813937638,4.58E-11
ENSG00000136999,2.492659565,9.29E-15
ENSG00000137033,0.112795617,0.405007859
ENSG00000137038,-0.093056394,0.422585143
ENSG00000137040,0.093571573,0.36115632
ENSG00000137054,0.100781247,0.442113109
ENSG00000137055,0.038294097,0.700711403
ENSG00000137070,0.133507508,0.317754731
ENSG00000137073,-0.014437595,0.895973511
ENSG00000137074,0.102440791,0.310920045
ENSG00000137075,-0.202568437,0.072868961
ENSG00000137076,-0.531532598,2.88E-07
ENSG00000137078,0.035455663,0.510343364
ENSG00000137094,0.148933756,0.276958524
ENSG00000137098,0.452025743,0.022400962
ENSG00000137100,0.124282403,0.232704311
ENSG00000137101,0.055117767,0.672367148
ENSG00000137103,-0.057508168,0.576352277
ENSG00000137106,-0.123356134,0.175187952
ENSG00000137124,-0.860930017,0.00014625
ENSG00000137133,0.050634955,0.700086756
ENSG00000137135,-0.057251017,0.639381448
ENSG00000137145,-0.064859037,0.583015746
ENSG00000137154,0.051052716,0.748509617
ENSG00000137161,-0.011253452,0.899914405
ENSG00000137166,-0.140655211,0.185535503
ENSG00000137168,0.025988945,0.843410591
ENSG00000137171,0.217677873,0.05439833
ENSG00000137177,-0.110726051,0.379734934
ENSG00000137185,0.185882385,0.159412724
ENSG00000137193,0.724291877,0.000293012
ENSG00000137198,-0.159206845,0.260096423
ENSG00000137200,-0.048644173,0.540231495
ENSG00000137203,0.241316066,0.054772223
ENSG00000137207,-0.076437972,0.245159462
ENSG00000137210,-0.053968868,0.551778736
ENSG00000137216,0.218651251,0.041833523
ENSG00000137218,-0.03633792,0.776737417
ENSG00000137221,-0.062279147,0.408910504
ENSG00000137261,0.152107678,0.084090612
ENSG00000137265,-0.139085335,0.139563241
ENSG00000137266,1.307289569,7.50E-10
ENSG00000137267,-0.03941134,0.759840221
ENSG00000137269,-0.597188286,0.000478826
ENSG00000137273,0.634155658,0.000167305
ENSG00000137274,0.242264308,0.08836857
ENSG00000137275,-0.051081512,0.531420206
ENSG00000137285,0.004797022,0.972391741
ENSG00000137288,0.265413974,0.070820169
ENSG00000137309,0.420616242,0.000817024
ENSG00000137310,0.257350077,0.093968198
ENSG00000137312,-0.182145537,0.05064986
ENSG00000137331,0.932972641,0.002450272
ENSG00000137337,0.054893162,0.536809916
ENSG00000137338,0.003861784,0.973716464
ENSG00000137343,0.738489809,2.41E-07
ENSG00000137364,0.292966021,0.022718711
ENSG00000137393,-2.04919433,2.11E-09
ENSG00000137404,0.423239935,0.013260105
ENSG00000137409,0.081038846,0.219208513
ENSG00000137411,-0.122830611,0.326128349
ENSG00000137413,-0.089960663,0.389868804
ENSG00000137414,-0.080888656,0.4217026
ENSG00000137434,0.0653322,0.464323123
ENSG00000137449,-0.192157514,0.11235622
ENSG00000137460,0.017156734,0.876703371
ENSG00000137462,0.109605938,0.356658125
ENSG00000137463,-0.220938907,0.127654308
ENSG00000137474,-0.105240955,0.191534381
ENSG00000137478,-0.166991531,0.216931007
ENSG00000137486,0.053978359,0.641562307
ENSG00000137492,-0.031776267,0.743463828
ENSG00000137494,0.035135448,0.756160404
ENSG00000137496,0.107993715,0.421504955
ENSG00000137497,0.228649182,0.009116256
ENSG00000137500,0.241542925,0.002982639
ENSG00000137501,0.194997277,0.159689916
ENSG00000137502,0.077978586,0.519646538
ENSG00000137504,-0.034729649,0.718156144
ENSG00000137507,0.097487273,0.456756235
ENSG00000137509,-0.074953184,0.56010282
ENSG00000137513,0.112968502,0.307969967
ENSG00000137522,0.111682377,0.236041498
ENSG00000137547,-0.329820088,0.006953205
ENSG00000137561,-0.10629643,0.172769949
ENSG00000137563,-0.291864087,0.043932746
ENSG00000137571,-0.080584458,0.142926704
ENSG00000137573,-0.030775384,0.739213354
ENSG00000137574,0.007460551,0.936835527
ENSG00000137575,0.20031402,0.034990373
ENSG00000137601,0.154761047,0.109494323
ENSG00000137628,0.21078912,0.049611444
ENSG00000137642,1.213679985,0.002459169
ENSG00000137656,0.242255095,0.039876753
ENSG00000137672,-1.907593026,2.21E-18
ENSG00000137673,-0.303591148,0.000180117
ENSG00000137675,0.099207159,0.128964364
ENSG00000137691,-0.023288039,0.856646422
ENSG00000137692,-0.164587174,0.089063654
ENSG00000137693,-0.322370292,0.000641459
ENSG00000137699,-0.093575061,0.218474163
ENSG00000137700,0.186270628,0.107121672
ENSG00000137709,0.00825633,0.898472042
ENSG00000137710,0.020071962,0.81032447
ENSG00000137713,-0.036935569,0.759235424
ENSG00000137714,-0.057284182,0.642821203
ENSG00000137720,0.070085696,0.596038972
ENSG00000137727,0.354185911,0.011936438
ENSG00000137752,0.504791568,0.009582758
ENSG00000137760,-0.062796107,0.579121682
ENSG00000137764,-0.068516805,0.582231633
ENSG00000137767,-0.981606179,4.88E-10
ENSG00000137770,0.046024873,0.651477438
ENSG00000137776,-0.041095915,0.674744484
ENSG00000137801,-1.8700791,1.64E-11
ENSG00000137802,-0.213970422,0.040219467
ENSG00000137804,-0.108961397,0.411712788
ENSG00000137806,-0.204764143,0.092381029
ENSG00000137807,-0.168793579,0.189805207
ENSG00000137809,0.222269271,0.029305819
ENSG00000137812,-0.035350978,0.779952427
ENSG00000137814,0.073445727,0.435833182
ENSG00000137815,0.040452389,0.545927596
ENSG00000137817,-0.064164869,0.491596245
ENSG00000137818,-0.03731823,0.753751742
ENSG00000137819,0.006422642,0.956831877
ENSG00000137821,0.557306364,0.000615341
ENSG00000137822,0.158494757,0.124843858
ENSG00000137824,-0.155318587,0.118970949
ENSG00000137825,0.251895206,0.088721441
ENSG00000137831,0.33866917,0.021596653
ENSG00000137834,0.063388875,0.624141762
ENSG00000137841,0.086559196,0.221051583
ENSG00000137842,-0.280730698,0.056020032
ENSG00000137845,-0.055061501,0.516877993
ENSG00000137857,0.02191023,0.863295304
ENSG00000137860,0.005993663,0.923268187
ENSG00000137868,0.003511901,0.935150781
ENSG00000137869,-0.922481743,0.000891081
ENSG00000137871,0.084803415,0.330661912
ENSG00000137872,1.236538739,6.78E-08
ENSG00000137876,-0.084446867,0.282425659
ENSG00000137877,-0.113548234,0.342443745
ENSG00000137880,-1.259948754,2.78E-08
ENSG00000137936,-0.074950873,0.422053261
ENSG00000137941,0.142722391,0.201182181
ENSG00000137942,-0.187708525,0.192482847
ENSG00000137944,-0.030827441,0.810616211
ENSG00000137947,-0.055072657,0.565100793
ENSG00000137955,-0.109259716,0.268216458
ENSG00000137959,-1.566610342,2.93E-06
ENSG00000137960,-0.900931803,0.007948815
ENSG00000137962,-1.06468263,2.33E-05
ENSG00000137965,0.781381575,7.79E-07
ENSG00000137968,0.043309201,0.517701428
ENSG00000137970,0.03942404,0.742341605
ENSG00000137975,0.177280165,0.177551742
ENSG00000137992,-0.154192506,0.118770482
ENSG00000137996,-0.153454984,0.119742701
ENSG00000138002,0.324977935,0.001165738
ENSG00000138018,-0.052165366,0.640373971
ENSG00000138028,-0.156704756,0.208282011
ENSG00000138029,-0.167261979,0.127132226
ENSG00000138030,-0.550262338,0.016944557
ENSG00000138031,-0.389344881,0.017024343
ENSG00000138032,-0.699624213,0.000106767
ENSG00000138035,-0.158824545,0.176177444
ENSG00000138036,-0.207514312,0.122700282
ENSG00000138039,-0.187280412,0.064592428
ENSG00000138041,-0.005408948,0.943627785
ENSG00000138050,0.24396679,0.078072415
ENSG00000138061,-0.025469278,0.801197852
ENSG00000138069,-0.161465649,0.059079211
ENSG00000138071,-0.262070423,0.00507451
ENSG00000138073,-1.039395457,2.60E-07
ENSG00000138074,-1.160106386,2.09E-11
ENSG00000138078,0.645136919,6.20E-13
ENSG00000138079,0.030329804,0.458698438
ENSG00000138080,-0.168898768,0.202163258
ENSG00000138081,0.024872647,0.793632928
ENSG00000138085,-0.032323691,0.729436982
ENSG00000138092,0.415916021,0.008438307
ENSG00000138095,0.142139463,0.04299661
ENSG00000138101,0.449301514,0.006265174
ENSG00000138107,-0.148012991,0.09619199
ENSG00000138111,-0.009995251,0.935077875
ENSG00000138119,-0.216689414,0.146144459
ENSG00000138131,0.050274211,0.702520428
ENSG00000138134,0.052938071,0.639523866
ENSG00000138135,1.377945402,2.47E-05
ENSG00000138138,-0.128781486,0.149299232
ENSG00000138160,0.464651471,0.005770507
ENSG00000138161,0.041728544,0.711128243
ENSG00000138162,0.051345384,0.696823207
ENSG00000138166,-1.179059625,4.00E-07
ENSG00000138172,-0.072834457,0.553046367
ENSG00000138175,-0.035416524,0.698332231
ENSG00000138180,-0.066601064,0.611028689
ENSG00000138182,0.328396635,0.01284173
ENSG00000138185,0.306130455,0.013923427
ENSG00000138190,-0.155245837,0.263751722
ENSG00000138193,-0.229040665,0.133298886
ENSG00000138207,-0.071199215,0.3926267
ENSG00000138231,-0.009701751,0.925567165
ENSG00000138246,-0.001516491,0.988167625
ENSG00000138279,0.026439948,0.816709383
ENSG00000138286,0.19381932,0.062794525
ENSG00000138293,0.094196705,0.212307119
ENSG00000138297,-0.190192307,0.042938534
ENSG00000138303,0.061213205,0.537964875
ENSG00000138311,0.884995484,7.84E-05
ENSG00000138316,2.331753864,2.95E-15
ENSG00000138326,0.055935247,0.513285024
ENSG00000138336,0.111367772,0.414231767
ENSG00000138346,0.062701513,0.628055017
ENSG00000138347,0.087743487,0.35228653
ENSG00000138356,-1.31559892,3.38E-06
ENSG00000138363,-0.096153325,0.319525923
ENSG00000138375,0.263378908,0.000826121
ENSG00000138376,-0.144209467,0.293262575
ENSG00000138378,0.021456337,0.802993484
ENSG00000138379,-0.080721144,0.153977893
ENSG00000138380,0.509502898,0.000333032
ENSG00000138381,-0.146042483,0.260068879
ENSG00000138382,-0.389027071,0.003307951
ENSG00000138385,-0.724858431,0.000102344
ENSG00000138386,0.360114588,0.008959602
ENSG00000138395,0.172546119,0.222081533
ENSG00000138398,0.10179989,0.300895839
ENSG00000138399,0.025525503,0.846557421
ENSG00000138400,0.690633579,0.006247427
ENSG00000138411,0.020137672,0.844627216
ENSG00000138413,0.035714104,0.755355794
ENSG00000138430,0.112394843,0.16785984
ENSG00000138433,0.163661436,0.152936538
ENSG00000138434,0.102677354,0.299475288
ENSG00000138435,0.038066078,0.490735213
ENSG00000138439,0.165881756,0.228600364
ENSG00000138442,0.052701933,0.635636426
ENSG00000138443,0.202713463,0.054072938
ENSG00000138448,-0.104911004,0.369041954
ENSG00000138449,-0.14440039,0.298434229
ENSG00000138459,-0.285820596,0.00198891
ENSG00000138463,-0.172258266,0.160345279
ENSG00000138468,0.704579771,2.82E-07
ENSG00000138483,-3.062859843,0.00029594
ENSG00000138495,-0.087654212,0.453691804
ENSG00000138496,0.40862724,0.007707696
ENSG00000138587,0.501555621,0.005721403
ENSG00000138592,-0.050206507,0.498394613
ENSG00000138593,-0.043512163,0.688270107
ENSG00000138594,0.045003269,0.606834277
ENSG00000138600,-0.149975548,0.225431493
ENSG00000138604,-0.861055318,9.16E-08
ENSG00000138606,0.098718045,0.438846783
ENSG00000138613,-0.056222031,0.651396939
ENSG00000138614,0.006628004,0.941008945
ENSG00000138615,-1.206657758,2.62E-05
ENSG00000138617,0.156440835,0.212149741
ENSG00000138621,-0.018754177,0.881215241
ENSG00000138623,-0.107890046,0.41579633
ENSG00000138629,-0.122809968,0.129168268
ENSG00000138639,0.083338461,0.526580258
ENSG00000138640,-0.098686859,0.341025239
ENSG00000138641,-0.331884899,0.039584013
ENSG00000138642,0.295013397,0.042739732
ENSG00000138646,0.209757847,0.090204467
ENSG00000138650,0.035826284,0.612986715
ENSG00000138658,0.888182051,5.88E-06
ENSG00000138660,-0.146352869,0.234756985
ENSG00000138663,0.10979509,0.272280738
ENSG00000138668,-0.010274424,0.904913353
ENSG00000138669,1.435072771,3.26E-05
ENSG00000138674,0.169358454,0.033092535
ENSG00000138675,0.06427289,0.628209726
ENSG00000138678,-1.095269761,4.96E-09
ENSG00000138685,0.151771957,0.189833739
ENSG00000138686,-0.449198178,2.46E-05
ENSG00000138688,0.083666251,0.474721576
ENSG00000138696,-0.750483998,0.000460793
ENSG00000138698,-0.087496587,0.414946395
ENSG00000138709,-0.282330177,0.01077338
ENSG00000138735,1.078792027,3.76E-07
ENSG00000138738,0.12404172,0.345707843
ENSG00000138741,-0.022692527,0.800898436
ENSG00000138744,-0.245323809,0.099450782
ENSG00000138750,-0.033223357,0.682375498
ENSG00000138756,0.428570798,0.018972275
ENSG00000138757,-0.026087435,0.785981654
ENSG00000138758,-0.075771636,0.545052034
ENSG00000138759,-0.055930127,0.530172096
ENSG00000138760,0.002001675,0.919208273
ENSG00000138764,0.039192112,0.752592551
ENSG00000138767,-0.052134132,0.615471582
ENSG00000138768,-0.196091167,0.037797055
ENSG00000138769,0.084702954,0.392198174
ENSG00000138771,-0.376295247,0.032147764
ENSG00000138772,-0.027569534,0.790632547
ENSG00000138777,-0.006216761,0.950789981
ENSG00000138778,0.236189599,0.088631356
ENSG00000138780,0.174260381,0.143041253
ENSG00000138785,-0.08197919,0.465848515
ENSG00000138792,-0.077974262,0.351207781
ENSG00000138794,0.131474499,0.276670367
ENSG00000138795,-0.020438984,0.763252504
ENSG00000138796,-0.020369161,0.861614441
ENSG00000138798,0.038697962,0.438767333
ENSG00000138801,0.08522033,0.443880082
ENSG00000138802,-0.45474639,4.07E-05
ENSG00000138814,0.01060169,0.911616806
ENSG00000138821,-0.0151969,0.905062703
ENSG00000138823,-0.081638351,0.225195193
ENSG00000138829,-1.486156604,0.001992263
ENSG00000138834,0.233809952,0.020371146
ENSG00000138835,0.090005008,0.272096405
ENSG00000138867,-0.149306009,0.072324491
ENSG00000138942,-0.241840186,0.01257383
ENSG00000138944,0.183429786,0.06509635
ENSG00000139055,-1.341556848,0.004025501
ENSG00000139083,-0.113446351,0.31458995
ENSG00000139112,-0.350473858,0.017594001
ENSG00000139116,0.106694077,0.431960638
ENSG00000139117,0.098213445,0.403908865
ENSG00000139131,0.014487648,0.902954346
ENSG00000139132,-2.21626563,5.83E-28
ENSG00000139133,0.042897318,0.743775524
ENSG00000139146,-0.318023302,0.025665384
ENSG00000139154,0.243709083,0.005211543
ENSG00000139160,0.116270454,0.384821653
ENSG00000139163,-0.293062975,0.017994491
ENSG00000139168,0.085094915,0.307882884
ENSG00000139173,0.578545745,1.30E-05
ENSG00000139174,-0.074009427,0.550838783
ENSG00000139178,-0.180954294,0.168957024
ENSG00000139180,-0.041749883,0.747325316
ENSG00000139182,0.158488122,0.233798068
ENSG00000139187,0.182398431,0.123757068
ENSG00000139190,-0.073650592,0.546006852
ENSG00000139192,0.23659064,0.067018395
ENSG00000139193,0.053777701,0.602792306
ENSG00000139194,0.08103666,0.539185568
ENSG00000139197,-0.013683893,0.888427413
ENSG00000139200,-0.22166573,0.128381729
ENSG00000139209,-0.077866739,0.503274014
ENSG00000139211,-0.193129354,0.182891259
ENSG00000139218,-0.064373856,0.572887777
ENSG00000139220,-0.752962882,0.002948148
ENSG00000139233,-0.301577002,0.013087622
ENSG00000139239,0.112852431,0.340791866
ENSG00000139263,0.27607139,0.017588874
ENSG00000139266,-0.071643542,0.576271138
ENSG00000139269,1.646839644,1.17E-05
ENSG00000139278,0.046791333,0.707723307
ENSG00000139289,0.973977081,5.12E-24
ENSG00000139291,-0.645953207,5.69E-06
ENSG00000139292,-0.163710623,0.008516619
ENSG00000139304,0.046603133,0.665687226
ENSG00000139318,-0.048387584,0.674578293
ENSG00000139323,-0.113882154,0.314233364
ENSG00000139324,0.013592681,0.922938945
ENSG00000139329,0.671112569,0.003394917
ENSG00000139343,0.120037065,0.296813738
ENSG00000139344,0.079516163,0.440749095
ENSG00000139350,-0.054505771,0.585588474
ENSG00000139351,0.063244398,0.489599189
ENSG00000139354,1.026646828,3.86E-06
ENSG00000139364,0.1236069,0.315508765
ENSG00000139370,-0.175591494,0.079232941
ENSG00000139372,-0.009488466,0.923371454
ENSG00000139405,0.030111621,0.789060003
ENSG00000139410,0.683469611,0.001129738
ENSG00000139428,0.429257628,0.010949395
ENSG00000139433,-0.151751761,0.186276579
ENSG00000139436,-0.472246085,5.18E-05
ENSG00000139437,-0.335647618,0.001872677
ENSG00000139438,0.05591798,0.467561155
ENSG00000139496,-0.167442357,0.167806091
ENSG00000139505,0.003568003,0.968168667
ENSG00000139508,0.106954191,0.356805782
ENSG00000139514,0.10788095,0.308637325
ENSG00000139517,0.037511788,0.759811673
ENSG00000139531,0.176801736,0.17472725
ENSG00000139537,-0.13596925,0.322684442
ENSG00000139540,-0.066813754,0.140778311
ENSG00000139546,-0.208191874,0.08964147
ENSG00000139547,0.070835678,0.291863157
ENSG00000139567,-0.785592739,7.36E-07
ENSG00000139579,-0.029898725,0.759302423
ENSG00000139597,-0.102873157,0.438681493
ENSG00000139610,0.051970359,0.196543281
ENSG00000139613,0.115338764,0.217233828
ENSG00000139618,0.442742467,0.019403626
ENSG00000139620,0.038342045,0.677699481
ENSG00000139624,-0.441464949,1.54E-05
ENSG00000139625,0.205463381,0.056893684
ENSG00000139626,0.0713366,0.510374947
ENSG00000139629,0.107543607,0.369819685
ENSG00000139631,0.169876313,0.142782872
ENSG00000139636,-0.248627302,0.01787151
ENSG00000139637,-0.015856623,0.855422416
ENSG00000139641,-0.015693668,0.843407297
ENSG00000139644,-0.279185647,0.003137292
ENSG00000139645,-0.078623464,0.437315955
ENSG00000139651,-0.031122693,0.754755187
ENSG00000139668,0.272320827,0.073201387
ENSG00000139675,-0.131342245,0.327172691
ENSG00000139679,-0.196006659,0.07167282
ENSG00000139684,-0.074208246,0.250896953
ENSG00000139687,-0.303253449,0.000110111
ENSG00000139697,0.007534008,0.914546503
ENSG00000139714,0.038686448,0.74491193
ENSG00000139718,-0.212929549,0.008349648
ENSG00000139719,0.0107677,0.916923299
ENSG00000139722,0.080069339,0.459890111
ENSG00000139725,-0.156211811,0.195729371
ENSG00000139726,-0.010629057,0.906427052
ENSG00000139734,-0.351498894,0.040987833
ENSG00000139737,0.00566084,0.889614655
ENSG00000139746,0.16104132,0.144269645
ENSG00000139780,-0.03687553,0.527574907
ENSG00000139793,-0.469669447,4.88E-05
ENSG00000139826,-0.309693416,0.007944862
ENSG00000139832,-0.306902287,0.064158448
ENSG00000139835,-0.141500654,0.299230671
ENSG00000139842,-0.150713856,0.019248734
ENSG00000139865,0.06017147,0.103258742
ENSG00000139874,0.049816659,0.703039952
ENSG00000139880,0.657377149,0.000215489
ENSG00000139890,-0.018722568,0.792229648
ENSG00000139899,0.120300299,0.37995635
ENSG00000139908,0.188637304,0.198514088
ENSG00000139910,0.514267467,0.001343273
ENSG00000139921,-0.203287669,0.130444956
ENSG00000139926,0.072461811,0.454623091
ENSG00000139946,0.607614757,3.09E-05
ENSG00000139970,-0.003095092,0.947964052
ENSG00000139971,0.384119504,0.033873415
ENSG00000139973,0.013195605,0.837517817
ENSG00000139974,0.20384627,0.030573739
ENSG00000139977,-0.115777723,0.217238111
ENSG00000139985,0.085830117,0.466883509
ENSG00000139990,0.212031686,0.023053822
ENSG00000139998,0.089351825,0.503388801
ENSG00000140006,0.049681742,0.701292151
ENSG00000140009,-0.015179022,0.827422581
ENSG00000140015,0.152703787,0.034798368
ENSG00000140022,0.122948397,0.181360903
ENSG00000140025,0.341805578,0.034882978
ENSG00000140030,-0.096282008,0.058612769
ENSG00000140043,0.162844374,0.238588906
ENSG00000140044,0.261481473,0.038155733
ENSG00000140057,-0.04011605,0.671307559
ENSG00000140092,-0.296387404,0.001824612
ENSG00000140093,-0.00249125,0.959996277
ENSG00000140104,0.241267028,0.068231762
ENSG00000140105,1.261798413,2.53E-09
ENSG00000140153,-0.047622312,0.649968079
ENSG00000140157,-0.139924138,0.090663926
ENSG00000140181,0.016868801,0.898530495
ENSG00000140199,0.078202003,0.5290255
ENSG00000140259,0.1327943,0.238889563
ENSG00000140262,-0.042773937,0.564413534
ENSG00000140263,0.135411936,0.322726687
ENSG00000140264,-0.012932259,0.906618613
ENSG00000140265,0.253002326,0.005619992
ENSG00000140280,-0.04540203,0.727163757
ENSG00000140284,0.037975347,0.416247181
ENSG00000140285,0.156893719,0.11870374
ENSG00000140297,0.154379453,0.05093566
ENSG00000140299,-0.261561458,0.002753517
ENSG00000140307,-0.055956381,0.627997606
ENSG00000140319,-0.01526393,0.854344127
ENSG00000140320,-0.100004882,0.375977466
ENSG00000140323,0.068434393,0.476738964
ENSG00000140326,0.210132178,0.043049081
ENSG00000140332,0.377760829,0.003120457
ENSG00000140350,0.354222097,0.009334486
ENSG00000140365,-0.047113881,0.606047701
ENSG00000140367,-0.180737919,0.022236878
ENSG00000140368,-0.04925437,0.578428857
ENSG00000140374,-0.290330562,0.001263074
ENSG00000140379,0.141665005,0.207814125
ENSG00000140382,-0.147719402,0.119077003
ENSG00000140386,-0.02651849,0.819168816
ENSG00000140391,-0.056554655,0.620370256
ENSG00000140395,0.060797753,0.530065637
ENSG00000140396,0.051730127,0.598260891
ENSG00000140398,-0.250654762,0.109058351
ENSG00000140400,-0.021092368,0.864714695
ENSG00000140403,-0.071866819,0.524217998
ENSG00000140406,-0.350901376,0.020301507
ENSG00000140416,-0.432376839,0.011910542
ENSG00000140443,-0.530261356,7.46E-07
ENSG00000140450,0.694461619,2.38E-09
ENSG00000140451,-0.14342693,0.258567992
ENSG00000140455,0.459592111,2.23E-05
ENSG00000140459,-0.250496007,0.091699629
ENSG00000140463,0.003164604,0.980395979
ENSG00000140464,-0.247411549,0.010686897
ENSG00000140465,-0.04909964,0.076028976
ENSG00000140470,-0.096808914,0.158951942
ENSG00000140471,0.170124955,0.168903404
ENSG00000140474,-0.264705544,0.063239228
ENSG00000140479,0.018706697,0.767641283
ENSG00000140497,-0.286950173,0.001057187
ENSG00000140511,-1.097447912,0.000483309
ENSG00000140521,-0.154222929,0.172427658
ENSG00000140525,-0.133120372,0.253917405
ENSG00000140526,-0.338498001,0.01936049
ENSG00000140527,0.044223493,0.353033273
ENSG00000140534,0.036727586,0.765254947
ENSG00000140538,0.028315422,0.68127517
ENSG00000140543,0.415447512,0.01411817
ENSG00000140545,-1.04315872,1.20E-10
ENSG00000140548,0.012165619,0.926104258
ENSG00000140553,-0.108514851,0.304263703
ENSG00000140563,0.059524629,0.646906625
ENSG00000140564,-0.452560963,0.000153697
ENSG00000140575,-0.178719258,0.031827387
ENSG00000140577,-0.025179148,0.815954532
ENSG00000140598,0.276513177,0.026489779
ENSG00000140600,2.261736208,0.000352965
ENSG00000140612,-0.07561446,0.343013485
ENSG00000140632,0.048191836,0.670594874
ENSG00000140650,-0.17053397,0.212990584
ENSG00000140675,-0.058755267,0.368384085
ENSG00000140682,-0.585182753,4.90E-07
ENSG00000140688,-0.033821222,0.740032147
ENSG00000140691,0.048405784,0.683053931
ENSG00000140694,-0.130892188,0.071139283
ENSG00000140718,0.083174687,0.475163584
ENSG00000140740,0.012180497,0.894345248
ENSG00000140743,-0.366796854,0.016336906
ENSG00000140749,0.097231899,0.252175892
ENSG00000140750,0.009782188,0.912780967
ENSG00000140795,0.103634861,0.24484675
ENSG00000140807,-2.391570746,3.75E-11
ENSG00000140829,-0.131292671,0.16360789
ENSG00000140830,-0.075601515,0.535000293
ENSG00000140836,-0.022794175,0.788385816
ENSG00000140839,-0.039348731,0.589765976
ENSG00000140848,-0.078069799,0.511973846
ENSG00000140853,-0.161274178,0.054409918
ENSG00000140854,0.049527374,0.659489137
ENSG00000140859,-0.159900959,0.25749924
ENSG00000140876,0.096804524,0.44883816
ENSG00000140905,0.046848312,0.691964501
ENSG00000140931,-0.103558153,0.434954144
ENSG00000140937,0.094868194,0.45932716
ENSG00000140939,0.089622762,0.399637433
ENSG00000140941,-0.017623966,0.825620923
ENSG00000140943,0.042161406,0.663708121
ENSG00000140945,-0.142034798,0.303927068
ENSG00000140948,0.133332358,0.31882849
ENSG00000140950,-0.223735662,0.039548638
ENSG00000140961,0.002492296,0.986528299
ENSG00000140983,-0.070463098,0.535408262
ENSG00000140986,0.028710497,0.675473909
ENSG00000140987,0.0434364,0.661401017
ENSG00000140988,0.037263478,0.807023629
ENSG00000140990,-0.008834767,0.926963244
ENSG00000140992,-0.011264384,0.913953713
ENSG00000140993,-0.077579636,0.54554052
ENSG00000140995,-0.227221113,0.005608899
ENSG00000141002,0.093472999,0.192794559
ENSG00000141012,-0.05163807,0.6708247
ENSG00000141013,0.057724079,0.657129974
ENSG00000141026,0.143996233,0.187440423
ENSG00000141027,-0.050150116,0.641675595
ENSG00000141028,-0.129512044,0.108647132
ENSG00000141030,0.242009188,0.008684793
ENSG00000141034,-0.200746463,0.062674432
ENSG00000141040,0.026491135,0.83011832
ENSG00000141052,-0.253424157,0.098862825
ENSG00000141068,0.151058296,0.25355818
ENSG00000141076,-0.066928155,0.483030088
ENSG00000141084,0.018147535,0.848641766
ENSG00000141098,0.149370064,0.160276159
ENSG00000141101,0.117695893,0.225503563
ENSG00000141127,0.334886477,0.024287213
ENSG00000141140,-0.134484676,0.249552968
ENSG00000141141,0.073235124,0.447012012
ENSG00000141150,-1.451369849,2.39E-07
ENSG00000141179,-0.161453474,0.203186385
ENSG00000141198,-0.456846414,0.018685769
ENSG00000141219,0.129280468,0.275663814
ENSG00000141232,-0.107920546,0.360428999
ENSG00000141252,-0.096789263,0.201002199
ENSG00000141255,-0.01533973,0.695455785
ENSG00000141258,0.190945667,0.032957601
ENSG00000141279,0.010097195,0.926712966
ENSG00000141294,-0.048307187,0.656285824
ENSG00000141295,0.108837974,0.421161671
ENSG00000141298,-1.16234569,7.21E-11
ENSG00000141314,0.098195492,0.218198779
ENSG00000141337,-0.354097787,0.03425984
ENSG00000141338,-0.05384718,0.593153809
ENSG00000141349,-0.146789695,0.185049918
ENSG00000141367,-0.002651273,0.966335844
ENSG00000141376,-0.028576082,0.800272123
ENSG00000141378,-0.183935969,0.135165792
ENSG00000141380,-0.198112123,0.008734936
ENSG00000141384,-0.385172268,0.034270253
ENSG00000141385,-0.163739876,0.07584926
ENSG00000141391,0.168396585,0.231835588
ENSG00000141401,-2.309057534,5.54E-24
ENSG00000141404,0.025359388,0.845603762
ENSG00000141424,0.143078856,0.231994652
ENSG00000141425,-0.163998439,0.127345057
ENSG00000141428,0.074107837,0.519886792
ENSG00000141429,0.129508215,0.194181427
ENSG00000141431,0.358141053,0.02256735
ENSG00000141437,-0.010876546,0.908325553
ENSG00000141441,-0.129820022,0.345668225
ENSG00000141446,-0.106103317,0.311072925
ENSG00000141447,0.266362047,0.055065209
ENSG00000141448,0.349742352,0.048984924
ENSG00000141449,-0.039435461,0.42317738
ENSG00000141452,-0.46880284,0.000398503
ENSG00000141456,0.152180126,0.058044014
ENSG00000141458,-0.784076995,5.80E-06
ENSG00000141469,3.549345054,3.83E-07
ENSG00000141480,0.285980559,0.02910758
ENSG00000141497,-0.024269882,0.80527533
ENSG00000141499,0.036569378,0.768724128
ENSG00000141503,0.080860311,0.471072884
ENSG00000141504,0.173166474,0.120141964
ENSG00000141505,0.142773365,0.191690251
ENSG00000141510,0.317342266,0.030123905
ENSG00000141519,0.07395366,0.566390445
ENSG00000141522,-0.431218292,2.53E-06
ENSG00000141524,0.043813828,0.382674877
ENSG00000141526,-0.302967336,0.063034017
ENSG00000141527,0.122594153,0.253064146
ENSG00000141540,0.268797581,0.091817622
ENSG00000141542,0.203595701,0.153550197
ENSG00000141543,-0.150118294,0.239647683
ENSG00000141551,0.027978033,0.747946164
ENSG00000141552,-0.16831928,0.161546479
ENSG00000141556,0.030028125,0.790477661
ENSG00000141560,0.037962886,0.683541473
ENSG00000141562,0.188807883,0.055946412
ENSG00000141564,-0.129656983,0.13326356
ENSG00000141568,-0.131237738,0.176814326
ENSG00000141569,-0.000196018,0.997441673
ENSG00000141570,-0.231674674,0.097935244
ENSG00000141574,0.645196949,4.11E-07
ENSG00000141576,-0.331626576,0.052273273
ENSG00000141577,0.1599067,0.187534886
ENSG00000141580,-0.0019208,0.983249613
ENSG00000141582,-0.052648266,0.653880432
ENSG00000141627,0.048461854,0.638844798
ENSG00000141642,0.231302975,0.093617305
ENSG00000141644,0.095309231,0.267658617
ENSG00000141646,-0.189262602,0.076783461
ENSG00000141655,0.058155464,0.474851011
ENSG00000141664,-0.071294648,0.580450332
ENSG00000141665,0.08141654,0.421635493
ENSG00000141682,-0.000551555,0.995075291
ENSG00000141696,0.136466097,0.213809161
ENSG00000141698,0.064104012,0.475004503
ENSG00000141699,-0.261900965,0.011125497
ENSG00000141720,0.084457574,0.312826272
ENSG00000141736,-0.129677258,0.20027124
ENSG00000141738,0.025445448,0.675141454
ENSG00000141741,-0.208222728,0.03601759
ENSG00000141748,-0.035750603,0.537003351
ENSG00000141753,0.077646311,0.533353284
ENSG00000141756,0.105214705,0.285692537
ENSG00000141759,-0.120185309,0.245471057
ENSG00000141837,0.018394911,0.809424014
ENSG00000141854,-0.050219561,0.672882834
ENSG00000141858,0.031121603,0.801255294
ENSG00000141867,-0.4293207,7.41E-05
ENSG00000141873,-0.003320382,0.978064868
ENSG00000141905,-0.167704195,0.06100848
ENSG00000141933,-0.066646717,0.602771728
ENSG00000141934,0.094864899,0.352018614
ENSG00000141956,0.182322241,0.150936139
ENSG00000141959,-0.035989025,0.76779654
ENSG00000141971,-0.155674239,0.135966801
ENSG00000141985,-0.188195617,0.109506944
ENSG00000141994,-0.071132975,0.561446427
ENSG00000142002,-0.414463857,3.90E-05
ENSG00000142039,-0.02870751,0.76073595
ENSG00000142046,-0.205758661,0.150014253
ENSG00000142065,0.408645265,0.008858651
ENSG00000142082,0.0404345,0.718138948
ENSG00000142089,-0.076350649,0.457464125
ENSG00000142102,-0.388467855,0.004155988
ENSG00000142149,0.122571542,0.121360023
ENSG00000142156,0.089886561,0.363959227
ENSG00000142166,0.067365062,0.346686788
ENSG00000142168,-0.066127045,0.517174014
ENSG00000142173,0.083653404,0.411569959
ENSG00000142178,-0.071063046,NA
ENSG00000142186,-0.088626885,0.370250837
ENSG00000142188,-0.290090978,0.037211592
ENSG00000142192,0.12441107,0.120114604
ENSG00000142197,-0.038159599,0.762779411
ENSG00000142207,-0.071620366,0.523994231
ENSG00000142208,-0.186769014,0.048377807
ENSG00000142227,0.553766453,9.23E-06
ENSG00000142230,0.020042606,0.780389309
ENSG00000142233,0.209533178,0.087384079
ENSG00000142235,0.001694484,0.988855047
ENSG00000142252,-0.122214758,0.358410986
ENSG00000142279,-0.588878191,7.57E-05
ENSG00000142303,0.251606302,0.00741915
ENSG00000142327,-0.583772113,1.16E-10
ENSG00000142330,-0.149801641,0.19743609
ENSG00000142347,0.160817164,0.246037655
ENSG00000142396,0.063074224,0.605606221
ENSG00000142408,0.00427162,0.945916525
ENSG00000142409,0.086272214,0.455294474
ENSG00000142444,0.038440558,0.740899597
ENSG00000142453,0.171863242,0.103903311
ENSG00000142459,0.3391639,0.000301346
ENSG00000142494,0.162022577,0.155618634
ENSG00000142507,0.129312843,0.233708532
ENSG00000142528,0.063708419,0.573153042
ENSG00000142530,0.083730312,0.304278786
ENSG00000142534,0.041283818,0.714458943
ENSG00000142541,0.029837787,0.782363195
ENSG00000142544,-0.337519832,0.053787312
ENSG00000142546,-0.058708313,0.564747094
ENSG00000142552,0.086571289,0.272763887
ENSG00000142556,0.150838184,0.147181548
ENSG00000142583,-0.026469662,0.780025422
ENSG00000142599,-0.078626018,0.437886107
ENSG00000142611,0.126302698,0.348526145
ENSG00000142627,0.034851104,0.775445908
ENSG00000142632,-0.576164735,0.014545383
ENSG00000142634,-0.357859917,0.005889044
ENSG00000142655,-0.025260898,0.811165748
ENSG00000142657,0.020451308,0.86706629
ENSG00000142669,0.029105217,0.776535324
ENSG00000142675,-0.101185641,0.177305069
ENSG00000142676,0.069017231,0.513212933
ENSG00000142677,-0.31674664,0.033573402
ENSG00000142686,0.021048459,0.825536229
ENSG00000142687,0.047809608,0.618417103
ENSG00000142694,0.014195598,0.90817121
ENSG00000142698,-0.013737703,0.841796248
ENSG00000142700,-0.008556844,0.893026916
ENSG00000142731,0.365795694,0.046128518
ENSG00000142733,-0.260691088,0.062909444
ENSG00000142748,-0.022173937,0.652397287
ENSG00000142751,-0.202582373,0.024069757
ENSG00000142765,-0.051267155,0.388070179
ENSG00000142784,-0.190168753,0.065414951
ENSG00000142794,-0.394213748,0.001520076
ENSG00000142798,-0.002189903,0.999815661
ENSG00000142856,0.071781675,0.586877367
ENSG00000142864,-0.40760959,8.62E-05
ENSG00000142867,0.019781531,0.844099575
ENSG00000142871,-1.685902162,8.48E-08
ENSG00000142875,0.557620287,3.74E-07
ENSG00000142892,-0.123826427,0.254104381
ENSG00000142910,-0.03973001,0.445551282
ENSG00000142920,0.062095189,0.627398585
ENSG00000142937,0.041614176,0.737131051
ENSG00000142945,-0.044503502,0.719596578
ENSG00000142949,0.10142649,0.415294482
ENSG00000142959,0.067341859,0.40960917
ENSG00000142961,-0.078797307,0.481229439
ENSG00000143013,0.343403789,0.001189022
ENSG00000143028,-0.351617903,0.027418704
ENSG00000143033,0.233061051,0.06520265
ENSG00000143036,-0.252040915,0.107184359
ENSG00000143061,0.095350726,0.253319471
ENSG00000143067,0.586551835,0.002194637
ENSG00000143079,-0.160891509,0.253538028
ENSG00000143093,0.012260319,0.868657185
ENSG00000143106,-0.436006956,4.75E-06
ENSG00000143110,-0.036971374,0.73044709
ENSG00000143126,0.002442629,0.987155791
ENSG00000143127,-3.372964146,1.33E-06
ENSG00000143147,-0.181963766,0.155624422
ENSG00000143149,-0.015858976,0.892285364
ENSG00000143153,-0.065244593,0.409105606
ENSG00000143155,-0.087392771,0.385544905
ENSG00000143156,0.095049382,0.460258883
ENSG00000143157,-0.185860031,0.044064788
ENSG00000143158,0.204699054,0.078120662
ENSG00000143162,-0.03122178,0.774695148
ENSG00000143164,-0.258387347,0.038737198
ENSG00000143178,-0.0939946,0.472656303
ENSG00000143179,-0.250367484,0.074142289
ENSG00000143183,-0.132678371,0.231951873
ENSG00000143190,0.086420102,0.450403329
ENSG00000143196,-0.065904174,0.345356426
ENSG00000143198,-0.041083313,0.579057848
ENSG00000143199,-0.014685938,0.840261367
ENSG00000143207,-0.034705343,0.737047382
ENSG00000143217,0.059242036,0.346304698
ENSG00000143222,-0.00190151,0.979995096
ENSG00000143224,0.033613646,0.793553006
ENSG00000143226,0.914753105,0.003104844
ENSG00000143228,-0.019141951,0.866877839
ENSG00000143248,0.11090477,0.404668813
ENSG00000143252,-0.076228136,0.484612483
ENSG00000143256,-0.079948335,0.520622494
ENSG00000143257,-0.098692974,0.225065541
ENSG00000143258,0.260436312,0.046905101
ENSG00000143294,0.043085962,0.669793434
ENSG00000143303,-0.111489832,0.333425782
ENSG00000143314,-0.083872645,0.494598786
ENSG00000143315,0.070802308,0.503611181
ENSG00000143318,0.020343444,0.760002013
ENSG00000143319,0.001560225,0.987518075
ENSG00000143320,1.62659219,1.34E-17
ENSG00000143321,0.130488818,0.112747909
ENSG00000143322,-0.499380458,1.78E-06
ENSG00000143324,0.105732583,0.367208447
ENSG00000143333,-0.381210497,0.039023594
ENSG00000143337,-0.103758952,0.323027805
ENSG00000143341,0.192939876,0.18820956
ENSG00000143344,1.028218363,4.77E-12
ENSG00000143353,-0.243651855,0.049886527
ENSG00000143363,0.059114633,0.577217196
ENSG00000143367,0.13481454,0.304284337
ENSG00000143368,-0.12742544,0.202322758
ENSG00000143369,0.042955745,0.744776823
ENSG00000143373,0.165677917,0.070760624
ENSG00000143374,0.04860315,0.665816093
ENSG00000143376,-0.058431995,0.51444153
ENSG00000143379,0.01765045,0.848471158
ENSG00000143382,-0.641172497,0.005452821
ENSG00000143384,-0.564471748,6.93E-08
ENSG00000143387,0.024996567,0.765159654
ENSG00000143390,0.342318199,0.021483867
ENSG00000143393,0.234191587,0.007290064
ENSG00000143398,-0.351336156,0.000636428
ENSG00000143401,0.216567114,0.038306364
ENSG00000143409,0.222998003,0.105411915
ENSG00000143412,0.025794891,0.845166388
ENSG00000143416,0.513645927,0.002788429
ENSG00000143418,-0.153375894,0.086990627
ENSG00000143420,0.110420821,0.2443419
ENSG00000143429,0.183264593,0.196949186
ENSG00000143434,-0.711967,0.000834607
ENSG00000143436,-0.019585964,0.866051893
ENSG00000143437,-0.02906047,0.67850848
ENSG00000143442,0.186292301,0.036765143
ENSG00000143443,0.171694288,0.216323681
ENSG00000143450,0.093865954,0.304731891
ENSG00000143457,0.159312825,0.130799063
ENSG00000143458,-0.211494796,0.067341375
ENSG00000143466,0.37266655,0.006872549
ENSG00000143469,0.268267785,0.090425835
ENSG00000143476,0.25361316,0.094308655
ENSG00000143479,0.062936718,0.608374438
ENSG00000143486,0.087631703,0.421082487
ENSG00000143493,0.487167398,0.001389181
ENSG00000143494,3.75684888,5.18E-11
ENSG00000143498,0.41010934,0.01300666
ENSG00000143499,-0.259032436,0.025587763
ENSG00000143507,1.111784852,3.88E-09
ENSG00000143512,0.602041238,0.014700687
ENSG00000143514,-0.114313814,0.275468031
ENSG00000143515,-0.03090309,0.790540131
ENSG00000143520,0.05179424,0.399769281
ENSG00000143537,-0.025092049,0.778598576
ENSG00000143543,-0.102823025,0.34853331
ENSG00000143545,-0.0892978,0.262454226
ENSG00000143549,-0.340389681,0.000282356
ENSG00000143553,0.112951625,0.179808428
ENSG00000143554,-0.07681771,0.560768287
ENSG00000143556,-0.009828655,0.786776398
ENSG00000143569,-0.138899774,0.089015918
ENSG00000143570,-0.306025639,1.23E-06
ENSG00000143575,0.052108344,0.520725545
ENSG00000143578,0.001640392,0.991418358
ENSG00000143590,0.044867352,0.682272165
ENSG00000143612,-0.188997632,0.01323564
ENSG00000143614,-0.05838813,0.540995982
ENSG00000143621,0.131588932,0.156322713
ENSG00000143622,0.053223466,0.604232675
ENSG00000143624,0.116407422,0.134103597
ENSG00000143630,0.078922133,0.552251322
ENSG00000143631,0.08445058,0.280915077
ENSG00000143632,-0.111785148,0.047351034
ENSG00000143633,-0.177599823,0.153665732
ENSG00000143641,-0.200188193,0.051208397
ENSG00000143643,-0.325686416,0.038941606
ENSG00000143653,0.068164706,0.483984068
ENSG00000143669,0.03006104,0.798777287
ENSG00000143674,0.012747056,0.863153353
ENSG00000143702,0.419456554,0.000622007
ENSG00000143727,-0.109535856,0.196912405
ENSG00000143740,0.416466871,2.88E-06
ENSG00000143742,0.029928379,0.731173271
ENSG00000143748,0.325017629,0.004782909
ENSG00000143751,0.147759703,0.142874467
ENSG00000143753,-0.359245215,0.001572413
ENSG00000143756,-0.072022432,0.449745493
ENSG00000143761,-0.298493069,3.01E-05
ENSG00000143771,-0.470403255,1.46E-05
ENSG00000143772,0.695968593,0.001499409
ENSG00000143774,-0.07533263,0.398535112
ENSG00000143776,-0.016112085,0.83410161
ENSG00000143786,1.452134009,1.24E-11
ENSG00000143793,-0.171618634,0.173571591
ENSG00000143797,0.141664191,0.210322381
ENSG00000143799,0.019020018,0.841458352
ENSG00000143801,-0.099094999,0.454644361
ENSG00000143811,-0.359853353,0.000349972
ENSG00000143815,-0.046503949,0.719810254
ENSG00000143816,0.023883439,0.855274049
ENSG00000143819,0.090100849,0.45824385
ENSG00000143839,0.051140488,0.353969005
ENSG00000143842,-0.12673837,0.334602922
ENSG00000143845,-0.284763489,0.074603182
ENSG00000143847,0.121691641,0.335585171
ENSG00000143850,0.128915959,0.211412997
ENSG00000143858,0.037072564,0.67575746
ENSG00000143862,-0.342823331,0.000673423
ENSG00000143867,-0.027295196,0.831870972
ENSG00000143869,-1.78055473,8.12E-07
ENSG00000143870,0.064868197,0.582825553
ENSG00000143878,-1.150706534,6.56E-12
ENSG00000143882,-0.124949041,0.288635694
ENSG00000143889,0.248837519,0.022999705
ENSG00000143891,1.078283117,8.19E-15
ENSG00000143919,0.270337838,0.071572389
ENSG00000143924,0.139702572,0.262539463
ENSG00000143933,-0.044197786,0.709397301
ENSG00000143942,-0.601775339,0.015016119
ENSG00000143947,-0.054270409,0.655013001
ENSG00000143951,0.137969173,0.270189474
ENSG00000143952,0.01860129,0.869467645
ENSG00000143970,0.070838503,0.497813699
ENSG00000143971,-0.177899274,0.042861767
ENSG00000143977,-0.118116299,0.321751349
ENSG00000143994,-0.025319634,0.7436998
ENSG00000143995,0.158740905,0.174336567
ENSG00000144010,-0.035145139,0.150613384
ENSG00000144015,-0.029084908,0.1339219
ENSG00000144021,0.055459095,0.538091714
ENSG00000144026,0.151803021,0.263673069
ENSG00000144028,0.164562434,0.056887592
ENSG00000144029,-0.082788749,0.440942389
ENSG00000144031,-0.096916889,0.46505444
ENSG00000144034,0.298860571,0.026384781
ENSG00000144036,0.305549214,9.30E-05
ENSG00000144040,0.303798991,0.013757675
ENSG00000144043,-0.103138636,0.284722533
ENSG00000144048,-0.010134309,0.919188295
ENSG00000144061,0.347945271,0.021180983
ENSG00000144063,0.583603838,0.016207955
ENSG00000144115,-0.089345822,0.461025724
ENSG00000144118,-0.247431571,0.002831824
ENSG00000144120,0.611025706,0.001374736
ENSG00000144134,0.096840217,0.335698638
ENSG00000144136,0.458496282,8.39E-05
ENSG00000144140,0.544295733,0.009471358
ENSG00000144152,-0.0846175,0.516866785
ENSG00000144158,-0.037494659,0.738876018
ENSG00000144161,0.406663173,0.014554747
ENSG00000144182,0.018566186,0.886669897
ENSG00000144191,0.002212875,NA
ENSG00000144199,-0.02242224,0.85182204
ENSG00000144214,-0.001072646,0.99095603
ENSG00000144218,0.121280562,0.108285383
ENSG00000144224,0.048816292,0.497689748
ENSG00000144228,-0.474935897,1.64E-06
ENSG00000144230,-0.150668113,0.151270532
ENSG00000144231,-0.05862631,0.585656281
ENSG00000144233,-0.312690633,0.000189247
ENSG00000144278,0.01279449,0.796484945
ENSG00000144283,0.040242339,0.744350265
ENSG00000144285,-0.331953361,0.033182618
ENSG00000144306,0.273010826,0.002567702
ENSG00000144320,-0.261440731,0.009119845
ENSG00000144339,0.269282126,0.058034899
ENSG00000144354,0.021504272,0.844216678
ENSG00000144355,0.00805748,0.898661633
ENSG00000144357,-0.249239306,0.007045414
ENSG00000144362,-1.285692029,1.85E-05
ENSG00000144366,0.133165045,0.33661761
ENSG00000144369,1.33173174,2.28E-31
ENSG00000144381,0.051853885,0.577869456
ENSG00000144395,-0.130448052,0.311754452
ENSG00000144401,0.16031198,0.2034565
ENSG00000144406,0.021241183,0.574391359
ENSG00000144410,0.077521916,0.397149815
ENSG00000144426,-0.112369629,0.379466535
ENSG00000144445,-0.137687026,0.150823359
ENSG00000144451,0.087440054,0.430017157
ENSG00000144452,0.189194083,0.053558331
ENSG00000144455,0.021887091,0.834509014
ENSG00000144468,0.058795533,0.527049337
ENSG00000144476,0.048927534,0.704194161
ENSG00000144485,-0.301101599,0.072448668
ENSG00000144488,0.039517029,0.49060573
ENSG00000144504,0.086317771,0.455067292
ENSG00000144524,0.196646222,0.062762397
ENSG00000144535,-0.101474795,0.347646811
ENSG00000144550,0.083692735,0.067508441
ENSG00000144554,0.007185968,0.956562019
ENSG00000144559,0.063416173,0.592151905
ENSG00000144560,0.036432706,0.748302776
ENSG00000144566,-0.118817417,0.206606606
ENSG00000144567,0.06663981,0.495419375
ENSG00000144579,-0.030480134,0.73959466
ENSG00000144580,-0.002761063,0.976228116
ENSG00000144583,-0.3577914,0.047554221
ENSG00000144589,-0.063121642,0.561103244
ENSG00000144591,0.050462967,0.685693814
ENSG00000144596,0.120027171,0.048949748
ENSG00000144597,-0.037350462,0.758882886
ENSG00000144635,-0.012411228,0.907806943
ENSG00000144642,-0.24301689,0.010529961
ENSG00000144644,0.305085506,0.009122276
ENSG00000144645,0.180206737,0.213256274
ENSG00000144647,-0.053227916,0.683167756
ENSG00000144648,-1.66406026,0.001263561
ENSG00000144649,-0.066648807,0.308518078
ENSG00000144655,-0.127249832,0.350686094
ENSG00000144659,-0.187342463,0.060459404
ENSG00000144668,0.50814551,0.022196598
ENSG00000144674,0.100926883,0.408657385
ENSG00000144677,-0.13097149,0.288896054
ENSG00000144681,-0.049351338,0.660631366
ENSG00000144711,0.103078842,0.374763217
ENSG00000144712,0.06325132,0.632410442
ENSG00000144713,0.067064855,0.572110382
ENSG00000144724,-0.86905589,4.59E-08
ENSG00000144730,0.129450369,0.202365488
ENSG00000144736,0.280680905,0.013719364
ENSG00000144741,-0.105651015,0.31009743
ENSG00000144744,-0.293654539,0.001408846
ENSG00000144746,-0.481295193,1.79E-08
ENSG00000144747,-0.30085053,8.90E-05
ENSG00000144749,-0.046473745,0.70487281
ENSG00000144791,-0.090346648,0.385518824
ENSG00000144792,0.046115883,0.724916294
ENSG00000144802,-0.445490809,0.00507595
ENSG00000144810,-0.596600985,0.012884991
ENSG00000144815,0.147717563,0.201136836
ENSG00000144821,0.079142885,0.351357935
ENSG00000144824,0.327708952,0.005994923
ENSG00000144827,0.590850688,4.36E-07
ENSG00000144837,0.069861914,0.41634213
ENSG00000144840,-0.055951264,0.581519924
ENSG00000144843,-0.203035159,0.158954152
ENSG00000144848,0.037555637,0.686528063
ENSG00000144857,-0.529887893,0.010911494
ENSG00000144867,-0.039680417,0.691680221
ENSG00000144891,-0.825640318,0.005668437
ENSG00000144893,0.109562043,0.405205003
ENSG00000144895,0.181415827,0.006690749
ENSG00000144908,-0.212187168,0.002052878
ENSG00000144909,-0.010242063,0.91902354
ENSG00000144935,-0.073370969,0.561523375
ENSG00000144959,-0.266894743,0.089355921
ENSG00000145002,0.146715736,0.293880938
ENSG00000145012,-0.421032386,0.010190875
ENSG00000145014,0.360371916,0.007041171
ENSG00000145016,-0.381852694,0.000305238
ENSG00000145020,0.026629156,0.837384644
ENSG00000145022,-0.316762326,0.012366832
ENSG00000145029,0.060305831,0.604683166
ENSG00000145040,-0.342650566,0.044737849
ENSG00000145041,-0.315895506,0.002063356
ENSG00000145050,-0.225271263,0.129733307
ENSG00000145075,-0.129291836,0.335360494
ENSG00000145088,0.168455397,0.051347227
ENSG00000145113,0.044606309,0.49888408
ENSG00000145147,-0.173431279,0.223321146
ENSG00000145191,-0.127781407,0.176198079
ENSG00000145194,-0.558633663,0.017391986
ENSG00000145214,-0.200203266,0.145945827
ENSG00000145216,0.142365453,0.17466685
ENSG00000145217,0.119643023,0.383039802
ENSG00000145220,-0.133543795,0.248587917
ENSG00000145241,0.170343823,0.174501726
ENSG00000145242,1.220955313,0.000470428
ENSG00000145244,-1.867214771,2.08E-11
ENSG00000145246,-0.048196897,0.701804313
ENSG00000145247,0.160840226,0.258491859
ENSG00000145283,0.064124885,0.395701379
ENSG00000145284,-0.057514549,0.635079998
ENSG00000145287,-0.02003745,0.681260545
ENSG00000145293,0.057892534,0.583155189
ENSG00000145331,0.207074852,0.144601853
ENSG00000145332,-0.209555277,0.111513848
ENSG00000145335,-0.022728543,0.79395405
ENSG00000145348,-0.068096234,0.531983908
ENSG00000145349,-0.247525186,0.029788404
ENSG00000145354,-0.207504174,0.051759394
ENSG00000145358,0.551140812,0.013705135
ENSG00000145362,0.93583957,7.30E-08
ENSG00000145365,0.295182576,0.031345565
ENSG00000145375,-0.274842433,0.050400741
ENSG00000145384,-0.094489458,0.05672108
ENSG00000145386,-0.839554122,0.000251827
ENSG00000145388,0.025170451,0.780959137
ENSG00000145390,-1.955810594,9.43E-05
ENSG00000145391,-0.097733554,0.191271326
ENSG00000145414,0.059993781,0.601731385
ENSG00000145416,0.122485059,0.370172749
ENSG00000145423,0.057330582,0.257050772
ENSG00000145425,0.020308731,0.867180218
ENSG00000145428,0.070101953,0.444595448
ENSG00000145431,0.667326569,7.33E-05
ENSG00000145439,-0.137379927,0.186556777
ENSG00000145476,0.001528564,0.991093502
ENSG00000145491,0.139446727,0.071016143
ENSG00000145494,0.015079156,0.895871966
ENSG00000145495,0.049806302,0.45886413
ENSG00000145506,-0.943839361,0.004319438
ENSG00000145526,0.035622214,0.580567074
ENSG00000145536,0.100274867,0.076845404
ENSG00000145545,-0.10638489,0.291268876
ENSG00000145555,-0.096189111,0.456702611
ENSG00000145569,-1.998287731,0.000236416
ENSG00000145592,0.025295893,0.861170336
ENSG00000145604,-0.838052116,2.38E-05
ENSG00000145623,-0.380413304,0.011354439
ENSG00000145632,0.908496196,4.81E-05
ENSG00000145675,-1.52843662,9.01E-09
ENSG00000145681,-0.037430049,0.563602365
ENSG00000145685,1.20843099,3.79E-16
ENSG00000145687,0.650503721,2.34E-06
ENSG00000145692,0.00821506,0.933373698
ENSG00000145700,0.114938789,0.200064465
ENSG00000145703,0.223564529,0.123017937
ENSG00000145715,0.10564434,0.276355823
ENSG00000145723,0.094951766,0.471880198
ENSG00000145725,0.109305381,0.17406807
ENSG00000145730,-0.019279199,0.876222516
ENSG00000145734,-0.179806918,0.078904257
ENSG00000145736,-0.083282944,0.502087373
ENSG00000145740,-0.119674963,0.116901912
ENSG00000145741,-0.034066918,0.681285307
ENSG00000145743,-0.111281365,0.35860685
ENSG00000145757,-0.432850758,0.030106451
ENSG00000145777,2.737861836,1.87E-26
ENSG00000145779,-0.30611028,0.032469899
ENSG00000145780,0.103836418,0.331372573
ENSG00000145781,-0.045888164,0.673473495
ENSG00000145782,-0.103095519,0.259970568
ENSG00000145794,0.000986101,0.983640544
ENSG00000145808,0.162233704,0.02731717
ENSG00000145817,0.224797249,0.03265196
ENSG00000145819,-0.032419671,0.794615403
ENSG00000145824,0.022751309,0.698808457
ENSG00000145833,-0.13241123,0.142194517
ENSG00000145860,-0.243996609,0.071616556
ENSG00000145861,0.802702613,0.001754623
ENSG00000145868,0.016225268,0.869803684
ENSG00000145882,-0.01120623,0.929895628
ENSG00000145901,-0.534084164,2.46E-05
ENSG00000145907,-0.267916826,0.004369422
ENSG00000145908,0.152870136,0.250428762
ENSG00000145911,1.165828511,8.19E-05
ENSG00000145912,0.04430489,0.710345019
ENSG00000145916,0.195879096,0.08556108
ENSG00000145919,0.070374392,0.563139162
ENSG00000145934,-0.11747656,0.149132056
ENSG00000145936,-0.025757877,0.571664839
ENSG00000145945,-0.218513639,0.106544099
ENSG00000145949,-0.203683385,0.163444077
ENSG00000145965,0.106101528,0.190658422
ENSG00000145975,0.028996175,0.540213672
ENSG00000145979,-0.017309882,0.887907852
ENSG00000145982,-0.066441798,0.565136044
ENSG00000145990,-0.652360291,0.002473483
ENSG00000145996,0.208952309,0.079087664
ENSG00000146001,0.115109678,0.306105814
ENSG00000146005,-0.031219656,0.643320829
ENSG00000146006,4.022105631,6.44E-19
ENSG00000146007,0.0061718,0.951191834
ENSG00000146021,0.269672939,0.06338048
ENSG00000146038,0.066825351,0.270841379
ENSG00000146054,-0.452618651,0.028201346
ENSG00000146063,-0.248989702,0.022305998
ENSG00000146066,-0.046003821,0.62032202
ENSG00000146067,0.135354025,0.262321434
ENSG00000146072,0.094802551,0.451722954
ENSG00000146083,-0.066002769,0.526903915
ENSG00000146085,-0.175765857,0.152711665
ENSG00000146094,-0.23505521,0.104132656
ENSG00000146109,-0.064532257,0.519579059
ENSG00000146112,0.089590003,0.29349108
ENSG00000146122,-1.572536544,1.31E-10
ENSG00000146143,0.371876903,0.003321143
ENSG00000146151,-0.005409692,0.904235132
ENSG00000146197,-0.01833268,0.819535279
ENSG00000146205,0.024963775,0.8050419
ENSG00000146221,0.040202226,0.633376658
ENSG00000146223,-0.074797908,0.429219992
ENSG00000146232,0.047623696,0.712383216
ENSG00000146233,-0.120399283,0.270057201
ENSG00000146242,0.384757395,0.002784645
ENSG00000146243,0.10527338,0.372826339
ENSG00000146247,0.430027961,9.85E-06
ENSG00000146250,2.642889382,3.37E-15
ENSG00000146263,0.185948038,0.145169712
ENSG00000146267,0.032156336,0.655320226
ENSG00000146278,-0.412190618,0.000735058
ENSG00000146281,-0.539581906,1.36E-05
ENSG00000146282,-0.082377977,0.389499735
ENSG00000146350,0.130189246,0.269634689
ENSG00000146373,-1.049177425,1.67E-12
ENSG00000146374,-0.083329152,0.525867568
ENSG00000146376,-0.215366447,0.035939118
ENSG00000146386,-0.37842128,0.032788061
ENSG00000146409,0.65455854,7.23E-05
ENSG00000146410,-0.119091126,0.312226896
ENSG00000146411,0.857156965,9.31E-07
ENSG00000146414,0.282981096,0.048222471
ENSG00000146416,0.347518032,0.003105096
ENSG00000146425,0.091164137,0.302896479
ENSG00000146426,0.211810969,0.131611326
ENSG00000146433,-0.268365021,0.000768794
ENSG00000146457,-0.04209229,0.704626405
ENSG00000146463,0.045576611,0.676229498
ENSG00000146476,-0.18849048,0.031706971
ENSG00000146477,-0.091148832,0.141757801
ENSG00000146535,-0.341278644,0.000856221
ENSG00000146540,0.098950836,0.450024605
ENSG00000146555,0.110253082,0.384708834
ENSG00000146556,0.120794235,0.282622706
ENSG00000146574,-0.131638843,0.264919584
ENSG00000146576,0.031834011,0.75391527
ENSG00000146587,-0.13268205,0.225583831
ENSG00000146592,1.946662264,2.18E-19
ENSG00000146648,0.181237196,0.072386344
ENSG00000146670,0.070670119,0.579472051
ENSG00000146674,-0.064898562,0.631924032
ENSG00000146676,-0.094766126,0.216435693
ENSG00000146677,-0.000757726,0.992605733
ENSG00000146700,0.068402673,0.478037307
ENSG00000146701,-0.153502514,0.152822291
ENSG00000146707,0.057920052,0.658817166
ENSG00000146722,-0.050990471,0.565609613
ENSG00000146729,-0.02640569,0.777737718
ENSG00000146731,-0.142501029,0.141895663
ENSG00000146733,0.035465044,0.764236877
ENSG00000146755,-0.006089527,0.918138296
ENSG00000146757,0.190415868,0.14212758
ENSG00000146776,0.293015945,0.027722965
ENSG00000146802,-0.08938361,0.329715524
ENSG00000146826,-0.179736139,0.196434612
ENSG00000146828,-0.265481183,0.036762928
ENSG00000146830,-0.1974993,0.102677786
ENSG00000146833,-0.041564541,0.689352229
ENSG00000146834,0.004066382,0.970590518
ENSG00000146842,0.076611311,0.544419578
ENSG00000146856,0.079458075,0.527673387
ENSG00000146858,-0.249639588,0.110659394
ENSG00000146859,-0.050513207,0.654729249
ENSG00000146872,-0.11736031,0.179959494
ENSG00000146904,-0.047919198,0.664635151
ENSG00000146909,-0.102628316,0.284385018
ENSG00000146918,0.026248883,0.801783561
ENSG00000146938,-0.020389867,0.730873025
ENSG00000146950,-0.717594196,0.011239779
ENSG00000146963,-0.012339017,0.90664985
ENSG00000146966,-0.384673888,0.000786265
ENSG00000147003,0.04948854,0.586556148
ENSG00000147010,0.023839313,0.834696924
ENSG00000147027,-1.024987397,1.68E-05
ENSG00000147036,-0.001781865,0.972165016
ENSG00000147041,0.261666232,0.017919393
ENSG00000147044,0.255893084,0.057273243
ENSG00000147050,0.118825882,0.375748664
ENSG00000147059,0.03526526,0.782411151
ENSG00000147065,-0.055673233,0.599558061
ENSG00000147082,0.068058995,0.428623001
ENSG00000147099,-0.031122204,0.754359871
ENSG00000147100,0.455292427,1.07E-08
ENSG00000147117,0.104252557,0.130060435
ENSG00000147118,0.074825269,0.528604253
ENSG00000147119,-1.492190675,2.00E-13
ENSG00000147121,0.065283203,0.532425908
ENSG00000147123,0.083463774,0.430367297
ENSG00000147124,0.165062235,0.120785827
ENSG00000147127,-0.026741861,0.760396814
ENSG00000147130,0.562809951,1.18E-09
ENSG00000147133,0.048110736,0.627181181
ENSG00000147140,0.384234457,3.93E-06
ENSG00000147144,0.071760673,0.553664635
ENSG00000147145,-0.148391486,0.28717109
ENSG00000147155,0.134827281,0.25887669
ENSG00000147162,-0.119213201,0.178192583
ENSG00000147164,-0.030784471,0.709369092
ENSG00000147166,0.109752752,0.116805707
ENSG00000147174,-0.085854631,0.51537676
ENSG00000147180,0.12752372,0.256703115
ENSG00000147202,-0.59580718,0.000384341
ENSG00000147224,0.340145809,0.022425866
ENSG00000147231,0.207462213,0.163762228
ENSG00000147234,0.137029438,0.103554286
ENSG00000147251,-0.29800083,0.032644122
ENSG00000147257,-0.011623437,0.87332137
ENSG00000147274,0.422967085,0.000540724
ENSG00000147316,0.151915881,0.182794289
ENSG00000147324,-0.396340262,0.000736831
ENSG00000147364,0.098803053,0.3351692
ENSG00000147382,-0.179984793,0.151415024
ENSG00000147383,-0.091868415,0.415914213
ENSG00000147394,-0.090329356,0.454145668
ENSG00000147400,0.200337256,0.071963059
ENSG00000147403,-0.032166146,0.790894847
ENSG00000147408,-0.244485779,0.116766476
ENSG00000147416,-0.1482971,0.150213059
ENSG00000147419,0.002781452,0.976738558
ENSG00000147421,0.181962083,0.141227862
ENSG00000147437,-0.580457879,0.001590838
ENSG00000147439,-0.155942513,0.144747446
ENSG00000147454,0.288976609,0.013784451
ENSG00000147457,-0.111274276,0.197954499
ENSG00000147459,-0.672789386,6.87E-05
ENSG00000147465,0.037567952,0.624058537
ENSG00000147471,-0.186572278,0.106866252
ENSG00000147475,0.3694783,0.000525333
ENSG00000147485,-0.067553851,0.251358464
ENSG00000147509,0.247400439,0.111901877
ENSG00000147526,-0.838900604,2.52E-09
ENSG00000147533,0.135753737,0.147120389
ENSG00000147535,0.202353519,0.113338247
ENSG00000147536,0.273921777,0.090164526
ENSG00000147548,0.07742871,0.431146155
ENSG00000147573,0.087752914,0.115773644
ENSG00000147576,-1.384918007,9.69E-08
ENSG00000147586,-0.349872752,0.03254342
ENSG00000147592,-0.476102074,0.008401896
ENSG00000147601,0.215374046,0.02035075
ENSG00000147604,0.033201528,0.75557008
ENSG00000147606,-0.080257051,0.44274198
ENSG00000147642,0.097495621,0.470599156
ENSG00000147647,0.09170227,0.281068703
ENSG00000147649,-0.478223345,0.000293803
ENSG00000147650,0.052284513,0.646874566
ENSG00000147654,0.143015735,0.250421873
ENSG00000147655,1.041077097,0.003503957
ENSG00000147669,-0.069422051,0.485027845
ENSG00000147677,0.030235497,0.688447968
ENSG00000147679,-0.29112084,0.004164792
ENSG00000147684,-0.058323363,0.55585481
ENSG00000147687,0.012447784,0.901760876
ENSG00000147697,-0.009394035,0.751758053
ENSG00000147789,0.123912147,0.232091402
ENSG00000147799,0.224654379,0.108839489
ENSG00000147804,-0.220134778,0.097489222
ENSG00000147813,-0.030024078,0.814000627
ENSG00000147852,0.135971044,0.327117029
ENSG00000147853,-0.053408331,0.634799158
ENSG00000147854,0.088614265,0.327662424
ENSG00000147862,0.080610004,0.513273543
ENSG00000147872,-0.072264812,0.581285255
ENSG00000147874,-0.223543982,0.015580596
ENSG00000147883,1.386083939,8.55E-08
ENSG00000147889,0.287784098,0.010547689
ENSG00000147894,-0.47333506,0.019671624
ENSG00000147905,0.306990724,0.00695978
ENSG00000147912,-0.019813504,0.87189394
ENSG00000147955,-0.064310163,0.54727717
ENSG00000147996,-0.041241388,0.718269608
ENSG00000148019,0.033774533,0.760602111
ENSG00000148053,-0.170023504,0.19407832
ENSG00000148057,0.155434075,0.270480715
ENSG00000148082,-0.562403643,0.002702341
ENSG00000148090,0.189281454,0.163666724
ENSG00000148110,-0.351109283,5.21E-05
ENSG00000148120,-1.05291639,4.95E-11
ENSG00000148143,0.213579307,0.149600762
ENSG00000148153,0.35821961,0.000503752
ENSG00000148154,-0.3846321,0.038027702
ENSG00000148158,0.485029098,0.00167842
ENSG00000148175,-1.442001901,4.13E-66
ENSG00000148180,-0.45855507,0.000687022
ENSG00000148187,0.074172386,0.548759173
ENSG00000148200,0.086371416,0.250245088
ENSG00000148218,-0.015061419,0.890369725
ENSG00000148219,0.709355866,0.000115549
ENSG00000148225,0.246807381,0.085290716
ENSG00000148229,-0.067271216,0.521730614
ENSG00000148248,-0.138404913,0.170333143
ENSG00000148288,-0.015729071,0.884476037
ENSG00000148290,-0.001873316,0.986229755
ENSG00000148291,-0.033824792,0.785921355
ENSG00000148296,-0.06511422,0.536400735
ENSG00000148297,0.091714673,0.249923402
ENSG00000148300,0.040942244,0.693815956
ENSG00000148303,0.088314526,0.40095923
ENSG00000148308,-0.016631133,0.844561152
ENSG00000148331,-0.183124694,0.045856625
ENSG00000148334,-0.03669281,0.765526944
ENSG00000148335,-0.024888583,0.783459126
ENSG00000148337,-4.42E-07,0.994119519
ENSG00000148339,-0.421962565,9.02E-05
ENSG00000148341,0.163855748,0.131609802
ENSG00000148343,-0.332854398,0.006405301
ENSG00000148344,0.577815376,0.008359124
ENSG00000148356,0.448856592,0.000463961
ENSG00000148358,-0.227898661,0.033483623
ENSG00000148362,0.094085577,0.469577562
ENSG00000148384,-0.18100419,0.087523775
ENSG00000148396,-0.176862412,0.064023707
ENSG00000148399,0.264832932,0.005738966
ENSG00000148400,0.692067343,5.20E-05
ENSG00000148411,-0.343356344,0.001005972
ENSG00000148426,-0.455374883,0.025012379
ENSG00000148429,0.257520675,0.009433713
ENSG00000148444,0.019649836,0.881439209
ENSG00000148450,0.031634587,0.777241776
ENSG00000148459,-0.019078455,0.881168271
ENSG00000148468,0.624434897,1.14E-05
ENSG00000148481,-0.071108694,0.457654996
ENSG00000148483,-0.040723544,0.387934319
ENSG00000148484,-0.332627098,0.003402349
ENSG00000148488,-0.006143474,0.922808576
ENSG00000148498,0.065136417,0.546896391
ENSG00000148516,-0.335316641,0.014995353
ENSG00000148541,0.854696998,0.006174766
ENSG00000148572,0.126278359,0.233860908
ENSG00000148606,0.050924246,0.556453912
ENSG00000148634,-0.019235859,0.823756283
ENSG00000148655,0.178212464,0.20516058
ENSG00000148660,0.11861548,0.27111168
ENSG00000148672,-0.249468266,0.003491457
ENSG00000148677,-0.135989155,0.005888844
ENSG00000148680,-0.145564479,0.067004331
ENSG00000148688,-0.036994141,0.73756449
ENSG00000148690,0.03879643,0.727917095
ENSG00000148700,0.007557376,0.910324592
ENSG00000148719,-0.324327796,0.000471266
ENSG00000148730,-0.597473553,0.000553516
ENSG00000148737,-0.062292721,0.527159943
ENSG00000148773,0.153213662,0.274752477
ENSG00000148795,0.019609716,0.756706283
ENSG00000148798,-0.083647754,0.410669873
ENSG00000148803,0.035172018,0.783583999
ENSG00000148814,0.445564347,0.000453035
ENSG00000148824,0.115447015,0.39278805
ENSG00000148832,0.021175478,0.869103768
ENSG00000148834,-0.31461969,0.040888448
ENSG00000148835,-0.005243232,0.96557751
ENSG00000148840,0.067904146,0.54496443
ENSG00000148841,-0.403809642,0.002610033
ENSG00000148842,0.158700181,0.105764316
ENSG00000148843,-0.130026619,0.28263988
ENSG00000148848,1.748195025,3.86E-11
ENSG00000148908,0.581048364,1.47E-05
ENSG00000148925,0.307179388,0.001086054
ENSG00000148926,-0.58127639,7.48E-05
ENSG00000148935,0.056674602,0.54936865
ENSG00000148942,-0.043376751,0.548817798
ENSG00000148943,-0.091384733,0.437284087
ENSG00000148948,0.020014711,0.731993576
ENSG00000148950,-0.08579375,0.511372556
ENSG00000148985,0.295930485,0.008244264
ENSG00000149016,0.032949928,0.790994659
ENSG00000149050,0.310039171,0.03302632
ENSG00000149054,-0.291057093,0.078020065
ENSG00000149084,-0.081533549,0.530701936
ENSG00000149089,-0.036671591,0.753184307
ENSG00000149090,0.361802152,0.000177964
ENSG00000149091,0.224486692,0.037632266
ENSG00000149100,-0.080506592,0.330406262
ENSG00000149115,-0.247928954,0.016407171
ENSG00000149131,-0.247004336,0.114366803
ENSG00000149136,-0.03352681,0.718718391
ENSG00000149150,-0.195820169,0.144629326
ENSG00000149177,-0.386056218,0.011845639
ENSG00000149179,0.100816901,0.336360402
ENSG00000149182,-0.092182616,0.307725203
ENSG00000149187,-0.016856284,0.799926269
ENSG00000149196,0.000594678,0.996241608
ENSG00000149201,0.003872921,0.966089115
ENSG00000149212,0.494903479,1.73E-05
ENSG00000149218,-1.897787016,5.06E-15
ENSG00000149231,-0.087506601,0.34545218
ENSG00000149243,-0.051579283,0.558782501
ENSG00000149256,1.283288398,1.14E-05
ENSG00000149257,0.600711994,9.52E-05
ENSG00000149260,0.257902039,0.052358845
ENSG00000149262,0.172151586,0.064157644
ENSG00000149269,0.122088331,0.292867756
ENSG00000149273,-0.008601729,0.941320716
ENSG00000149289,-0.694772026,3.47E-09
ENSG00000149292,0.250796066,0.087939852
ENSG00000149308,0.034950584,0.741524514
ENSG00000149311,0.12540184,0.185625913
ENSG00000149313,-0.034824893,0.685953914
ENSG00000149328,-0.021902752,0.61540956
ENSG00000149346,0.262895632,0.095156215
ENSG00000149357,0.008565653,0.914032927
ENSG00000149380,-0.046554396,0.699977476
ENSG00000149403,1.788553927,0.000295337
ENSG00000149428,-0.142031978,0.306240918
ENSG00000149451,0.070863424,0.593944172
ENSG00000149474,0.087857144,0.401967919
ENSG00000149476,0.026458182,0.803522297
ENSG00000149480,0.077507662,0.470877828
ENSG00000149483,0.157589403,0.226553412
ENSG00000149485,0.031923596,0.805760807
ENSG00000149488,-0.80045817,0.002907305
ENSG00000149489,-0.183685101,0.194010681
ENSG00000149499,-0.229706756,0.034805302
ENSG00000149503,0.086967474,0.482527453
ENSG00000149506,0.055120953,0.410165495
ENSG00000149527,-0.015599324,0.83063548
ENSG00000149531,0.012288686,0.921678504
ENSG00000149532,0.095687076,0.289987566
ENSG00000149541,-0.384207888,0.002311079
ENSG00000149547,0.018052135,0.852728841
ENSG00000149548,0.785017475,0.003445503
ENSG00000149554,-0.19610299,0.095445379
ENSG00000149557,0.19835703,0.074240606
ENSG00000149564,0.001172905,0.988856916
ENSG00000149571,0.035867006,0.77791459
ENSG00000149575,0.153855584,0.157815317
ENSG00000149577,-0.694430665,1.51E-05
ENSG00000149582,-0.003709702,0.973893888
ENSG00000149591,-1.11951969,0.000164021
ENSG00000149596,-0.532255845,0.019581326
ENSG00000149600,0.033944605,0.744923451
ENSG00000149609,0.061828738,0.483246164
ENSG00000149633,1.384256791,8.42E-08
ENSG00000149634,0.052282992,0.683628361
ENSG00000149636,0.251803139,0.091311168
ENSG00000149639,0.105687308,0.321562262
ENSG00000149657,0.138675722,0.127960834
ENSG00000149658,0.002088465,0.980009689
ENSG00000149679,0.060148445,0.599827689
ENSG00000149716,-0.058043791,0.506321815
ENSG00000149743,-0.068209325,0.553570981
ENSG00000149761,-0.343767962,0.011136025
ENSG00000149781,0.024192639,0.797001387
ENSG00000149782,-0.140124111,0.196994028
ENSG00000149792,0.521752969,1.02E-10
ENSG00000149798,0.002922201,0.982383797
ENSG00000149806,-0.046622863,0.708552256
ENSG00000149809,-0.638422611,0.004066602
ENSG00000149823,-0.03562046,0.775633196
ENSG00000149922,0.090874369,0.393731698
ENSG00000149923,-0.199599939,0.016807886
ENSG00000149925,0.070285874,0.557088277
ENSG00000149927,0.098959278,0.01158987
ENSG00000149929,0.043641032,0.740055267
ENSG00000149930,0.065563439,0.52664806
ENSG00000149932,-0.008970205,0.920367882
ENSG00000149948,0.032789877,0.802156036
ENSG00000149968,0.074001676,0.481560577
ENSG00000149970,-0.019833841,0.791275392
ENSG00000150045,-0.029072272,0.556017216
ENSG00000150051,-0.026389352,0.787890656
ENSG00000150054,-0.279296231,0.051165067
ENSG00000150076,0.074129077,0.505015511
ENSG00000150093,-0.256056827,0.066775732
ENSG00000150165,0.085031589,0.143885396
ENSG00000150175,0.008204863,0.73000599
ENSG00000150281,-0.012465838,0.921687515
ENSG00000150316,0.038786237,0.69563555
ENSG00000150337,0.086800328,0.282588419
ENSG00000150347,-0.126833481,0.161955515
ENSG00000150401,0.119459313,0.282346892
ENSG00000150403,-0.261499666,0.001720922
ENSG00000150433,0.133962284,0.184392866
ENSG00000150455,0.042516458,0.737647181
ENSG00000150456,0.13694287,0.271652804
ENSG00000150457,-0.064808885,0.539014457
ENSG00000150459,-0.164951244,0.02968527
ENSG00000150471,0.080214858,0.177471336
ENSG00000150477,0.185085266,0.169405269
ENSG00000150510,-0.519216941,0.007079307
ENSG00000150527,-0.096826168,0.347156869
ENSG00000150540,-0.642721376,0.009034872
ENSG00000150556,-0.034538759,0.430488151
ENSG00000150593,0.565605152,4.56E-07
ENSG00000150594,1.981651811,0.000105606
ENSG00000150627,0.017919668,0.854013185
ENSG00000150628,0.073647374,0.310531869
ENSG00000150630,0.382692683,0.003669638
ENSG00000150636,0.864485608,0.000852349
ENSG00000150637,0.038170128,0.522347176
ENSG00000150667,0.168227845,0.122654724
ENSG00000150672,-0.356174208,0.044897645
ENSG00000150681,-0.027760283,0.328722312
ENSG00000150687,0.40508428,0.034244982
ENSG00000150712,-0.35591166,0.015437054
ENSG00000150722,-0.075423676,0.357852055
ENSG00000150753,-0.287877753,0.026448804
ENSG00000150756,0.149617929,0.259470283
ENSG00000150760,0.04107085,0.725984026
ENSG00000150764,-0.215096852,0.120990536
ENSG00000150768,-0.375854055,0.000746634
ENSG00000150773,0.017402767,0.885093365
ENSG00000150776,0.148537657,0.083004628
ENSG00000150779,0.113989973,0.333304532
ENSG00000150782,0.042860492,0.372900967
ENSG00000150787,-0.012530979,0.921278758
ENSG00000150867,-0.21347699,0.073707947
ENSG00000150873,0.049757787,0.335473077
ENSG00000150907,-2.225316038,1.14E-17
ENSG00000150938,-0.919718276,0.000115435
ENSG00000150961,0.100559071,0.23749041
ENSG00000150967,0.651178328,0.001019322
ENSG00000150977,-0.473203097,0.000692359
ENSG00000150990,-0.541463362,0.000381239
ENSG00000150991,-0.228181394,0.019235139
ENSG00000150995,-0.320625442,0.040732423
ENSG00000151006,0.017702788,0.888065469
ENSG00000151012,0.222654038,0.061237468
ENSG00000151014,0.057553326,0.622472811
ENSG00000151023,0.02679336,0.698267639
ENSG00000151062,0.039823481,0.723567285
ENSG00000151065,0.440501275,5.38E-05
ENSG00000151067,0.394572502,0.017525615
ENSG00000151079,0.060407787,0.205930462
ENSG00000151090,-0.295001785,0.052147754
ENSG00000151092,0.082021697,0.461896346
ENSG00000151093,0.027062114,0.827140149
ENSG00000151116,-0.202719071,0.01789237
ENSG00000151117,-0.024740315,0.823091209
ENSG00000151131,0.149021854,0.288696902
ENSG00000151135,0.158348306,0.109066077
ENSG00000151136,-0.091146952,0.306838553
ENSG00000151148,-0.099512544,0.248324005
ENSG00000151150,-0.00386094,0.944093329
ENSG00000151151,-0.540453291,0.001279348
ENSG00000151164,0.406971721,0.035934325
ENSG00000151176,-0.053105764,0.658301439
ENSG00000151208,-0.19213104,0.103292115
ENSG00000151229,-0.372240171,0.001441225
ENSG00000151233,-0.184403741,0.13953419
ENSG00000151239,0.010125644,0.902364836
ENSG00000151240,0.120649703,0.328579297
ENSG00000151247,-0.040500577,0.665182708
ENSG00000151276,-0.464384201,0.006711792
ENSG00000151287,-0.318177836,0.025233429
ENSG00000151292,-0.032557717,0.696906656
ENSG00000151304,-0.083869099,0.469495545
ENSG00000151320,-0.295714716,0.072532249
ENSG00000151322,-0.012612446,0.786023343
ENSG00000151327,-0.398747818,0.003538562
ENSG00000151332,0.451073779,4.87E-06
ENSG00000151338,-0.010998136,0.923029747
ENSG00000151348,0.036749431,0.750179508
ENSG00000151353,0.107717721,0.330758422
ENSG00000151364,-0.027247591,0.758537261
ENSG00000151365,-0.005643092,0.895893464
ENSG00000151366,-0.225950484,0.035606078
ENSG00000151376,0.410683009,0.008565177
ENSG00000151388,-0.011714305,0.925065829
ENSG00000151413,0.088733012,0.428678534
ENSG00000151414,-0.165353615,0.123257115
ENSG00000151422,0.042188425,0.698513568
ENSG00000151445,0.090319518,0.355791313
ENSG00000151458,0.065438649,0.520608746
ENSG00000151461,0.060830102,0.499423354
ENSG00000151465,-0.051591869,0.567160454
ENSG00000151466,0.135595149,0.291983088
ENSG00000151468,-0.024503265,NA
ENSG00000151470,0.495490327,0.002226915
ENSG00000151474,0.133190101,0.338620309
ENSG00000151490,0.186596503,0.200070052
ENSG00000151491,-0.419601375,0.006796685
ENSG00000151498,0.032209915,0.739014567
ENSG00000151500,0.26364792,0.018143297
ENSG00000151502,0.132177042,0.186912147
ENSG00000151503,-0.01651345,0.855569265
ENSG00000151532,-0.169139322,0.032799676
ENSG00000151552,0.048230685,0.67355301
ENSG00000151553,-0.068025269,0.549859266
ENSG00000151572,-0.254622378,0.105257253
ENSG00000151575,0.446628765,0.026756117
ENSG00000151576,-0.217648711,0.05217032
ENSG00000151611,-0.035143782,0.73505874
ENSG00000151612,0.499853526,7.81E-08
ENSG00000151617,0.197962385,0.147741208
ENSG00000151623,0.703883261,0.001799219
ENSG00000151632,-0.352159549,0.037459003
ENSG00000151640,0.016800991,0.789299867
ENSG00000151651,0.126621978,0.346829514
ENSG00000151655,0.009306808,0.914597563
ENSG00000151657,0.159508729,0.133566176
ENSG00000151665,-0.174940921,0.139691189
ENSG00000151687,0.037986637,0.764922596
ENSG00000151689,0.275980798,0.014112641
ENSG00000151690,-0.941838736,4.39E-06
ENSG00000151692,-0.042205032,0.577331091
ENSG00000151693,0.083988391,0.52973333
ENSG00000151694,-0.409668555,0.005296369
ENSG00000151702,-0.021421124,0.855183176
ENSG00000151704,0.066852643,0.22147752
ENSG00000151715,-0.039558628,0.472333638
ENSG00000151718,-0.155752445,0.221041562
ENSG00000151725,-0.301086611,0.067595031
ENSG00000151726,-1.56573913,1.49E-19
ENSG00000151729,-0.395437607,0.033829464
ENSG00000151743,0.665840197,0.002141176
ENSG00000151746,0.164088903,0.20264097
ENSG00000151748,0.116911684,0.33776923
ENSG00000151773,0.032551614,0.804524058
ENSG00000151778,-0.035263973,0.773987114
ENSG00000151779,0.352473399,7.24E-06
ENSG00000151789,0.161406229,0.1854779
ENSG00000151790,0.061862429,0.535068932
ENSG00000151806,-0.093320634,0.374382629
ENSG00000151835,0.622227099,0.001033654
ENSG00000151846,-0.043757158,0.727077862
ENSG00000151849,-0.111906132,0.343077576
ENSG00000151876,-0.031865989,0.79987596
ENSG00000151881,0.027212677,0.831186182
ENSG00000151882,0.134911762,0.331629915
ENSG00000151883,0.054423075,0.676930056
ENSG00000151892,0.053638908,0.528669066
ENSG00000151893,-0.578810913,9.77E-05
ENSG00000151914,0.325755401,0.002256663
ENSG00000151917,0.613481246,4.63E-08
ENSG00000151923,0.040969014,0.604453815
ENSG00000151929,-0.376151459,3.10E-05
ENSG00000151948,0.083748033,0.063807446
ENSG00000151967,-0.030083365,0.789944839
ENSG00000152022,-0.073141156,0.46859804
ENSG00000152042,0.260141614,0.012409033
ENSG00000152049,-0.111291575,0.411480709
ENSG00000152056,0.102267025,0.407735365
ENSG00000152061,-0.02511243,0.800543641
ENSG00000152076,0.128547243,0.326810572
ENSG00000152078,0.039591011,0.732995868
ENSG00000152082,-0.223653275,0.084568175
ENSG00000152086,0.006038969,0.897938086
ENSG00000152102,0.010577016,0.883035434
ENSG00000152104,-0.009295098,0.938011502
ENSG00000152117,0.034087393,0.786987239
ENSG00000152127,0.014106238,0.916581432
ENSG00000152133,0.044831791,0.700929443
ENSG00000152137,0.201138732,0.133733374
ENSG00000152147,0.117601255,0.320834702
ENSG00000152154,-0.06457527,0.610105192
ENSG00000152193,-0.094413368,0.374733019
ENSG00000152217,0.130389083,0.252760861
ENSG00000152219,0.088596342,0.280684672
ENSG00000152223,-0.276982981,0.033315421
ENSG00000152229,-0.102980194,0.437244333
ENSG00000152234,-0.023491809,0.773281415
ENSG00000152240,0.047208063,0.687504733
ENSG00000152242,-0.143699963,0.116142392
ENSG00000152253,0.042239066,0.627035191
ENSG00000152256,0.075771261,0.568943674
ENSG00000152268,-0.194917083,0.02598637
ENSG00000152270,0.12915688,0.348217239
ENSG00000152284,0.306314788,0.010735376
ENSG00000152291,-0.081480857,0.450724142
ENSG00000152292,-0.01313914,0.875507402
ENSG00000152332,-0.640101211,1.07E-14
ENSG00000152348,0.025182456,0.847717283
ENSG00000152359,0.22347379,0.097593995
ENSG00000152377,-0.664802972,0.002629564
ENSG00000152380,0.12802073,0.339776044
ENSG00000152382,-0.024456724,0.834135687
ENSG00000152402,0.146898624,0.128326222
ENSG00000152404,0.025514363,0.815659783
ENSG00000152409,-0.014717087,0.895710548
ENSG00000152413,-0.001772807,0.987425051
ENSG00000152422,-0.091086453,0.474235845
ENSG00000152433,0.1492717,0.283414329
ENSG00000152439,0.146356189,0.279708975
ENSG00000152443,0.078937215,0.456588041
ENSG00000152454,0.084258074,0.512945906
ENSG00000152455,0.074088656,0.555289682
ENSG00000152457,-0.099712683,0.404692742
ENSG00000152463,-3.509579556,6.98E-06
ENSG00000152464,0.065261053,0.602308113
ENSG00000152465,-0.097196813,0.372912958
ENSG00000152467,0.014991932,0.792343836
ENSG00000152475,0.223133225,0.142843777
ENSG00000152484,-0.43890568,0.003741862
ENSG00000152487,0.065055763,0.534306753
ENSG00000152492,-0.095255757,0.414303827
ENSG00000152495,1.26491841,7.88E-11
ENSG00000152503,-0.013424624,0.764229637
ENSG00000152518,-0.586273807,8.07E-06
ENSG00000152520,0.029227012,0.727989858
ENSG00000152527,-0.149890623,0.273607513
ENSG00000152556,0.217036655,0.012145683
ENSG00000152558,-0.323176433,0.002887536
ENSG00000152580,0.903111309,0.001576709
ENSG00000152582,0.012082897,0.92751469
ENSG00000152583,-4.582622856,9.66E-105
ENSG00000152601,-0.776257936,2.02E-05
ENSG00000152620,0.166118753,0.171810579
ENSG00000152642,-0.745845741,7.37E-05
ENSG00000152661,0.127191362,0.324033795
ENSG00000152669,-0.063611753,0.073691883
ENSG00000152683,-0.049963195,0.571489667
ENSG00000152684,0.059817139,0.635709334
ENSG00000152689,-0.194590096,0.076048052
ENSG00000152700,-0.253433009,0.032134733
ENSG00000152705,-0.008428716,0.868167881
ENSG00000152726,-0.111035487,0.310154193
ENSG00000152749,-0.102284681,0.424668147
ENSG00000152763,0.101676878,0.448073083
ENSG00000152767,-0.167205375,0.20705401
ENSG00000152778,-0.113045278,0.308538882
ENSG00000152779,-3.79564737,1.85E-09
ENSG00000152782,0.134261489,0.332683978
ENSG00000152784,0.044297254,0.725011004
ENSG00000152785,-0.035471643,0.711295023
ENSG00000152795,-0.083005498,0.393603072
ENSG00000152804,0.031497669,0.810429756
ENSG00000152818,-0.276713721,0.063326154
ENSG00000152822,0.024724174,0.686383786
ENSG00000152894,0.213179732,0.081633432
ENSG00000152904,0.024894824,0.802719825
ENSG00000152926,0.521068327,0.00049194
ENSG00000152939,0.052521536,0.611122126
ENSG00000152942,0.173341927,0.068886558
ENSG00000152944,-0.110818886,0.21756966
ENSG00000152952,0.126797473,0.349244202
ENSG00000152953,-0.019035833,0.837066496
ENSG00000152990,0.705546499,0.000205885
ENSG00000153006,-0.447115262,1.25E-06
ENSG00000153012,0.032300238,0.390838807
ENSG00000153015,0.073482794,0.518201663
ENSG00000153029,0.0528089,0.690160354
ENSG00000153037,-0.232753804,0.096291106
ENSG00000153044,0.115060483,0.385214327
ENSG00000153046,0.162540131,0.206981482
ENSG00000153048,-0.180812578,0.131928467
ENSG00000153064,-0.329730764,0.054682295
ENSG00000153066,-0.502417072,1.40E-06
ENSG00000153071,-0.069261647,0.481093533
ENSG00000153086,0.034967026,0.60739445
ENSG00000153093,0.114982411,0.268208525
ENSG00000153094,0.283027425,0.077845011
ENSG00000153107,-0.043176086,0.608381735
ENSG00000153113,-0.329058271,0.000799789
ENSG00000153130,-0.230460368,0.029234816
ENSG00000153132,0.228971093,0.113900749
ENSG00000153140,0.148965542,0.172102721
ENSG00000153147,0.05553954,0.540563019
ENSG00000153157,-0.001421561,0.980773365
ENSG00000153162,-0.113735927,0.174846153
ENSG00000153165,0.085545866,0.498133559
ENSG00000153179,-0.355718579,0.000692546
ENSG00000153187,-0.053893784,0.604633117
ENSG00000153201,-0.088906523,0.296162324
ENSG00000153207,-1.207447234,2.22E-08
ENSG00000153208,0.624378271,0.014238865
ENSG00000153214,-0.564362422,0.001595069
ENSG00000153233,0.06078838,0.31206508
ENSG00000153234,-0.13732979,0.319132586
ENSG00000153237,0.067786997,0.539246631
ENSG00000153246,-0.053952378,0.676654316
ENSG00000153250,-0.25965321,0.003913264
ENSG00000153253,0.00139847,0.988823547
ENSG00000153283,-0.026733679,0.617605856
ENSG00000153291,-0.11551542,0.39148408
ENSG00000153310,-0.106013323,0.344234561
ENSG00000153317,-0.264435757,0.004652176
ENSG00000153339,-0.135621523,0.0814185
ENSG00000153363,0.100155883,0.456216698
ENSG00000153391,0.2709964,0.07398923
ENSG00000153395,-0.156327508,0.258784086
ENSG00000153406,0.029436041,0.785633296
ENSG00000153443,-0.580239186,3.30E-05
ENSG00000153446,0.137987203,0.155670641
ENSG00000153485,-0.065602172,0.615030962
ENSG00000153487,-0.042813747,0.684324534
ENSG00000153495,-0.036376144,0.75338347
ENSG00000153531,0.316646566,0.062576297
ENSG00000153551,-0.042902662,0.740264627
ENSG00000153558,0.042527087,0.733596515
ENSG00000153560,-0.206358214,0.006193419
ENSG00000153561,-0.040224682,0.737772935
ENSG00000153574,-0.193841954,0.095627325
ENSG00000153575,0.026495406,0.787047074
ENSG00000153666,0.020109275,0.875712336
ENSG00000153684,0.084899367,0.173402601
ENSG00000153707,0.097569017,0.439860522
ENSG00000153714,0.135203865,0.329428329
ENSG00000153721,0.552633444,0.004295987
ENSG00000153767,-0.140675818,0.203454626
ENSG00000153774,0.007779658,0.926909883
ENSG00000153786,-0.10414853,0.342853932
ENSG00000153789,-0.013240946,0.817249764
ENSG00000153790,-0.18761204,0.176934266
ENSG00000153814,0.097584142,0.422614162
ENSG00000153815,0.204706838,0.083622281
ENSG00000153823,-0.542698992,0.000480564
ENSG00000153827,-0.152307873,0.057836097
ENSG00000153832,0.102771087,0.437955168
ENSG00000153879,0.566854521,9.15E-05
ENSG00000153885,0.039364025,0.575036637
ENSG00000153896,0.057590474,0.640535704
ENSG00000153898,-0.133692538,0.248280975
ENSG00000153902,0.06572319,0.557696006
ENSG00000153904,-1.172501512,3.13E-05
ENSG00000153914,0.084368207,0.386529294
ENSG00000153922,-0.021405215,0.841653575
ENSG00000153930,0.047903906,0.543437902
ENSG00000153933,-0.159481625,0.198513272
ENSG00000153936,-0.692064827,0.001318873
ENSG00000153944,0.008771071,0.942260587
ENSG00000153956,0.059895039,0.592925064
ENSG00000153975,-0.14243288,0.28428179
ENSG00000153976,-0.310283459,0.045619445
ENSG00000153982,0.131245401,0.301059602
ENSG00000153989,-0.297877431,0.01042215
ENSG00000153993,0.196620548,0.167927475
ENSG00000154001,-0.193235794,0.017849144
ENSG00000154027,-0.820234206,0.000364486
ENSG00000154035,-0.133625644,0.291215644
ENSG00000154040,-0.015038109,0.904684246
ENSG00000154059,0.058875019,0.537877343
ENSG00000154065,0.083416901,0.519626413
ENSG00000154079,0.071160613,0.555961449
ENSG00000154096,0.074973351,0.566071944
ENSG00000154099,0.028034977,0.690204273
ENSG00000154102,0.909048608,1.65E-06
ENSG00000154114,-0.262761429,0.001104395
ENSG00000154118,-0.028759148,0.557937713
ENSG00000154122,-0.005752979,0.949017876
ENSG00000154124,-0.134280491,0.202517843
ENSG00000154127,-1.007777907,9.91E-06
ENSG00000154133,0.239240797,0.022159955
ENSG00000154134,0.55820341,0.00020511
ENSG00000154144,-0.077072413,0.438412875
ENSG00000154146,0.047161569,0.521259742
ENSG00000154153,-0.097664373,0.387649713
ENSG00000154162,-0.01347214,0.8130846
ENSG00000154174,0.060998264,0.462112939
ENSG00000154175,-0.104945378,0.439769174
ENSG00000154188,-0.260795202,0.100824147
ENSG00000154217,-0.787105626,1.98E-05
ENSG00000154222,-0.247961854,0.013688922
ENSG00000154229,-0.146616426,0.252505713
ENSG00000154237,-0.038687664,0.709786454
ENSG00000154240,-0.230248582,0.113081948
ENSG00000154258,-0.121529437,0.370063636
ENSG00000154262,-0.987607286,5.54E-10
ENSG00000154263,1.276150131,4.32E-06
ENSG00000154265,0.037588379,0.775189558
ENSG00000154269,0.024084442,0.769106551
ENSG00000154274,0.054629648,0.293254846
ENSG00000154277,0.06648085,0.618752377
ENSG00000154305,0.144267505,0.069070545
ENSG00000154309,0.114066232,0.39582138
ENSG00000154310,1.061101366,6.14E-09
ENSG00000154319,-0.867281821,4.55E-05
ENSG00000154328,0.123895064,0.265688076
ENSG00000154330,0.106296243,0.43403453
ENSG00000154358,0.081265852,0.382240232
ENSG00000154359,0.324041491,0.013089923
ENSG00000154370,0.032156147,0.798402662
ENSG00000154380,-0.229050898,0.080481592
ENSG00000154429,0.349657896,0.011677752
ENSG00000154447,-0.089654648,0.436805874
ENSG00000154451,0.13063165,0.109816074
ENSG00000154473,-0.088980125,0.239923678
ENSG00000154479,-0.737368426,0.008747783
ENSG00000154485,-0.047692418,0.343113538
ENSG00000154493,0.037349114,0.472271923
ENSG00000154511,0.043818543,0.69469007
ENSG00000154518,-0.047670096,0.577638178
ENSG00000154529,-0.034776942,0.508026481
ENSG00000154537,-0.000217307,0.996311645
ENSG00000154545,0.257891741,0.073399225
ENSG00000154548,-0.0159848,0.839714856
ENSG00000154553,0.009350061,0.926549527
ENSG00000154556,-0.029877529,0.50621059
ENSG00000154582,-0.243412324,0.003446661
ENSG00000154589,0.41095451,0.023411468
ENSG00000154608,0.54065071,7.79E-05
ENSG00000154620,-0.011071209,0.844574107
ENSG00000154639,0.102433443,0.255305742
ENSG00000154640,-0.044413703,0.630505463
ENSG00000154642,-0.067632906,0.549113496
ENSG00000154645,-0.024285494,0.689375502
ENSG00000154654,0.631750865,0.002380656
ENSG00000154655,0.033619936,0.451443866
ENSG00000154678,0.027961142,0.83218381
ENSG00000154710,-0.113245035,0.3994826
ENSG00000154719,-0.056896301,0.605695867
ENSG00000154721,-0.063049322,0.49690324
ENSG00000154723,-0.076533593,0.379637751
ENSG00000154727,0.15624446,0.127923586
ENSG00000154734,-2.237555451,2.45E-19
ENSG00000154736,-1.95520735,2.68E-07
ENSG00000154743,-0.437192743,0.000370748
ENSG00000154760,-0.024169155,0.850856001
ENSG00000154767,0.535597073,1.49E-09
ENSG00000154781,0.050796268,0.565623725
ENSG00000154783,0.049152381,0.523646358
ENSG00000154803,0.138356421,0.303637908
ENSG00000154813,-0.423813292,0.000130808
ENSG00000154814,-0.206869321,0.107627331
ENSG00000154822,-0.011930029,0.919076292
ENSG00000154832,-0.01226367,0.911986226
ENSG00000154839,0.382177794,0.033020734
ENSG00000154845,-0.131623895,0.168634916
ENSG00000154856,-1.233082853,0.00294559
ENSG00000154864,2.110069513,0.00038071
ENSG00000154874,0.025269141,0.847540042
ENSG00000154889,-0.248348962,0.007463219
ENSG00000154898,0.019913983,0.858913352
ENSG00000154914,-0.473399246,0.017979777
ENSG00000154917,0.410158091,0.02140143
ENSG00000154920,0.149476772,0.194586136
ENSG00000154928,0.077059236,0.466640825
ENSG00000154930,-1.782402507,5.60E-10
ENSG00000154945,-0.338755815,1.58E-05
ENSG00000154957,0.067501702,0.564441816
ENSG00000154978,-0.289370527,0.010473329
ENSG00000155008,-0.528880774,0.002350504
ENSG00000155011,1.182144784,0.002102598
ENSG00000155016,-0.183811924,0.137987502
ENSG00000155026,-0.053695554,0.342465741
ENSG00000155034,-0.30625763,0.022727974
ENSG00000155066,0.033986612,0.76969027
ENSG00000155070,-0.029631058,0.687141895
ENSG00000155085,0.529761944,0.002286697
ENSG00000155090,0.48468347,0.005077543
ENSG00000155093,-0.005945463,0.945161205
ENSG00000155096,0.092672018,0.353498284
ENSG00000155097,-0.136904369,0.168051067
ENSG00000155099,0.009046389,0.942775358
ENSG00000155100,-0.264943102,0.015003794
ENSG00000155111,0.112095403,0.331046441
ENSG00000155115,-0.022925313,0.838776594
ENSG00000155130,1.143753615,1.45E-13
ENSG00000155158,0.087081385,0.462280942
ENSG00000155189,-0.429810125,0.016186992
ENSG00000155229,-0.051363373,0.557383937
ENSG00000155252,0.186892886,0.065459273
ENSG00000155254,-0.095100488,0.238645941
ENSG00000155256,-0.01479001,0.875324211
ENSG00000155275,-0.039691802,0.716175097
ENSG00000155287,0.072698747,0.528585534
ENSG00000155304,-0.003442911,0.970012632
ENSG00000155313,0.0495633,0.573842504
ENSG00000155324,-1.149624112,2.81E-05
ENSG00000155329,-0.258299769,0.051443386
ENSG00000155330,-0.011387983,0.928332072
ENSG00000155363,0.236017388,0.064346542
ENSG00000155366,-0.123891062,0.29238339
ENSG00000155367,-0.108020791,0.342897869
ENSG00000155368,-0.162761335,0.170190144
ENSG00000155380,0.21045787,0.079805273
ENSG00000155393,-0.318079344,0.044782322
ENSG00000155428,-0.035598741,0.767141148
ENSG00000155438,-0.144253187,0.143189007
ENSG00000155463,0.140106774,0.091762001
ENSG00000155465,-0.230081175,0.11968906
ENSG00000155506,-0.217527583,0.041371154
ENSG00000155508,-0.54537446,0.000117389
ENSG00000155511,-0.698674271,0.001603038
ENSG00000155530,-0.01122078,0.870843759
ENSG00000155542,0.124426885,0.362327668
ENSG00000155545,-0.035807427,0.698105198
ENSG00000155561,0.243668249,0.020020166
ENSG00000155592,0.150085183,0.163472402
ENSG00000155621,0.197184312,0.113276096
ENSG00000155629,0.02607847,0.782102389
ENSG00000155636,0.05088333,0.688098183
ENSG00000155640,0.152736617,0.279972108
ENSG00000155657,-0.020106249,0.871677574
ENSG00000155660,0.223063413,0.106376831
ENSG00000155666,0.203012576,0.172322894
ENSG00000155729,0.016029319,0.878567473
ENSG00000155744,-0.01231299,0.903173184
ENSG00000155749,-0.76568744,0.003646052
ENSG00000155754,-0.021378798,0.860176527
ENSG00000155755,0.078484013,0.56319585
ENSG00000155760,0.315512447,0.041673126
ENSG00000155792,0.684318675,0.007689337
ENSG00000155816,-0.172592783,0.21991235
ENSG00000155827,0.340048487,2.39E-06
ENSG00000155846,0.071894479,0.320389351
ENSG00000155849,-0.141424677,0.086308632
ENSG00000155850,-0.349893703,0.001139692
ENSG00000155858,-0.225820383,0.095679234
ENSG00000155868,-0.009099416,0.937296286
ENSG00000155875,0.045177864,0.475556543
ENSG00000155876,-0.132611594,0.122410984
ENSG00000155893,0.79563081,2.25E-06
ENSG00000155897,3.577707487,2.32E-06
ENSG00000155903,-0.113133608,0.386746202
ENSG00000155906,-0.108584142,0.359823341
ENSG00000155918,0.080467663,0.287659373
ENSG00000155926,0.025275455,0.62916255
ENSG00000155957,-0.198944972,0.175342422
ENSG00000155959,-0.042171364,0.678520032
ENSG00000155961,0.118811412,0.145618412
ENSG00000155962,1.17613621,2.39E-10
ENSG00000155966,0.019448869,0.584900998
ENSG00000155970,-0.07314165,0.556915021
ENSG00000155974,-0.047306736,0.564169766
ENSG00000155975,-0.451722091,5.07E-06
ENSG00000155980,0.19721315,0.179693102
ENSG00000155984,-0.244534812,0.047635903
ENSG00000156011,0.420558787,0.009129688
ENSG00000156017,0.215368804,0.119279969
ENSG00000156026,-0.13202382,0.269913278
ENSG00000156030,0.055525065,0.639781959
ENSG00000156042,0.096870011,0.470454037
ENSG00000156049,0.064652658,0.608878389
ENSG00000156050,0.662396325,6.89E-05
ENSG00000156052,-0.201210354,0.069156921
ENSG00000156097,0.037222084,0.615091687
ENSG00000156103,0.149617434,0.168946502
ENSG00000156110,0.038366972,0.719915743
ENSG00000156113,0.524647013,0.001226773
ENSG00000156136,-0.082428468,0.513690521
ENSG00000156140,-0.204606558,0.151488494
ENSG00000156162,-0.392305359,0.002945485
ENSG00000156170,0.118977814,0.344122676
ENSG00000156171,0.029599199,0.783914695
ENSG00000156172,-0.028861712,0.813981971
ENSG00000156218,-0.013945589,0.857560385
ENSG00000156219,-0.035657288,0.589933944
ENSG00000156232,-0.519503287,8.55E-06
ENSG00000156239,0.69167789,1.65E-06
ENSG00000156253,-0.008533159,0.938504252
ENSG00000156256,-0.16864702,0.106739303
ENSG00000156261,-0.25708511,0.001152649
ENSG00000156265,-0.076266821,0.531621612
ENSG00000156273,-0.080173823,0.501064563
ENSG00000156299,-0.024048349,0.719173995
ENSG00000156304,-0.014335643,0.893664008
ENSG00000156313,-0.315594449,0.052591709
ENSG00000156345,0.415880726,0.014970999
ENSG00000156374,-0.209778794,0.113336553
ENSG00000156381,-0.002235367,0.984495543
ENSG00000156384,-0.048805712,0.704983541
ENSG00000156398,-0.233311467,0.116409094
ENSG00000156411,0.040575486,0.70550466
ENSG00000156414,-0.004295535,0.908590733
ENSG00000156427,-0.060862734,0.462763541
ENSG00000156453,0.193285574,0.041861651
ENSG00000156463,-0.136329672,0.248070697
ENSG00000156466,0.289613202,0.02575528
ENSG00000156467,0.182267789,0.053419239
ENSG00000156469,0.001850631,0.987776496
ENSG00000156471,0.443641836,0.00151586
ENSG00000156475,0.024576654,0.496654272
ENSG00000156482,0.041830233,0.737009609
ENSG00000156486,0.03864717,0.762674987
ENSG00000156500,0.122297536,0.367527755
ENSG00000156502,0.064680324,0.488095976
ENSG00000156504,-0.310669812,0.006457559
ENSG00000156508,0.154533643,0.175444202
ENSG00000156509,0.000348567,0.996980016
ENSG00000156515,-0.172422879,0.128642122
ENSG00000156521,-0.31498292,0.022445003
ENSG00000156531,0.009337191,0.920479208
ENSG00000156535,-0.070325842,0.574931937
ENSG00000156574,-0.023954905,0.627709208
ENSG00000156587,-0.005151963,0.961743868
ENSG00000156599,-0.231875847,0.02632294
ENSG00000156603,0.038036773,0.725875612
ENSG00000156639,0.021583171,0.832717994
ENSG00000156642,-0.181856139,0.120728033
ENSG00000156650,0.043851769,0.627150688
ENSG00000156671,-0.5628387,1.05E-05
ENSG00000156675,-1.378106237,9.85E-06
ENSG00000156689,-0.157868832,0.205702963
ENSG00000156697,-0.047213026,0.68306123
ENSG00000156709,0.018050607,0.857310136
ENSG00000156711,-0.111825849,0.356052577
ENSG00000156735,-0.175241423,0.144575294
ENSG00000156787,0.020586554,0.857153135
ENSG00000156795,-0.063737053,0.622793693
ENSG00000156802,0.181328243,0.094606034
ENSG00000156804,-0.982681645,2.41E-05
ENSG00000156831,-0.064461612,0.525815548
ENSG00000156853,0.122524311,0.277626645
ENSG00000156858,-0.046171107,0.707047542
ENSG00000156860,-0.181060619,0.01402198
ENSG00000156869,0.658906093,0.000849354
ENSG00000156873,-0.063096479,0.548399492
ENSG00000156875,-0.143826402,0.106838047
ENSG00000156876,0.587868069,0.00157944
ENSG00000156928,-0.314384644,0.004515496
ENSG00000156931,0.467011471,1.10E-07
ENSG00000156958,-0.098789374,0.417409244
ENSG00000156966,0.012214843,0.882451543
ENSG00000156968,-0.023839191,0.762761326
ENSG00000156970,-0.015533989,0.879970944
ENSG00000156973,0.117532143,0.268749568
ENSG00000156976,0.139892587,0.032876289
ENSG00000156983,0.066839329,0.53044028
ENSG00000156990,-0.031798861,0.752462361
ENSG00000157005,0.089518176,0.105304351
ENSG00000157014,-0.233484531,0.05858417
ENSG00000157017,-0.012141499,0.847725561
ENSG00000157020,0.134132492,0.245942729
ENSG00000157021,-0.030453096,0.814410691
ENSG00000157036,-0.44906449,0.003917289
ENSG00000157045,-0.102538219,0.362869737
ENSG00000157064,-0.016352813,0.788480644
ENSG00000157077,0.074697038,0.502845222
ENSG00000157106,-0.08106275,0.424795569
ENSG00000157107,-0.332252237,0.002859784
ENSG00000157110,-0.875237205,4.98E-20
ENSG00000157111,-0.085125178,0.481815527
ENSG00000157150,-2.875816934,1.99E-24
ENSG00000157152,-3.449464985,3.87E-16
ENSG00000157168,0.303679917,0.021050285
ENSG00000157181,-0.050339065,0.623473473
ENSG00000157184,0.178211003,0.175532455
ENSG00000157191,-0.122188863,0.259797083
ENSG00000157193,0.024375629,0.852506758
ENSG00000157212,0.096457408,0.389685855
ENSG00000157214,-1.939003938,2.22E-19
ENSG00000157216,-0.698198994,1.35E-05
ENSG00000157224,-0.364665981,0.001024274
ENSG00000157227,0.100514607,0.36225356
ENSG00000157240,-0.105918908,0.400470173
ENSG00000157259,0.005132599,0.954594722
ENSG00000157303,0.070247546,0.090876977
ENSG00000157306,0.040851371,0.732453009
ENSG00000157315,0.051109818,0.54998935
ENSG00000157322,-0.06508287,0.483794191
ENSG00000157326,-0.120733207,0.27935616
ENSG00000157335,-0.094714542,0.253434602
ENSG00000157343,-0.15633871,0.238864817
ENSG00000157349,-0.088650428,0.429014472
ENSG00000157350,0.194665955,0.085778761
ENSG00000157353,-0.138625097,0.217183856
ENSG00000157368,2.013256111,1.18E-08
ENSG00000157379,0.142442127,0.284554395
ENSG00000157388,0.082919031,0.324043966
ENSG00000157399,0.044829437,0.677344406
ENSG00000157404,0.306397497,0.039162188
ENSG00000157423,0.154240492,0.235167987
ENSG00000157426,0.0727773,0.488364092
ENSG00000157429,0.44515214,0.014386512
ENSG00000157445,0.658743326,0.005691263
ENSG00000157450,-0.097229502,0.232959436
ENSG00000157456,-0.144438449,0.300694149
ENSG00000157470,-0.019007135,0.76671477
ENSG00000157483,-0.804686333,6.69E-05
ENSG00000157500,-0.092570625,0.341778308
ENSG00000157502,-0.123716959,0.013364237
ENSG00000157510,-1.642287042,4.85E-15
ENSG00000157514,-3.260284796,6.13E-21
ENSG00000157538,-0.331694124,0.001607867
ENSG00000157540,-0.091981844,0.284175075
ENSG00000157542,-0.092007851,0.129191489
ENSG00000157551,-0.018447218,0.776538467
ENSG00000157554,-0.035744611,0.65139683
ENSG00000157557,0.039914302,0.719801781
ENSG00000157570,0.097271565,0.425637097
ENSG00000157578,0.881372756,0.002164035
ENSG00000157593,-0.104303887,0.23387897
ENSG00000157600,0.119736332,0.341402486
ENSG00000157601,0.823979348,0.000276485
ENSG00000157613,0.958783636,5.23E-20
ENSG00000157617,-0.990100332,5.76E-05
ENSG00000157625,0.14244121,0.113715043
ENSG00000157637,-0.228586308,0.035457146
ENSG00000157653,0.005834543,0.948815744
ENSG00000157657,0.560304682,0.000580053
ENSG00000157680,-0.449214801,0.027017818
ENSG00000157693,0.211916234,0.080854046
ENSG00000157734,-0.01067334,0.9234721
ENSG00000157741,0.099601546,0.238274155
ENSG00000157764,-0.078801642,0.43060699
ENSG00000157766,-0.032972347,0.484254869
ENSG00000157778,-0.129634316,0.266064849
ENSG00000157782,0.021858162,0.788569138
ENSG00000157796,-0.346527634,0.007015971
ENSG00000157800,-0.033967501,0.774079839
ENSG00000157823,-0.111801414,0.344422018
ENSG00000157827,-0.435489745,0.003140487
ENSG00000157833,-0.049442796,0.694377749
ENSG00000157837,-0.00913209,0.923574761
ENSG00000157869,-0.031523061,0.773580046
ENSG00000157870,-0.172074039,0.122262898
ENSG00000157873,0.190358355,0.187255383
ENSG00000157881,-0.090311027,0.469425734
ENSG00000157890,-0.00774218,0.909015447
ENSG00000157895,0.123285021,0.260874012
ENSG00000157911,0.30373237,0.027505993
ENSG00000157916,-0.223932714,0.000790441
ENSG00000157927,-0.197780634,0.178776201
ENSG00000157933,0.039549899,0.707724468
ENSG00000157954,-0.300002512,0.002768196
ENSG00000157978,-0.08865468,0.44826226
ENSG00000157985,0.007827148,0.938848439
ENSG00000157992,0.086791451,0.395154828
ENSG00000157999,0.157196054,0.19590969
ENSG00000158006,0.144865464,0.180500052
ENSG00000158008,0.080477075,0.462105306
ENSG00000158019,0.004167957,0.965521571
ENSG00000158022,-0.215750452,0.005561334
ENSG00000158023,0.144621656,0.28750537
ENSG00000158042,0.24752173,0.081400804
ENSG00000158050,-0.07022467,0.267172413
ENSG00000158055,0.08180807,0.058210679
ENSG00000158062,0.352100083,0.011904374
ENSG00000158077,0.026620582,0.688480806
ENSG00000158079,-0.900790945,1.50E-10
ENSG00000158089,-0.062759796,0.610297703
ENSG00000158092,0.032854042,0.752916527
ENSG00000158104,-0.384923172,0.033732044
ENSG00000158106,-0.00193552,0.981064991
ENSG00000158109,-0.069595135,0.448873784
ENSG00000158113,-0.171052099,0.231109869
ENSG00000158122,-0.77514187,8.14E-06
ENSG00000158125,-1.001146172,0.002564307
ENSG00000158156,-0.161761634,0.178771484
ENSG00000158158,-0.294950686,0.02764611
ENSG00000158161,0.054516234,0.577596189
ENSG00000158163,-0.16328948,0.218262482
ENSG00000158164,0.067846209,0.430549071
ENSG00000158169,-0.07117894,0.54945204
ENSG00000158186,0.006575075,0.944219104
ENSG00000158195,-0.220790557,0.019469459
ENSG00000158201,-0.674195005,0.000425367
ENSG00000158220,0.012301473,0.876144477
ENSG00000158234,-0.208349033,0.159885327
ENSG00000158246,-2.28896045,5.64E-24
ENSG00000158258,-0.032209704,NA
ENSG00000158270,0.034608994,0.799763054
ENSG00000158286,0.001139256,0.994529546
ENSG00000158290,-0.031798197,0.669246124
ENSG00000158292,0.846629223,2.31E-08
ENSG00000158296,-0.054367714,0.671799364
ENSG00000158301,0.801318555,1.87E-07
ENSG00000158315,0.088895757,0.483898458
ENSG00000158321,-0.208416389,0.159426713
ENSG00000158352,0.108201947,0.422436554
ENSG00000158373,0.247629233,0.096135302
ENSG00000158402,0.001673124,0.985816293
ENSG00000158406,0.257608803,0.100097398
ENSG00000158411,0.08011747,0.470640938
ENSG00000158417,0.007391897,0.930389005
ENSG00000158423,0.697910046,0.011209217
ENSG00000158427,0.297628671,0.07282955
ENSG00000158435,-0.182808921,0.045394304
ENSG00000158445,-0.026202179,0.778917121
ENSG00000158457,-0.023574767,0.718115076
ENSG00000158467,0.635376105,0.000151692
ENSG00000158470,-0.21008046,0.092314121
ENSG00000158473,-0.076376173,0.322090439
ENSG00000158480,0.10428079,0.333086249
ENSG00000158482,-0.056662743,0.604776591
ENSG00000158483,0.217544139,0.148896395
ENSG00000158486,0.027054519,0.564964747
ENSG00000158517,-0.038211476,0.513123696
ENSG00000158526,0.028356555,0.734162612
ENSG00000158528,0.028812175,0.742535932
ENSG00000158545,-0.001719702,0.984633514
ENSG00000158552,0.338144513,0.004223785
ENSG00000158555,-0.477903982,0.023166584
ENSG00000158560,-0.018288284,0.795619165
ENSG00000158571,0.018596789,0.686921143
ENSG00000158604,-0.062914229,0.455946866
ENSG00000158615,0.009577704,0.903753072
ENSG00000158623,0.191695084,0.165726499
ENSG00000158636,0.207614066,0.042733795
ENSG00000158669,0.043324376,0.580594454
ENSG00000158683,0.021850033,0.770672127
ENSG00000158691,0.17224913,0.123307402
ENSG00000158710,0.106620581,0.404746325
ENSG00000158711,-0.092322664,0.376203998
ENSG00000158714,-0.012387965,0.896820472
ENSG00000158715,0.132220855,0.246498628
ENSG00000158716,-1.272236632,4.34E-10
ENSG00000158717,0.050557494,0.655387253
ENSG00000158747,-0.805018024,5.93E-06
ENSG00000158769,-0.10226244,0.236647641
ENSG00000158773,0.158075719,0.192535686
ENSG00000158792,-0.27119634,0.061549114
ENSG00000158793,0.13921272,0.152998309
ENSG00000158796,-0.094403333,0.326398207
ENSG00000158805,-0.089144122,0.485099388
ENSG00000158806,0.87450746,0.00188074
ENSG00000158813,-1.361015683,1.34E-05
ENSG00000158815,0.045321056,0.661721984
ENSG00000158816,-0.094457007,0.083402015
ENSG00000158825,0.019066343,0.850587377
ENSG00000158828,-0.287958507,0.004767833
ENSG00000158850,-0.05336892,0.649466198
ENSG00000158856,0.239938136,0.121959116
ENSG00000158859,-0.060657197,0.623238677
ENSG00000158863,-0.103232314,0.281964568
ENSG00000158864,-0.020553243,0.777389026
ENSG00000158869,0.034529863,0.533951245
ENSG00000158882,0.16629732,0.196840696
ENSG00000158887,0.214016052,0.142832003
ENSG00000158941,-0.050691769,0.539177243
ENSG00000158966,0.106687598,0.431755075
ENSG00000158985,-0.466550648,0.001129886
ENSG00000158987,0.164664248,0.205776925
ENSG00000159023,0.9675208,2.65E-07
ENSG00000159055,0.321913085,0.036948668
ENSG00000159063,-0.076605409,0.494524805
ENSG00000159069,-0.166988797,0.158581603
ENSG00000159079,0.01786133,0.890351097
ENSG00000159082,0.338693834,0.00651232
ENSG00000159086,0.176395971,0.15334888
ENSG00000159110,-0.069274373,0.550379178
ENSG00000159111,0.066498337,0.49648361
ENSG00000159128,0.192957631,0.053712883
ENSG00000159131,-0.102479736,0.304220711
ENSG00000159140,0.019996132,0.805641081
ENSG00000159147,0.011552277,0.921914156
ENSG00000159164,0.086857025,0.487412016
ENSG00000159167,-1.734268256,0.001057631
ENSG00000159176,-0.274421232,0.089205892
ENSG00000159197,-0.03465369,0.474057629
ENSG00000159199,-0.116709119,0.36792936
ENSG00000159200,-0.805232026,0.005069853
ENSG00000159202,-0.090229897,0.164971747
ENSG00000159208,0.146438609,0.286090815
ENSG00000159210,-0.094438835,0.36995903
ENSG00000159212,-0.957310571,3.41E-06
ENSG00000159214,-0.008881337,0.944297107
ENSG00000159216,-0.449853467,2.99E-05
ENSG00000159217,-0.155018893,0.261628244
ENSG00000159224,0.014136037,0.780489746
ENSG00000159228,0.113309149,0.301083204
ENSG00000159231,0.061561858,0.640997992
ENSG00000159239,0.282095917,0.059610055
ENSG00000159251,-0.032905763,0.544841018
ENSG00000159256,0.048068136,0.644101232
ENSG00000159259,0.120949415,0.364669061
ENSG00000159263,-0.20126532,0.149267429
ENSG00000159267,-0.071405687,0.569624791
ENSG00000159289,0.05090956,0.330874794
ENSG00000159307,-0.010650328,0.857948051
ENSG00000159314,0.244515556,0.104304754
ENSG00000159322,-0.058695843,0.405296102
ENSG00000159335,-0.196375695,0.123621027
ENSG00000159346,-0.312808413,0.004749333
ENSG00000159348,0.007235797,0.951989005
ENSG00000159352,0.016371418,0.842380104
ENSG00000159363,-0.348445037,0.011533542
ENSG00000159374,0.025383991,0.585808819
ENSG00000159377,-0.067100812,0.496711337
ENSG00000159388,0.351062328,0.008309503
ENSG00000159399,-0.22104038,0.144121453
ENSG00000159403,-0.177411765,0.138050354
ENSG00000159423,-0.881964185,4.08E-09
ENSG00000159433,-0.007807802,0.996694204
ENSG00000159445,0.349881513,0.01118795
ENSG00000159450,-0.045921124,0.203104481
ENSG00000159459,-0.041203481,0.643532463
ENSG00000159461,-0.114289195,0.30371997
ENSG00000159479,-0.068557695,0.52336961
ENSG00000159496,0.2028485,0.172794946
ENSG00000159556,-0.079181556,0.468215458
ENSG00000159579,0.217402461,0.041016393
ENSG00000159588,0.028808061,0.761967062
ENSG00000159592,-0.039523273,0.642564698
ENSG00000159593,-0.303098221,0.000713556
ENSG00000159596,0.195371586,0.048045945
ENSG00000159640,0.010802725,0.927437681
ENSG00000159658,-0.241523746,0.007743506
ENSG00000159674,0.763461173,0.002537028
ENSG00000159685,0.333972698,0.016690752
ENSG00000159692,0.215954124,0.036767984
ENSG00000159708,0.263389456,0.022458043
ENSG00000159713,1.24774512,0.000620581
ENSG00000159714,0.022847434,0.827752006
ENSG00000159720,0.350581305,2.69E-06
ENSG00000159733,0.050377947,0.644059777
ENSG00000159753,-0.045860232,0.492446555
ENSG00000159761,-0.078210966,0.549926291
ENSG00000159784,0.272667877,0.064831279
ENSG00000159788,0.126890687,0.24990066
ENSG00000159792,-0.282236652,0.001828261
ENSG00000159840,-0.674884542,5.68E-11
ENSG00000159842,0.415884247,0.000104569
ENSG00000159860,-0.305840336,0.069175729
ENSG00000159871,0.036127765,0.658354265
ENSG00000159873,0.19827386,0.061600247
ENSG00000159882,0.176051639,0.16557779
ENSG00000159884,-0.846866802,5.26E-05
ENSG00000159885,0.351257297,0.046745771
ENSG00000159899,-0.16790809,0.140569775
ENSG00000159904,0.156095063,0.20674559
ENSG00000159905,0.249017782,0.113411376
ENSG00000159915,0.576518738,0.00965378
ENSG00000159917,-0.26728741,0.071473565
ENSG00000159921,-0.195267022,0.029683295
ENSG00000160007,0.145647629,0.082774627
ENSG00000160013,-0.350454735,0.047253358
ENSG00000160014,0.155723198,0.041610533
ENSG00000160049,0.107799393,0.301673768
ENSG00000160050,0.409191214,0.01605766
ENSG00000160051,0.11502293,0.382064273
ENSG00000160055,0.159316837,0.230270121
ENSG00000160058,0.162779188,0.051336492
ENSG00000160062,-0.104000541,0.433470412
ENSG00000160072,-0.220418786,0.092173679
ENSG00000160075,-0.119973892,0.109198556
ENSG00000160087,-0.038210346,0.652526404
ENSG00000160094,0.199851977,0.037539979
ENSG00000160097,1.43724218,0.000110865
ENSG00000160111,0.360669658,0.04138742
ENSG00000160113,-0.044309487,0.661535611
ENSG00000160117,-0.035987069,0.716646212
ENSG00000160124,0.042468768,0.73749408
ENSG00000160131,-0.158991042,0.071391718
ENSG00000160145,1.468779247,6.02E-06
ENSG00000160161,-0.021008322,0.713436895
ENSG00000160172,0.644968933,0.004105608
ENSG00000160179,-0.158344285,0.183674398
ENSG00000160188,-0.022282079,0.726067179
ENSG00000160190,-0.075549098,0.431782339
ENSG00000160191,0.044868678,0.522062542
ENSG00000160193,-0.104344524,0.425076614
ENSG00000160194,0.00215803,0.982298983
ENSG00000160199,0.231738881,0.085086557
ENSG00000160200,-1.09500751,3.98E-05
ENSG00000160201,-0.123430558,0.270571079
ENSG00000160207,0.054104404,0.653482978
ENSG00000160208,0.057132708,0.57796624
ENSG00000160209,-0.136413805,0.218671671
ENSG00000160211,0.140975521,0.324232585
ENSG00000160213,-0.240588699,0.079069934
ENSG00000160214,-0.121873657,0.294309736
ENSG00000160216,-0.064214945,0.571497407
ENSG00000160218,-0.287612157,7.38E-05
ENSG00000160219,-0.469220278,0.006642254
ENSG00000160221,-0.065468794,0.385661691
ENSG00000160223,1.096239098,0.004007927
ENSG00000160226,-0.080994782,0.533336401
ENSG00000160229,0.010246424,0.920878461
ENSG00000160233,-0.023117984,0.819630092
ENSG00000160255,0.011428994,0.866255439
ENSG00000160256,-0.823149293,0.000849691
ENSG00000160271,0.346266542,0.011221127
ENSG00000160282,-0.042916998,0.534567091
ENSG00000160284,0.072678943,0.524943036
ENSG00000160285,0.024309233,0.80573428
ENSG00000160293,0.101531586,0.319686222
ENSG00000160294,-0.088424484,0.216111199
ENSG00000160298,0.187196051,0.185600926
ENSG00000160299,0.084231684,0.440659237
ENSG00000160305,0.205500642,0.019607048
ENSG00000160307,0.015702834,0.788123234
ENSG00000160310,0.140872335,0.074854285
ENSG00000160318,-0.054127703,0.497141261
ENSG00000160321,0.018000573,0.83332919
ENSG00000160323,-0.018642516,0.883350862
ENSG00000160325,0.280436804,0.008732911
ENSG00000160326,-0.023173265,0.855523593
ENSG00000160336,0.082251776,0.414716695
ENSG00000160345,0.110452376,0.415384076
ENSG00000160352,0.272101432,0.089435275
ENSG00000160360,0.389979465,0.00043726
ENSG00000160392,0.148229589,0.2480682
ENSG00000160396,0.035446918,0.694527364
ENSG00000160401,-0.156150703,0.260716253
ENSG00000160404,-0.036894753,0.764484909
ENSG00000160408,-0.386772545,7.51E-08
ENSG00000160410,-0.178836218,0.088254231
ENSG00000160439,-0.000667373,0.994633801
ENSG00000160445,0.0079099,0.92640453
ENSG00000160446,-0.830323969,2.11E-08
ENSG00000160447,-0.268548577,0.092074532
ENSG00000160460,1.001062523,8.86E-07
ENSG00000160469,0.343172319,0.017765515
ENSG00000160539,0.000583797,0.99869266
ENSG00000160551,-0.137572454,0.167543447
ENSG00000160563,-0.043757897,0.675686561
ENSG00000160570,0.189509973,0.07946034
ENSG00000160584,-0.031456558,0.736586021
ENSG00000160588,0.064389907,0.364527324
ENSG00000160602,0.034361551,0.78395551
ENSG00000160606,0.085244397,0.523850749
ENSG00000160613,-0.706034362,0.000794635
ENSG00000160633,-0.119927941,0.274030061
ENSG00000160678,0.017765534,0.868665592
ENSG00000160679,0.023484527,0.795161533
ENSG00000160685,0.176467318,0.125153715
ENSG00000160688,-0.10834262,0.34627868
ENSG00000160691,-0.001202836,0.991268009
ENSG00000160695,0.206688589,0.037648142
ENSG00000160703,0.031044059,0.801045803
ENSG00000160710,0.100089171,0.193196772
ENSG00000160712,-0.617677062,2.81E-08
ENSG00000160714,-0.093121612,0.193382921
ENSG00000160716,-0.055164429,0.312955823
ENSG00000160741,-0.271493022,0.013097689
ENSG00000160746,-0.373654319,0.000630122
ENSG00000160752,0.044158753,0.643404907
ENSG00000160753,-0.133920873,0.228458419
ENSG00000160766,0.290678893,0.00050142
ENSG00000160767,-0.209053961,0.06379652
ENSG00000160781,-0.397218275,0.036679689
ENSG00000160783,0.205399994,0.111089872
ENSG00000160785,-0.068260616,0.435348443
ENSG00000160789,-0.109631158,0.310876392
ENSG00000160791,0.051182855,0.186684061
ENSG00000160796,-0.295428888,0.039524134
ENSG00000160799,-0.089767931,0.426644249
ENSG00000160801,-0.040024109,0.758062818
ENSG00000160803,0.173573445,0.104875638
ENSG00000160808,-0.055078364,0.60727906
ENSG00000160813,-0.026655428,0.831473947
ENSG00000160818,-0.341747998,0.033242216
ENSG00000160828,0.105961442,0.353497456
ENSG00000160838,-0.043009591,0.3191231
ENSG00000160867,0.531147538,0.003071234
ENSG00000160868,0.032956344,0.560993439
ENSG00000160870,0.03559993,NA
ENSG00000160877,-0.147194863,0.184581754
ENSG00000160886,0.056655519,0.495657373
ENSG00000160888,0.287700403,0.018553181
ENSG00000160908,-0.030030027,0.791143327
ENSG00000160917,0.247789613,0.020138992
ENSG00000160932,0.152113156,0.186237693
ENSG00000160948,-0.022317304,0.842849909
ENSG00000160949,-0.062914232,0.580258001
ENSG00000160951,0.217186495,0.042804872
ENSG00000160953,0.150586367,0.194534905
ENSG00000160957,-0.025303579,0.837700401
ENSG00000160959,0.047237056,0.666961126
ENSG00000160961,0.124241517,0.243923119
ENSG00000160972,-0.00873918,0.942269061
ENSG00000160973,0.013051743,0.811966262
ENSG00000160991,0.45645065,0.001838507
ENSG00000160993,0.117200682,0.346514654
ENSG00000160999,0.07177248,0.521532393
ENSG00000161010,0.336167365,0.004984905
ENSG00000161011,0.687783955,2.05E-07
ENSG00000161013,-0.188548701,0.107719496
ENSG00000161016,-0.00042456,0.990409225
ENSG00000161021,-0.144201433,0.076109769
ENSG00000161036,-0.115909189,0.336983868
ENSG00000161040,0.427716839,0.022142669
ENSG00000161048,0.221915998,0.079128027
ENSG00000161057,0.044347248,0.537272582
ENSG00000161091,-0.431101432,0.000696263
ENSG00000161103,-0.410179178,0.034304623
ENSG00000161132,-0.070642676,0.400128445
ENSG00000161133,-0.127193094,0.322209486
ENSG00000161149,0.167483412,0.05188351
ENSG00000161179,-0.225719086,0.128951371
ENSG00000161180,0.053169986,0.489796032
ENSG00000161202,0.009110754,0.936678622
ENSG00000161203,-0.077328276,0.462265912
ENSG00000161204,0.070164534,0.480673287
ENSG00000161217,-0.106623846,0.16861649
ENSG00000161243,-0.007768284,0.947711809
ENSG00000161249,0.083322434,0.49520701
ENSG00000161265,0.242791248,0.11465997
ENSG00000161267,-1.371201567,3.46E-08
ENSG00000161277,0.021248501,0.855805524
ENSG00000161281,-0.291754907,0.009549214
ENSG00000161298,0.208282015,0.158481331
ENSG00000161326,-0.439506762,0.000537534
ENSG00000161328,0.542334877,0.006997915
ENSG00000161381,1.107070236,1.21E-05
ENSG00000161395,0.003764254,0.974815365
ENSG00000161509,-0.006782466,0.916621542
ENSG00000161513,0.734296643,0.002863424
ENSG00000161526,-0.025533915,0.770720537
ENSG00000161533,0.086689115,0.312046577
ENSG00000161542,0.088750085,0.508692301
ENSG00000161544,0.258578197,0.052355193
ENSG00000161547,-0.075594994,0.472827895
ENSG00000161551,-0.072627476,0.576390291
ENSG00000161558,0.215325137,0.110900458
ENSG00000161570,-0.003460433,0.950834173
ENSG00000161583,0.037505083,0.766715972
ENSG00000161594,-0.019843746,0.792035943
ENSG00000161618,-0.031027326,0.79671497
ENSG00000161638,0.002628678,0.979535354
ENSG00000161642,0.662207235,0.001388408
ENSG00000161647,-1.534145987,2.70E-21
ENSG00000161653,0.161289925,0.253591615
ENSG00000161654,-0.080324637,0.338381512
ENSG00000161664,0.295757651,0.076064872
ENSG00000161671,-0.034100616,0.782074229
ENSG00000161677,-0.346404254,0.033343197
ENSG00000161681,0.172779919,0.229902331
ENSG00000161682,0.832312772,3.32E-05
ENSG00000161692,0.135398016,0.305898728
ENSG00000161714,0.021012476,0.864732638
ENSG00000161791,0.298966397,0.008455034
ENSG00000161800,-0.10212987,0.445826381
ENSG00000161813,-0.751063366,2.23E-08
ENSG00000161835,0.220836357,0.139917671
ENSG00000161847,-0.112186607,0.383723166
ENSG00000161860,-0.036292757,0.671555472
ENSG00000161888,-0.099972865,0.417239322
ENSG00000161896,-0.039700809,0.639831982
ENSG00000161904,-0.078965737,0.330204783
ENSG00000161912,0.046727641,0.717884675
ENSG00000161914,-0.055379816,0.672239279
ENSG00000161920,0.117185028,0.35775797
ENSG00000161921,0.705632435,0.000146576
ENSG00000161929,0.049567434,0.313596214
ENSG00000161955,-0.127799474,0.352779312
ENSG00000161956,-0.057637709,0.620793651
ENSG00000161958,-0.011100502,0.918899372
ENSG00000161960,0.002435263,0.986302068
ENSG00000161970,-0.005975504,0.974516713
ENSG00000161973,0.0266539,0.601406571
ENSG00000161980,-0.207607318,0.145757632
ENSG00000161981,0.10731516,0.375119902
ENSG00000161996,-0.053405106,0.644507938
ENSG00000161999,0.005732819,0.959643171
ENSG00000162004,-0.53239952,0.014583644
ENSG00000162032,-0.01517626,0.7433073
ENSG00000162039,-0.023562347,0.709179701
ENSG00000162062,0.059080711,0.568014864
ENSG00000162063,0.035682518,0.783573545
ENSG00000162065,-0.0203057,0.844756596
ENSG00000162066,0.580275069,0.001383469
ENSG00000162068,0.155277426,0.177891862
ENSG00000162073,-0.262773926,0.09883305
ENSG00000162076,-0.128837785,0.228905702
ENSG00000162086,0.101279616,0.399857823
ENSG00000162104,-0.103067608,0.344281844
ENSG00000162105,0.056744421,0.644378411
ENSG00000162129,0.19884903,0.14959196
ENSG00000162139,0.223086623,0.141596408
ENSG00000162144,0.134628162,0.252671967
ENSG00000162148,0.061720022,0.640472297
ENSG00000162174,-0.069201391,0.253068564
ENSG00000162191,-0.049425536,0.634998478
ENSG00000162194,-0.20254047,0.120828808
ENSG00000162222,-0.077119921,0.40792187
ENSG00000162227,-0.024336264,0.850149669
ENSG00000162231,-0.12017819,0.211919294
ENSG00000162236,-0.031324451,0.725542214
ENSG00000162241,0.107227224,0.427507499
ENSG00000162244,0.019489275,0.885831425
ENSG00000162267,-0.185155003,0.010264904
ENSG00000162290,-0.075127035,0.397059022
ENSG00000162298,-0.291674302,0.000507917
ENSG00000162300,-0.04546502,0.725901855
ENSG00000162302,-0.09383621,0.445116355
ENSG00000162337,-0.110899896,0.3850012
ENSG00000162341,-0.542653935,7.41E-05
ENSG00000162366,-0.03385207,0.449982001
ENSG00000162368,-0.377240654,0.000518688
ENSG00000162373,0.089393349,0.10667771
ENSG00000162377,-0.174471586,0.112949051
ENSG00000162378,-0.000541364,0.991286818
ENSG00000162383,0.43930558,0.009800233
ENSG00000162384,0.146943405,0.116323868
ENSG00000162385,-0.092541485,0.374141679
ENSG00000162390,0.176268103,0.222855456
ENSG00000162391,-0.019752129,0.774542274
ENSG00000162396,0.030880883,0.806430036
ENSG00000162402,0.133184121,0.315551306
ENSG00000162407,0.933063669,9.74E-07
ENSG00000162408,0.008731887,0.935212821
ENSG00000162409,-0.112197678,0.358825108
ENSG00000162413,-0.356197018,0.010130244
ENSG00000162415,0.267691979,0.089606375
ENSG00000162419,0.066289411,0.559629976
ENSG00000162426,-1.258997875,1.46E-16
ENSG00000162430,-0.058329491,0.634541597
ENSG00000162433,-0.013467204,0.914597631
ENSG00000162434,-0.206391691,0.041147875
ENSG00000162437,0.074922919,0.56574328
ENSG00000162441,0.369606535,0.001807423
ENSG00000162458,-0.427930077,0.000333591
ENSG00000162461,-0.219248106,0.140015982
ENSG00000162482,0.042114855,0.696323735
ENSG00000162490,0.056162281,0.287767946
ENSG00000162493,-1.326970575,0.002547469
ENSG00000162496,-0.877746091,0.001773129
ENSG00000162510,0.151219249,0.113577221
ENSG00000162511,-0.107003453,0.162360103
ENSG00000162512,0.432437037,0.00109991
ENSG00000162517,0.045587467,0.612159791
ENSG00000162520,0.322014215,0.021966832
ENSG00000162521,0.152479526,0.066145385
ENSG00000162522,0.107462711,0.404462279
ENSG00000162526,0.270570701,0.048253513
ENSG00000162542,0.044855304,0.62597739
ENSG00000162543,0.052567607,0.36222798
ENSG00000162545,-0.651238455,0.001882332
ENSG00000162551,-0.048784034,0.600687277
ENSG00000162572,0.120623812,0.3404445
ENSG00000162576,-0.088622158,0.376377719
ENSG00000162585,-0.018490531,0.878329703
ENSG00000162591,-0.011636786,0.897007857
ENSG00000162595,0.137680287,0.130343414
ENSG00000162598,-0.392778685,0.01299554
ENSG00000162599,-0.161610094,0.24195522
ENSG00000162600,0.058012746,0.631764743
ENSG00000162601,-0.014628369,0.863342551
ENSG00000162604,-0.561387624,0.000594707
ENSG00000162607,0.065166243,0.511854539
ENSG00000162613,-0.006252412,0.957346986
ENSG00000162614,-2.01168554,6.92E-41
ENSG00000162616,-1.501751064,5.43E-35
ENSG00000162618,0.20771379,0.155736923
ENSG00000162620,-0.042637844,0.579722408
ENSG00000162623,-0.044543857,0.700130389
ENSG00000162627,0.12689017,0.159724614
ENSG00000162630,-2.585349469,1.55E-06
ENSG00000162631,0.127470777,0.098922388
ENSG00000162636,0.357770485,0.011674136
ENSG00000162639,0.117233363,0.390667535
ENSG00000162641,-0.238435261,0.091086579
ENSG00000162642,-0.015905037,0.876883411
ENSG00000162643,1.516229966,1.73E-11
ENSG00000162645,0.210064487,0.071510921
ENSG00000162650,-0.439624827,0.003566888
ENSG00000162654,0.52616959,0.014048441
ENSG00000162664,0.463174496,1.71E-08
ENSG00000162669,0.016071812,0.786973653
ENSG00000162676,-0.010064223,0.85920296
ENSG00000162687,-0.787807246,0.000348315
ENSG00000162688,-0.328354192,0.017967886
ENSG00000162692,3.549211397,2.36E-28
ENSG00000162694,0.391330083,8.78E-07
ENSG00000162695,-0.267749789,0.01387935
ENSG00000162702,0.068749561,0.584495354
ENSG00000162704,-0.865624554,6.40E-17
ENSG00000162711,0.039775905,0.464199246
ENSG00000162714,0.216447857,0.038227915
ENSG00000162722,0.059384546,0.608875711
ENSG00000162729,-0.133723207,0.332202704
ENSG00000162733,-0.09510437,0.424674625
ENSG00000162734,0.054498582,0.665257463
ENSG00000162735,-0.175695422,0.06840029
ENSG00000162736,-0.057043899,0.618541616
ENSG00000162738,0.085184109,0.199416433
ENSG00000162745,0.199518809,0.120519094
ENSG00000162746,0.090706377,0.392805776
ENSG00000162755,-0.015613378,0.836756826
ENSG00000162757,0.195427487,0.178676489
ENSG00000162769,-0.126939477,0.336051544
ENSG00000162772,-1.858934372,3.43E-09
ENSG00000162775,-0.17678765,0.104327382
ENSG00000162777,0.210106647,0.138372079
ENSG00000162779,-0.03304953,0.483421849
ENSG00000162783,-0.026206946,0.827823423
ENSG00000162804,0.037280316,0.762937777
ENSG00000162813,0.022558985,0.836118169
ENSG00000162814,0.103409313,0.378704162
ENSG00000162817,-0.033673746,NA
ENSG00000162819,-0.035710512,0.753396157
ENSG00000162825,0.131702823,0.29258795
ENSG00000162836,0.124995816,0.356353535
ENSG00000162840,-0.158194757,0.041329638
ENSG00000162849,0.061700564,0.513550693
ENSG00000162851,-0.219968715,0.06865944
ENSG00000162852,-0.118580669,0.359076193
ENSG00000162869,-0.430612518,0.001410869
ENSG00000162877,-0.002228368,0.964279582
ENSG00000162878,-1.413204464,5.73E-07
ENSG00000162881,0.167748163,0.05977812
ENSG00000162882,0.447509828,0.027063441
ENSG00000162885,0.262668957,0.052569998
ENSG00000162888,-0.02361039,0.768269666
ENSG00000162889,-0.228152126,0.018719451
ENSG00000162892,-0.092651339,0.102672511
ENSG00000162894,-0.155448245,0.04128436
ENSG00000162909,-0.093845078,0.261529574
ENSG00000162910,0.128292249,0.275196492
ENSG00000162913,0.074231743,0.400753334
ENSG00000162923,-0.09315659,0.276057448
ENSG00000162924,0.328250132,0.025131914
ENSG00000162927,0.233525927,0.090056557
ENSG00000162928,-0.055714066,0.601611039
ENSG00000162929,0.315242414,0.022716202
ENSG00000162931,0.433852008,0.022202169
ENSG00000162944,0.751290394,1.86E-05
ENSG00000162946,0.052295057,0.691916926
ENSG00000162959,0.156564117,0.240166927
ENSG00000162961,-0.374233538,0.002629992
ENSG00000162971,0.236072381,0.040514624
ENSG00000162972,-0.002662709,0.980387487
ENSG00000162975,0.251167761,0.023466596
ENSG00000162976,-0.291005269,0.037653676
ENSG00000162980,-0.137009014,0.105649302
ENSG00000162981,-0.086417229,0.29695307
ENSG00000162994,0.020816241,0.871998841
ENSG00000162997,-0.034307979,0.750027738
ENSG00000162998,-1.539295148,4.93E-05
ENSG00000162999,0.069460522,0.598008763
ENSG00000163001,0.197370526,0.059096671
ENSG00000163002,-0.114116441,0.397638
ENSG00000163006,0.247297569,0.114199435
ENSG00000163012,-0.025938038,0.726020617
ENSG00000163013,0.045896531,0.709835641
ENSG00000163017,-1.250842873,0.004028423
ENSG00000163026,-0.067992064,0.508892125
ENSG00000163029,-0.139397786,0.158845723
ENSG00000163040,0.349826617,0.008707432
ENSG00000163041,0.180510122,0.004762539
ENSG00000163050,0.285981157,0.036851294
ENSG00000163053,0.102232101,0.419549134
ENSG00000163060,0.013264353,0.795351478
ENSG00000163064,-0.008948461,0.858985148
ENSG00000163067,0.093327312,0.438334267
ENSG00000163069,-0.47780552,4.05E-06
ENSG00000163071,0.249028428,0.095086331
ENSG00000163072,-0.717958961,0.006000005
ENSG00000163082,-0.033795627,0.5917812
ENSG00000163083,-3.376474005,5.34E-08
ENSG00000163092,-0.003914147,0.943086361
ENSG00000163093,0.279425723,0.055897024
ENSG00000163104,0.079656285,0.292335265
ENSG00000163110,-1.549243219,1.72E-20
ENSG00000163113,-0.168490791,0.079274785
ENSG00000163116,0.023593647,0.612248591
ENSG00000163125,0.19687119,0.02865792
ENSG00000163126,0.059256401,0.488377885
ENSG00000163131,0.73370162,0.003756099
ENSG00000163132,0.037196054,0.754963571
ENSG00000163138,0.041236792,0.718788898
ENSG00000163141,0.020263589,0.758126481
ENSG00000163145,-0.232630065,0.12402549
ENSG00000163155,-0.082579345,0.484542427
ENSG00000163156,-0.040882744,0.688781776
ENSG00000163159,0.049724583,0.545744606
ENSG00000163161,0.068196417,0.385099717
ENSG00000163162,-0.169238529,0.096964112
ENSG00000163166,0.11622641,0.335557246
ENSG00000163170,-0.040649611,0.747281551
ENSG00000163171,-1.402271751,1.18E-07
ENSG00000163191,-0.088815654,0.337102607
ENSG00000163214,0.120714663,0.245612867
ENSG00000163219,0.06418487,0.607524943
ENSG00000163249,-0.258319767,0.01099637
ENSG00000163251,-2.343548061,4.96E-10
ENSG00000163257,-0.085246312,0.364148737
ENSG00000163281,-0.229830906,0.051608462
ENSG00000163291,-0.188720659,0.115399129
ENSG00000163293,-0.069828234,0.147312459
ENSG00000163297,-0.302815713,0.033713541
ENSG00000163312,0.10381295,0.328216325
ENSG00000163319,-0.02040589,0.865191195
ENSG00000163320,-0.283325797,0.003970415
ENSG00000163322,0.113961303,0.298976189
ENSG00000163328,0.270180522,0.058266955
ENSG00000163344,0.06173592,0.590665489
ENSG00000163346,0.058273775,0.47718581
ENSG00000163347,0.167098897,0.014221576
ENSG00000163348,0.107336596,0.27191756
ENSG00000163349,-0.219903746,0.026369907
ENSG00000163354,-0.004008303,0.969480484
ENSG00000163357,-0.055180142,0.438853078
ENSG00000163359,0.292052034,0.011758059
ENSG00000163364,-0.100219592,0.400350958
ENSG00000163374,0.099557836,0.194101881
ENSG00000163376,0.226423246,0.097330545
ENSG00000163378,-1.216706311,7.90E-13
ENSG00000163382,-0.127345097,0.19363678
ENSG00000163386,0.205288694,0.082069787
ENSG00000163389,-0.14278416,0.239953823
ENSG00000163393,-0.124937052,0.35938813
ENSG00000163394,0.154902306,0.021333412
ENSG00000163399,-0.390860863,5.61E-08
ENSG00000163406,0.264356926,0.037439302
ENSG00000163412,-0.035580391,0.779960337
ENSG00000163428,-0.121026069,0.233526585
ENSG00000163430,-0.824326326,1.74E-05
ENSG00000163431,-1.036686851,7.58E-06
ENSG00000163444,-0.126010396,0.110229754
ENSG00000163449,0.63890492,0.015409369
ENSG00000163453,-0.003310085,0.957304199
ENSG00000163462,-0.031619819,0.794361014
ENSG00000163463,-0.016408075,0.897902437
ENSG00000163466,-0.103230858,0.201389806
ENSG00000163467,0.141664973,0.14607889
ENSG00000163468,-0.094036891,0.416653378
ENSG00000163472,0.147142581,0.271788524
ENSG00000163479,0.154579329,0.025275815
ENSG00000163481,-0.058729406,0.53628842
ENSG00000163482,0.228094389,0.009195382
ENSG00000163485,1.33796971,0.000508847
ENSG00000163486,0.171178663,0.057876406
ENSG00000163491,2.427582727,1.68E-25
ENSG00000163492,-0.00619142,0.903164097
ENSG00000163507,0.095448432,0.405917743
ENSG00000163510,0.197515651,0.064188826
ENSG00000163512,0.030859768,0.766457687
ENSG00000163513,-1.414275568,4.99E-17
ENSG00000163516,-0.226600976,0.031734093
ENSG00000163517,0.047636035,0.646183403
ENSG00000163520,0.082819232,0.465083874
ENSG00000163521,0.14940252,0.287291797
ENSG00000163527,-0.298518376,0.005031871
ENSG00000163528,0.238543333,0.085975783
ENSG00000163531,-0.165509212,0.231212138
ENSG00000163535,0.167529136,0.214078135
ENSG00000163536,-0.023701722,0.836222551
ENSG00000163539,-0.039580125,0.694397282
ENSG00000163541,0.103453502,0.296478015
ENSG00000163545,-0.538452918,0.018445989
ENSG00000163554,0.185297426,0.036653265
ENSG00000163558,0.061051802,0.534106875
ENSG00000163564,-0.026912228,0.48871868
ENSG00000163565,0.407175417,0.002028183
ENSG00000163576,0.139078467,0.25136596
ENSG00000163577,-0.46600805,0.002974678
ENSG00000163584,-0.051612315,0.692284025
ENSG00000163590,0.121161022,0.372975399
ENSG00000163596,0.014644529,0.911347982
ENSG00000163597,0.027294762,0.81570803
ENSG00000163602,-0.243131526,0.023507556
ENSG00000163605,0.039555394,0.625658221
ENSG00000163606,0.082323592,0.142069778
ENSG00000163607,0.056058126,0.605742978
ENSG00000163608,0.029805647,0.749878749
ENSG00000163611,0.434260663,0.001400696
ENSG00000163612,-0.075905716,0.210483696
ENSG00000163617,0.170485787,0.176957027
ENSG00000163618,0.002348021,0.959979168
ENSG00000163623,-0.310769242,0.018399722
ENSG00000163624,0.044055304,0.635234214
ENSG00000163625,-0.187855983,0.116509488
ENSG00000163626,0.058547931,0.567032123
ENSG00000163629,0.396744745,0.00072712
ENSG00000163631,0.013769475,0.773433489
ENSG00000163632,0.025207758,0.725702025
ENSG00000163633,0.257710678,0.093787352
ENSG00000163634,-0.127234923,0.22453124
ENSG00000163635,-0.215630525,0.018265333
ENSG00000163636,-0.069335022,0.414660444
ENSG00000163637,-0.492127254,0.003694709
ENSG00000163638,-0.32348671,0.061485063
ENSG00000163644,-0.287601915,0.063270078
ENSG00000163645,0.025354845,0.468640696
ENSG00000163655,0.044049071,0.515715731
ENSG00000163659,-0.548981085,3.66E-06
ENSG00000163660,-0.454548218,0.000275081
ENSG00000163661,-2.123540202,1.07E-11
ENSG00000163666,-0.076735139,0.528801924
ENSG00000163681,-0.317505634,0.03151157
ENSG00000163682,0.01137193,0.928665692
ENSG00000163683,-0.359682977,0.018062142
ENSG00000163684,0.086883708,0.408577253
ENSG00000163686,-0.391485321,0.014543009
ENSG00000163689,0.18437089,0.201128646
ENSG00000163694,-0.005435577,0.954012524
ENSG00000163697,-1.06185198,1.19E-24
ENSG00000163701,-0.05677479,0.66219767
ENSG00000163702,-0.216896645,0.061229405
ENSG00000163703,-0.010388593,0.924777932
ENSG00000163704,0.113996515,0.338501774
ENSG00000163710,0.021311942,0.789596362
ENSG00000163714,0.054226309,0.544768485
ENSG00000163719,-0.481663852,1.07E-05
ENSG00000163728,-0.106889367,0.270771587
ENSG00000163734,-0.040000882,0.515650063
ENSG00000163735,-0.068311499,0.388234787
ENSG00000163738,-0.175734274,0.215921572
ENSG00000163739,-0.048219528,NA
ENSG00000163743,0.035635474,0.746764988
ENSG00000163749,0.240338478,0.120387873
ENSG00000163754,-0.19543765,0.044218918
ENSG00000163755,0.29755812,0.00116909
ENSG00000163781,-0.154483103,0.136869189
ENSG00000163785,-0.011610593,0.86517354
ENSG00000163788,-0.376689116,0.000345501
ENSG00000163794,0.005474088,0.960950901
ENSG00000163795,-0.031121493,0.790761996
ENSG00000163798,-0.000698177,0.993459291
ENSG00000163803,-1.330996124,8.73E-06
ENSG00000163806,0.12072016,0.297284473
ENSG00000163807,0.019786015,0.851868908
ENSG00000163808,0.083137933,0.512707333
ENSG00000163811,0.03328399,0.757968637
ENSG00000163812,-0.456984912,4.65E-05
ENSG00000163814,0.066103026,0.587121717
ENSG00000163815,0.029067862,0.730306734
ENSG00000163818,0.430213266,0.000246912
ENSG00000163820,0.313673136,0.019475171
ENSG00000163823,1.315265608,0.002527852
ENSG00000163827,0.013383216,0.892113514
ENSG00000163832,0.168105504,0.114668274
ENSG00000163840,0.053711337,0.615911958
ENSG00000163848,-0.068009965,0.440968008
ENSG00000163864,0.075289396,0.450143574
ENSG00000163866,-0.227092326,0.087442534
ENSG00000163867,-0.028085771,0.796695509
ENSG00000163870,-0.32920054,0.001050519
ENSG00000163872,-0.073567491,0.526575767
ENSG00000163874,-0.139396496,0.26968949
ENSG00000163875,-0.102759837,0.383817219
ENSG00000163877,-0.322396176,0.003958082
ENSG00000163879,0.470238102,5.57E-05
ENSG00000163882,-0.044476672,0.708618255
ENSG00000163884,-4.505251386,1.29E-28
ENSG00000163888,0.041456994,0.558930525
ENSG00000163898,-0.013362504,0.814573738
ENSG00000163900,-0.248662523,0.048245442
ENSG00000163902,-0.20359699,0.034131979
ENSG00000163904,-0.074324848,0.446653357
ENSG00000163909,-0.020786349,0.654187004
ENSG00000163913,-0.104887109,0.263228815
ENSG00000163918,0.13604486,0.306305511
ENSG00000163923,-0.052147121,0.66875969
ENSG00000163930,-0.083427167,0.373773341
ENSG00000163931,0.488879157,0.011343948
ENSG00000163932,-0.114357371,0.292105423
ENSG00000163933,-0.144289096,0.27239939
ENSG00000163935,0.066186583,0.612928792
ENSG00000163938,0.09591859,0.411927297
ENSG00000163939,0.136656436,0.161603222
ENSG00000163945,0.024175894,0.848072221
ENSG00000163946,-0.025187431,0.80252087
ENSG00000163947,0.755181513,0.000371373
ENSG00000163950,-0.202971799,0.013432325
ENSG00000163956,0.129722605,0.17095846
ENSG00000163959,0.068850921,0.599435217
ENSG00000163960,-0.009855439,0.917248594
ENSG00000163961,-0.178037713,0.115199989
ENSG00000163964,-0.180583682,0.096929875
ENSG00000163975,0.003391781,0.981582053
ENSG00000163982,0.108287682,0.138141924
ENSG00000163995,-0.073531242,NA
ENSG00000164002,0.008998544,0.946035007
ENSG00000164008,0.312465115,0.013984723
ENSG00000164010,0.330364199,0.023192885
ENSG00000164011,0.264833467,0.034545271
ENSG00000164022,0.008124714,0.939369094
ENSG00000164023,-0.492079454,0.000500071
ENSG00000164024,-0.033346839,0.70656095
ENSG00000164031,-0.307433491,0.00031201
ENSG00000164032,-0.079309961,0.517584345
ENSG00000164037,0.064666624,0.58140047
ENSG00000164038,-0.227733075,0.027959074
ENSG00000164039,0.40286007,0.00096277
ENSG00000164040,0.089674686,0.448656977
ENSG00000164045,0.09126334,0.484076397
ENSG00000164048,0.549965765,5.88E-06
ENSG00000164049,-0.162646179,0.029942288
ENSG00000164050,-0.759675048,3.13E-10
ENSG00000164051,-0.327118618,0.04172457
ENSG00000164053,-0.111762531,0.38154411
ENSG00000164054,-0.141802635,0.033425558
ENSG00000164056,-0.209872469,0.150804138
ENSG00000164061,0.381347898,0.041247313
ENSG00000164062,-0.056528348,0.559625091
ENSG00000164066,-0.096119549,0.471152665
ENSG00000164068,-0.075802967,0.508911024
ENSG00000164070,1.203611035,1.19E-07
ENSG00000164073,-0.058978867,0.563246432
ENSG00000164074,0.017590141,0.875451813
ENSG00000164077,-0.082861792,0.447448703
ENSG00000164078,0.037144887,0.637232174
ENSG00000164080,-0.066680896,0.484984246
ENSG00000164081,-0.293827472,0.00060727
ENSG00000164086,-0.002815303,0.980526328
ENSG00000164087,0.084080291,0.52859191
ENSG00000164088,0.012430348,0.890738047
ENSG00000164091,-0.001874279,0.976707249
ENSG00000164093,-0.039467225,0.580895305
ENSG00000164096,0.316292127,0.051718565
ENSG00000164099,0.1583651,0.194085064
ENSG00000164100,-0.006874653,0.899624555
ENSG00000164104,-1.177799034,4.42E-10
ENSG00000164105,-1.188733302,1.15E-13
ENSG00000164106,-1.07943146,0.00304494
ENSG00000164107,-0.143564296,0.078795755
ENSG00000164109,-0.036827834,0.771771433
ENSG00000164111,-0.129374085,0.283178805
ENSG00000164112,-0.311133582,0.049722392
ENSG00000164114,-0.042511979,0.698178698
ENSG00000164116,0.134042313,0.303588207
ENSG00000164117,-0.126104525,0.229997548
ENSG00000164118,-0.141183981,0.222359396
ENSG00000164122,-1.147234958,0.00564548
ENSG00000164124,0.045743418,0.713661396
ENSG00000164125,-1.108972101,1.38E-30
ENSG00000164134,-0.153200137,0.222925237
ENSG00000164136,-0.057203772,0.662324908
ENSG00000164142,-1.554110831,0.002930204
ENSG00000164144,0.044698295,0.634307841
ENSG00000164151,-0.129323842,0.181378184
ENSG00000164161,-0.116343294,0.133093323
ENSG00000164162,-0.049397749,0.677698353
ENSG00000164163,-0.167892107,0.16656831
ENSG00000164164,-0.339964824,0.004259742
ENSG00000164167,-0.337322629,0.01474928
ENSG00000164168,-0.233199201,0.04771729
ENSG00000164169,0.140511145,0.208817833
ENSG00000164171,0.931681609,8.68E-06
ENSG00000164172,0.399277427,0.000805544
ENSG00000164176,-0.009858969,0.945846501
ENSG00000164180,-0.144898368,0.186525874
ENSG00000164182,0.020516193,0.863905009
ENSG00000164185,-0.63817534,0.013915645
ENSG00000164187,-0.081498208,0.485043986
ENSG00000164188,-0.032210069,0.620857188
ENSG00000164190,-0.011147137,0.895786483
ENSG00000164197,-0.170280794,0.159611671
ENSG00000164199,0.011902395,0.802101232
ENSG00000164209,-0.110745924,0.197988782
ENSG00000164211,0.213958056,0.094372513
ENSG00000164219,0.00820095,0.942558452
ENSG00000164220,0.222071026,0.136768125
ENSG00000164221,-0.025479714,0.825006981
ENSG00000164236,0.096826614,0.451789689
ENSG00000164237,0.785051834,3.43E-05
ENSG00000164241,-0.074964818,0.570057077
ENSG00000164244,0.180244212,0.071675406
ENSG00000164251,0.075384457,0.567167789
ENSG00000164252,0.007848272,0.92495306
ENSG00000164253,0.010962063,0.911909914
ENSG00000164258,0.114670961,0.211163571
ENSG00000164283,0.183045345,0.148274248
ENSG00000164284,0.193317913,0.096008287
ENSG00000164291,-0.823504284,8.55E-13
ENSG00000164292,-0.949287674,7.84E-06
ENSG00000164294,0.526123834,8.58E-12
ENSG00000164296,-0.061577788,0.621120858
ENSG00000164300,0.177506714,0.163078753
ENSG00000164303,0.089427373,0.348038835
ENSG00000164305,-0.686157871,1.27E-07
ENSG00000164306,0.06290993,0.617216091
ENSG00000164307,0.182293071,0.085972227
ENSG00000164308,0.020501985,0.769999276
ENSG00000164309,0.035250249,0.777240916
ENSG00000164318,0.007994153,0.925978268
ENSG00000164323,-0.132192373,0.177419972
ENSG00000164327,-0.178239817,0.066434309
ENSG00000164329,-0.058671629,0.557577266
ENSG00000164330,-1.04356017,1.49E-07
ENSG00000164331,0.068083446,0.574021736
ENSG00000164332,-0.251136086,0.009103486
ENSG00000164338,-0.158415801,0.20830131
ENSG00000164342,0.358031458,0.046547304
ENSG00000164344,0.046670496,0.398034843
ENSG00000164346,0.069873382,0.524713514
ENSG00000164347,0.014056097,0.913576593
ENSG00000164366,-0.121855966,0.241725074
ENSG00000164379,0.457916641,0.014683165
ENSG00000164385,0.014068893,0.820415315
ENSG00000164398,-0.038994866,0.680184379
ENSG00000164402,0.336774297,1.57E-05
ENSG00000164403,0.052087059,0.602610661
ENSG00000164404,-0.048071672,0.489695876
ENSG00000164405,0.000940302,0.991519245
ENSG00000164406,0.00088598,0.994871182
ENSG00000164414,0.02171414,0.864355344
ENSG00000164418,0.014141067,0.865957579
ENSG00000164430,-0.111217156,0.398829633
ENSG00000164434,0.13063034,0.080767462
ENSG00000164440,0.544843086,0.012323062
ENSG00000164442,-1.525964168,1.29E-09
ENSG00000164463,-0.313489622,0.037521557
ENSG00000164465,0.445317045,0.004035366
ENSG00000164466,-0.019698615,0.867133358
ENSG00000164483,0.995109678,0.003352412
ENSG00000164484,1.189658051,3.57E-22
ENSG00000164494,0.158471259,0.080408196
ENSG00000164506,-0.339281249,0.002313658
ENSG00000164509,0.210616761,0.053413371
ENSG00000164512,0.105013349,0.273543884
ENSG00000164520,0.104768324,0.198459199
ENSG00000164530,0.053112139,0.263861483
ENSG00000164535,-0.376138476,0.000887563
ENSG00000164542,0.336233008,0.056041738
ENSG00000164543,0.39627887,0.028643748
ENSG00000164548,0.209121724,0.11965643
ENSG00000164574,-0.40627946,0.000722301
ENSG00000164576,-0.210940356,0.100952064
ENSG00000164587,-0.005923298,0.957629324
ENSG00000164591,0.187742146,0.139250336
ENSG00000164597,0.185075874,0.061072126
ENSG00000164603,-0.187466646,0.116360607
ENSG00000164604,0.363278205,0.045951523
ENSG00000164609,-0.151002356,0.102119246
ENSG00000164610,0.356709806,0.018506941
ENSG00000164611,0.049401885,0.706785603
ENSG00000164615,-0.048114093,0.671097635
ENSG00000164619,1.29474,2.54E-05
ENSG00000164620,0.003605755,0.978278505
ENSG00000164627,-0.000656671,0.991445985
ENSG00000164631,-0.032096386,0.712510616
ENSG00000164638,0.564969985,0.012302421
ENSG00000164647,-1.532001899,2.21E-28
ENSG00000164649,0.176447268,0.15939151
ENSG00000164654,-0.250211856,0.023212767
ENSG00000164659,0.039273324,0.725430695
ENSG00000164663,0.259804697,0.024167519
ENSG00000164669,-0.007823454,0.950484371
ENSG00000164674,0.151659041,0.280726757
ENSG00000164675,-0.021922907,0.826909445
ENSG00000164684,-0.052077713,0.479690475
ENSG00000164687,-0.119945203,0.349345042
ENSG00000164691,0.076460528,0.116091866
ENSG00000164692,0.395461645,0.000255516
ENSG00000164694,0.275191997,0.08549363
ENSG00000164707,-0.029612648,0.819061158
ENSG00000164713,-0.26206209,0.008946806
ENSG00000164715,-0.075828133,0.550208769
ENSG00000164733,-0.112944357,0.421084867
ENSG00000164741,-0.034070799,0.774106103
ENSG00000164742,0.103855953,0.048594641
ENSG00000164743,0.168297404,0.239827084
ENSG00000164751,-0.047359983,0.613203861
ENSG00000164754,-0.469770086,0.000307422
ENSG00000164758,-0.269967063,0.066554349
ENSG00000164761,1.376011504,8.13E-06
ENSG00000164764,0.06797594,0.549689271
ENSG00000164776,0.408301051,0.034644549
ENSG00000164808,-0.27416034,0.001785594
ENSG00000164815,-0.050828658,0.639636514
ENSG00000164818,0.095233908,0.412159608
ENSG00000164823,-0.06340159,0.601564787
ENSG00000164828,-0.139683273,0.284404624
ENSG00000164830,0.136562572,0.214492492
ENSG00000164845,0.193093825,0.188821476
ENSG00000164849,-0.0799574,0.363480782
ENSG00000164850,0.627606717,0.000349561
ENSG00000164855,-0.050361685,0.578909526
ENSG00000164867,0.023967916,0.634248084
ENSG00000164877,0.2225007,0.071231304
ENSG00000164880,0.065774098,0.554832344
ENSG00000164885,-0.086476047,0.485642426
ENSG00000164889,-0.234600028,0.011797108
ENSG00000164896,0.012529952,0.906118412
ENSG00000164897,0.020096411,0.847235094
ENSG00000164898,-0.057602073,0.503828249
ENSG00000164902,-0.010596946,0.898572097
ENSG00000164904,-0.11642037,0.348900742
ENSG00000164916,-0.106417301,0.243053921
ENSG00000164919,0.035385858,0.710963747
ENSG00000164920,0.631531483,0.000435038
ENSG00000164924,-0.115293739,0.240980048
ENSG00000164929,0.76632883,0.009675035
ENSG00000164930,-0.812148727,0.000536981
ENSG00000164932,-0.141059593,0.125739333
ENSG00000164933,-0.82187663,7.59E-12
ENSG00000164934,-0.235841212,0.069485889
ENSG00000164938,0.254635603,0.014394923
ENSG00000164941,0.086707969,0.356621711
ENSG00000164944,0.005992981,0.939141925
ENSG00000164946,-0.06367316,0.33857788
ENSG00000164949,-0.423506885,0.009574482
ENSG00000164951,0.018943742,0.89104397
ENSG00000164953,0.168043029,0.149954883
ENSG00000164961,0.09613171,0.219841974
ENSG00000164967,0.083303966,0.460737859
ENSG00000164970,0.078673139,0.386983975
ENSG00000164972,0.000853301,0.991436545
ENSG00000164975,0.040205949,0.729794385
ENSG00000164976,-0.004178608,0.971823538
ENSG00000164978,-0.032870478,0.794384031
ENSG00000164983,0.110418949,0.381431845
ENSG00000164985,0.425665048,0.000148997
ENSG00000164989,0.472442571,0.010804154
ENSG00000165006,-0.03045388,0.728465972
ENSG00000165023,0.746042635,0.011056826
ENSG00000165028,0.150847965,0.248429318
ENSG00000165029,-0.054517249,0.670607803
ENSG00000165030,-1.084211742,1.02E-08
ENSG00000165046,-0.127059942,0.342099046
ENSG00000165055,0.005429001,0.958244506
ENSG00000165060,0.12357308,0.34602027
ENSG00000165071,0.011789753,0.904440763
ENSG00000165072,-1.596535771,0.002457082
ENSG00000165078,0.312369383,0.066746824
ENSG00000165084,0.005608651,0.96128318
ENSG00000165091,-0.023697599,0.700011343
ENSG00000165092,0.030282029,0.639379675
ENSG00000165097,0.13223601,0.184381785
ENSG00000165102,0.025608102,0.836812706
ENSG00000165105,1.268127001,0.003176592
ENSG00000165113,0.173513042,0.223684899
ENSG00000165115,0.045532099,0.709074891
ENSG00000165118,-0.145937256,0.10069409
ENSG00000165119,-0.139985822,0.118297952
ENSG00000165121,0.230390156,0.133950317
ENSG00000165124,-0.498653755,0.009889318
ENSG00000165125,-1.352346893,0.0009903
ENSG00000165138,0.006501754,0.95356368
ENSG00000165152,-0.190719531,0.191962273
ENSG00000165156,0.269470922,0.012090256
ENSG00000165169,-0.065766325,0.593496228
ENSG00000165171,-0.001462954,0.984937851
ENSG00000165175,0.078492104,0.545440715
ENSG00000165178,-0.028642503,0.583494555
ENSG00000165181,0.022404878,0.714030901
ENSG00000165185,0.051048572,0.697099609
ENSG00000165194,0.084478127,0.347026282
ENSG00000165195,-0.794476086,3.50E-05
ENSG00000165197,0.546147481,0.014566012
ENSG00000165202,0.05046872,0.385354279
ENSG00000165209,0.021591006,0.868172253
ENSG00000165219,-0.147485378,0.076767411
ENSG00000165233,-0.106861885,0.378906098
ENSG00000165240,0.337105636,0.001876572
ENSG00000165244,-0.965799279,0.001112898
ENSG00000165246,0.013437948,0.802525816
ENSG00000165259,-0.07600013,0.555840652
ENSG00000165264,-0.114247336,0.328692187
ENSG00000165269,0.166715417,0.023655706
ENSG00000165271,0.068253505,0.606079491
ENSG00000165272,2.83687114,6.69E-11
ENSG00000165275,0.031980397,0.789892953
ENSG00000165280,-0.012473272,0.872071157
ENSG00000165282,0.162423737,0.1366896
ENSG00000165283,-0.144406165,0.127143745
ENSG00000165288,0.074021276,0.462287159
ENSG00000165300,0.017626696,0.667194724
ENSG00000165304,-0.191558466,0.127818717
ENSG00000165312,-0.201373867,0.13407697
ENSG00000165322,-0.146027847,0.177352117
ENSG00000165323,0.337602539,0.057058148
ENSG00000165338,0.20972162,0.058037076
ENSG00000165349,-0.053904507,0.33211092
ENSG00000165355,-0.186424351,0.114161143
ENSG00000165359,0.207781644,0.11138381
ENSG00000165376,-0.015500437,0.818519055
ENSG00000165379,0.015145564,0.773185212
ENSG00000165383,-0.224383892,0.088148379
ENSG00000165388,2.150331307,0.001173593
ENSG00000165389,0.036401984,0.763555462
ENSG00000165390,0.077317519,0.205443434
ENSG00000165392,-0.060029087,0.587314532
ENSG00000165406,0.143624581,0.245364462
ENSG00000165410,-0.123506822,0.179179506
ENSG00000165416,-0.016277824,0.867318741
ENSG00000165417,0.05372948,0.523398342
ENSG00000165424,-0.031709459,0.759083325
ENSG00000165434,0.16763243,0.242592508
ENSG00000165449,-0.009470076,0.876283166
ENSG00000165458,-0.081341658,0.440450688
ENSG00000165475,0.17112658,0.165534904
ENSG00000165476,-0.31790909,0.023041345
ENSG00000165480,-0.046862179,0.652718227
ENSG00000165487,0.038885479,0.701213339
ENSG00000165490,-0.004271718,0.968516613
ENSG00000165494,-0.138586174,0.155691795
ENSG00000165495,1.969881501,2.19E-05
ENSG00000165501,-0.028621362,0.818507001
ENSG00000165502,0.076943988,0.354354653
ENSG00000165506,-0.11244263,0.301332687
ENSG00000165507,-1.524217745,2.28E-09
ENSG00000165509,-0.000770379,0.990844603
ENSG00000165511,-0.004243154,0.97213712
ENSG00000165512,-0.341130827,0.028766708
ENSG00000165516,-0.305334695,0.012749583
ENSG00000165521,0.088762841,0.488410003
ENSG00000165525,-0.119215095,0.197802803
ENSG00000165526,-0.066246513,0.487758665
ENSG00000165527,-0.293819105,0.019847511
ENSG00000165533,0.532587957,1.64E-06
ENSG00000165555,0.157109655,0.186778444
ENSG00000165568,0.067996114,0.586517997
ENSG00000165572,0.072059671,0.466991573
ENSG00000165591,0.028395395,0.617251266
ENSG00000165609,0.068581836,0.565005624
ENSG00000165617,-0.131045274,0.326886264
ENSG00000165626,-0.001504458,0.990534006
ENSG00000165629,-0.101603953,0.174436197
ENSG00000165630,-0.007656162,0.948668753
ENSG00000165632,0.16022351,0.134491638
ENSG00000165633,-0.582301426,6.52E-07
ENSG00000165637,-0.490588057,1.33E-05
ENSG00000165644,-0.913017784,2.58E-05
ENSG00000165646,-0.360950577,0.027750404
ENSG00000165650,-0.166306817,0.157871662
ENSG00000165655,0.062259068,0.638943124
ENSG00000165659,0.073644489,0.083631076
ENSG00000165660,-0.156679165,0.124372096
ENSG00000165661,-0.1404215,0.10847346
ENSG00000165669,0.168558716,0.072700673
ENSG00000165671,0.157653825,0.12280506
ENSG00000165672,-0.208784952,0.018426891
ENSG00000165675,-0.479997977,0.000267807
ENSG00000165678,-0.054430547,0.504309766
ENSG00000165684,0.179242854,0.098489352
ENSG00000165685,0.008551403,0.880086946
ENSG00000165688,-0.135550586,0.14209497
ENSG00000165689,-0.195863161,0.071401049
ENSG00000165695,-0.055401302,0.644564072
ENSG00000165698,0.193319736,0.119778634
ENSG00000165699,-0.025333759,0.781090835
ENSG00000165704,-0.101647299,0.394613146
ENSG00000165714,0.259545888,0.071242975
ENSG00000165716,-0.012754223,0.894853821
ENSG00000165724,-0.011940911,0.904951233
ENSG00000165730,-0.17564931,0.017954769
ENSG00000165731,0.187132775,0.133439353
ENSG00000165732,-0.436529246,0.002200641
ENSG00000165733,-0.00804039,0.933745702
ENSG00000165752,-0.010947481,0.928781115
ENSG00000165757,-0.148117117,0.176822455
ENSG00000165775,-0.249046781,0.01366654
ENSG00000165782,-0.167661339,0.122775508
ENSG00000165792,0.083859434,0.464303841
ENSG00000165795,-0.145632667,0.290577982
ENSG00000165801,0.804271477,1.42E-05
ENSG00000165802,-0.92144015,8.31E-12
ENSG00000165804,0.069319389,0.601687413
ENSG00000165806,0.105567982,0.399216985
ENSG00000165807,0.005104327,0.961039116
ENSG00000165813,0.172610077,0.112524705
ENSG00000165816,0.167558991,0.053890488
ENSG00000165819,-0.231974038,0.017956167
ENSG00000165821,0.763398805,1.89E-08
ENSG00000165832,0.14646973,0.164565393
ENSG00000165837,-0.022163488,0.643650919
ENSG00000165861,-0.100811212,0.360118379
ENSG00000165868,0.375831535,0.043207834
ENSG00000165874,-0.480512419,0.000965653
ENSG00000165879,0.048897155,0.71009039
ENSG00000165886,0.026156935,0.81907663
ENSG00000165887,-0.040017482,0.591750963
ENSG00000165891,1.308145425,4.39E-05
ENSG00000165895,1.180127562,1.52E-05
ENSG00000165898,-0.258580395,0.044209245
ENSG00000165899,-1.553611269,0.000294011
ENSG00000165912,0.237687199,0.020423379
ENSG00000165914,0.068654695,0.471552629
ENSG00000165915,-0.585709528,1.84E-07
ENSG00000165916,-0.18480492,0.016269003
ENSG00000165917,0.006535786,0.893634825
ENSG00000165923,0.029277626,0.822547526
ENSG00000165929,-0.388877501,0.026032661
ENSG00000165934,-0.002876305,0.97351561
ENSG00000165943,-0.32804834,0.005182276
ENSG00000165948,-0.048277138,0.676990688
ENSG00000165949,0.112640122,0.309808214
ENSG00000165959,-0.065151603,0.524944856
ENSG00000165966,0.045879155,0.325959763
ENSG00000165972,0.066233844,0.274340101
ENSG00000165983,-0.178010058,0.150455201
ENSG00000165985,0.001635145,0.987892945
ENSG00000165995,-3.241271746,1.14E-26
ENSG00000165996,-0.875431275,3.99E-09
ENSG00000165997,0.186972174,0.109928085
ENSG00000166002,0.123121332,0.36483808
ENSG00000166004,0.016561072,0.880932209
ENSG00000166012,-0.166653198,0.049782993
ENSG00000166016,-0.132012507,0.33559061
ENSG00000166024,-0.180355025,0.115103033
ENSG00000166025,0.004693059,0.972501873
ENSG00000166033,0.101924659,0.463048491
ENSG00000166035,0.495563025,0.018282523
ENSG00000166037,0.270234226,0.002634709
ENSG00000166046,0.023738928,0.842001471
ENSG00000166068,-0.281910166,0.025821279
ENSG00000166073,0.118741742,0.376179971
ENSG00000166086,-0.08093425,0.43258197
ENSG00000166106,-0.324561884,0.053968052
ENSG00000166123,0.48554362,0.000738713
ENSG00000166128,-0.066965122,0.551738516
ENSG00000166130,-0.091205395,0.453071307
ENSG00000166133,0.002238916,0.985423544
ENSG00000166135,-0.015550958,0.869310781
ENSG00000166136,-0.062018,0.637008078
ENSG00000166140,0.093541201,0.403718086
ENSG00000166145,-0.03383691,0.497256155
ENSG00000166147,0.016640085,0.87302456
ENSG00000166148,0.001863907,0.941284563
ENSG00000166153,0.040763811,0.694271701
ENSG00000166164,0.023339701,0.822678996
ENSG00000166165,-0.652832065,0.001342374
ENSG00000166166,-0.296666147,0.006664411
ENSG00000166167,0.218187378,0.032662512
ENSG00000166169,0.049651749,0.639057109
ENSG00000166170,-0.222613779,0.007070882
ENSG00000166171,0.40652824,0.002703354
ENSG00000166173,0.351762532,0.002087546
ENSG00000166181,-0.047730301,0.522850074
ENSG00000166188,-0.012173136,0.915011215
ENSG00000166189,-0.450179661,0.000468546
ENSG00000166192,0.184718183,0.202478306
ENSG00000166197,-0.119383071,0.278924256
ENSG00000166199,-0.142181828,0.228754793
ENSG00000166200,0.105395752,0.196381039
ENSG00000166206,0.008186891,0.898268645
ENSG00000166224,0.023244352,0.829722194
ENSG00000166225,0.109209387,0.273036611
ENSG00000166226,-0.113838279,0.316528104
ENSG00000166228,0.076493314,0.488408585
ENSG00000166233,-0.000978987,0.990077925
ENSG00000166246,0.031180308,0.780209189
ENSG00000166250,0.217115569,0.111482605
ENSG00000166257,0.159998057,0.094953223
ENSG00000166260,-0.971685485,9.89E-07
ENSG00000166261,-0.049177011,0.669052637
ENSG00000166262,0.385494045,0.028911303
ENSG00000166263,-0.708599495,0.00058679
ENSG00000166265,0.033736557,0.389062944
ENSG00000166266,-0.05641901,0.524652274
ENSG00000166272,-0.654037145,9.17E-07
ENSG00000166275,-0.096642164,0.409966063
ENSG00000166278,0.260149753,0.101168877
ENSG00000166289,-0.378572451,0.036365826
ENSG00000166292,-1.040346259,0.00183685
ENSG00000166295,-0.184075329,0.071314214
ENSG00000166311,0.115849747,0.177156392
ENSG00000166313,-0.169465633,0.022391733
ENSG00000166317,-0.108618508,0.223539025
ENSG00000166321,0.194122293,0.184193094
ENSG00000166323,0.293130258,0.0427519
ENSG00000166326,0.000513226,0.998029741
ENSG00000166333,-0.052771847,0.669782708
ENSG00000166337,0.111398465,0.24424329
ENSG00000166340,0.261692741,0.002801206
ENSG00000166341,0.65048506,1.83E-07
ENSG00000166342,0.016294507,0.712596443
ENSG00000166343,-0.076316235,0.559332421
ENSG00000166347,-0.545821443,1.94E-05
ENSG00000166348,0.406081865,0.01120646
ENSG00000166349,0.066596949,0.611520491
ENSG00000166352,0.164302142,0.201029079
ENSG00000166359,0.128121597,0.23621368
ENSG00000166377,-0.089004093,0.334338618
ENSG00000166387,-0.368901993,0.009752766
ENSG00000166394,-0.370778816,0.004092794
ENSG00000166396,-0.005759125,0.940389885
ENSG00000166398,-0.467756915,0.000478625
ENSG00000166401,-0.600170593,3.92E-06
ENSG00000166402,0.342080214,0.008517473
ENSG00000166411,-0.188372484,0.089192364
ENSG00000166428,0.079241108,0.313062535
ENSG00000166432,0.058819752,0.5845681
ENSG00000166435,0.270889376,0.090268979
ENSG00000166436,0.176301217,0.183565996
ENSG00000166439,0.282297902,0.020189084
ENSG00000166441,0.074598708,0.479509609
ENSG00000166444,-0.096935613,0.428960743
ENSG00000166446,-0.352833147,0.049126345
ENSG00000166448,0.255790848,0.099269009
ENSG00000166450,0.359242482,0.04236808
ENSG00000166451,-0.245555543,0.093804461
ENSG00000166452,-0.046828446,0.646038741
ENSG00000166454,0.196047587,0.017647252
ENSG00000166455,0.223260267,0.059556624
ENSG00000166471,-0.082236046,0.44876701
ENSG00000166473,1.08349372,0.001014604
ENSG00000166477,0.123784648,0.252742315
ENSG00000166478,-0.119215368,0.292149853
ENSG00000166479,0.17396213,0.019034193
ENSG00000166482,0.949731982,6.84E-24
ENSG00000166483,-0.399957229,0.02492402
ENSG00000166484,-0.775267342,3.56E-07
ENSG00000166492,0.194402884,0.181004653
ENSG00000166503,0.090782192,0.385141696
ENSG00000166507,0.025716107,0.743018471
ENSG00000166508,0.209040825,0.130785997
ENSG00000166510,-0.151705996,0.08094147
ENSG00000166526,0.55217451,8.41E-09
ENSG00000166529,0.057478636,0.648486594
ENSG00000166532,0.24939579,0.017018029
ENSG00000166535,0.014639743,0.702721192
ENSG00000166546,0.049599407,0.372642784
ENSG00000166548,-0.149868025,0.164754518
ENSG00000166557,0.107449599,0.264804917
ENSG00000166562,0.068785623,0.605246943
ENSG00000166575,0.034056368,0.723192447
ENSG00000166578,0.045682729,0.710827305
ENSG00000166579,-0.327123069,0.000422438
ENSG00000166582,0.155962944,0.264799613
ENSG00000166592,1.382079557,9.15E-07
ENSG00000166595,-0.150837897,0.11213043
ENSG00000166596,-0.056806803,0.462319875
ENSG00000166598,0.08988066,0.495756732
ENSG00000166619,-0.050641211,0.646459086
ENSG00000166664,-0.001291175,0.98023989
ENSG00000166667,0.122873337,0.336063436
ENSG00000166669,-0.001737797,0.983313139
ENSG00000166670,2.120934283,0.001774739
ENSG00000166676,0.077933575,0.264099957
ENSG00000166681,-0.348032651,0.001292058
ENSG00000166682,0.009095587,0.884153788
ENSG00000166685,0.043585701,0.602260923
ENSG00000166689,-0.008191057,0.922236027
ENSG00000166704,0.187291231,0.14836706
ENSG00000166707,-0.069705816,0.579561828
ENSG00000166710,0.092359262,0.342002915
ENSG00000166716,-0.119019767,0.167118553
ENSG00000166734,-0.028788371,0.790135167
ENSG00000166741,-2.133125799,3.73E-34
ENSG00000166747,-0.197346401,0.023296009
ENSG00000166750,0.106096742,0.30205717
ENSG00000166762,1.264102058,0.002441724
ENSG00000166763,0.00532902,0.94511066
ENSG00000166770,0.027594592,0.830409656
ENSG00000166780,-0.456989136,0.001724618
ENSG00000166783,0.182386714,0.076963404
ENSG00000166788,0.212500233,0.12369462
ENSG00000166793,1.146007028,9.94E-07
ENSG00000166794,-0.011439038,0.897279829
ENSG00000166796,-0.003007375,0.948269262
ENSG00000166797,-0.115741771,0.292852545
ENSG00000166800,0.04321779,0.595533307
ENSG00000166801,0.038925988,0.761220553
ENSG00000166803,0.018664534,0.870838012
ENSG00000166813,-0.016056874,0.898057648
ENSG00000166816,-0.448371462,0.024231616
ENSG00000166819,-0.008873373,0.896434023
ENSG00000166821,-0.023152362,0.843415457
ENSG00000166822,-0.071459389,0.546884245
ENSG00000166823,-0.010444076,0.872378751
ENSG00000166825,-1.02438069,6.60E-09
ENSG00000166831,0.155200225,0.260681922
ENSG00000166833,0.121350924,0.373945208
ENSG00000166839,0.078999101,0.546003714
ENSG00000166840,0.157530513,0.076864475
ENSG00000166845,0.303440767,0.043541605
ENSG00000166847,0.014538025,0.888378997
ENSG00000166848,0.164325056,0.094024955
ENSG00000166851,0.114725352,0.399687121
ENSG00000166855,-0.176447795,0.046904586
ENSG00000166860,0.176115315,0.145851687
ENSG00000166863,0.127713317,0.237070447
ENSG00000166881,0.043679686,0.711043697
ENSG00000166886,-0.020525435,0.853132261
ENSG00000166887,-0.093611775,0.132702637
ENSG00000166888,-0.169905002,0.090772766
ENSG00000166889,0.016390396,0.875373054
ENSG00000166896,0.193208016,0.188699749
ENSG00000166897,0.070815313,0.172757808
ENSG00000166900,-0.058414689,0.640355074
ENSG00000166902,-0.065036664,0.531084814
ENSG00000166908,0.055890623,0.592955866
ENSG00000166912,-0.634456345,0.000261321
ENSG00000166913,-0.135187148,0.017011222
ENSG00000166920,0.038093695,0.424248769
ENSG00000166922,0.202525623,0.165646554
ENSG00000166923,0.096249069,0.440812581
ENSG00000166924,0.0523963,0.575696349
ENSG00000166925,-0.097719355,0.367369237
ENSG00000166938,-0.069262314,0.562613597
ENSG00000166946,-0.360386984,0.004929094
ENSG00000166947,-0.366228439,0.044747911
ENSG00000166949,0.337216155,0.00397066
ENSG00000166960,0.089048886,0.11836178
ENSG00000166963,0.690504763,6.72E-06
ENSG00000166965,0.144452477,0.284073435
ENSG00000166971,0.004722988,0.963718024
ENSG00000166974,0.783024063,4.22E-06
ENSG00000166979,-1.263506924,1.16E-07
ENSG00000166986,0.316055175,0.003895516
ENSG00000166987,0.062110742,0.593533942
ENSG00000166997,0.421852098,0.001010995
ENSG00000167004,0.108086323,0.302423059
ENSG00000167005,-0.014621748,0.861727097
ENSG00000167034,-0.024785629,0.847299911
ENSG00000167046,6.21E-05,0.999292806
ENSG00000167065,-0.006278175,0.959496614
ENSG00000167074,0.148822186,0.288580452
ENSG00000167077,0.031274702,0.694143012
ENSG00000167080,0.015208759,0.766485573
ENSG00000167081,0.111378079,0.418183687
ENSG00000167085,-0.143651951,0.086872401
ENSG00000167088,-0.140684991,0.229020867
ENSG00000167094,-0.055463053,0.42224974
ENSG00000167100,0.104471369,0.418316814
ENSG00000167103,0.232555855,0.118982436
ENSG00000167105,0.277856106,0.072137625
ENSG00000167106,0.79418409,0.000157372
ENSG00000167107,-0.074621908,0.532794645
ENSG00000167110,0.156181696,0.123795272
ENSG00000167112,0.106269447,0.366249734
ENSG00000167113,0.161887755,0.140048631
ENSG00000167114,-0.394562454,0.001498318
ENSG00000167118,-0.080752752,0.493374646
ENSG00000167123,0.041602525,0.715992617
ENSG00000167130,0.192159735,0.134005617
ENSG00000167136,-0.125883094,0.335616483
ENSG00000167157,0.124928908,0.284429077
ENSG00000167173,0.042080782,0.731226766
ENSG00000167178,0.022199103,0.631801304
ENSG00000167182,0.008866706,0.918233244
ENSG00000167183,0.040871726,0.378788613
ENSG00000167186,0.257423004,0.01321191
ENSG00000167191,-1.753764682,3.30E-08
ENSG00000167193,-0.244960386,0.003810707
ENSG00000167196,0.36839668,0.008250716
ENSG00000167202,0.095752558,0.288071799
ENSG00000167216,0.14782148,0.294241119
ENSG00000167220,0.131642445,0.223331409
ENSG00000167232,0.132739985,0.313228175
ENSG00000167244,-0.060403079,0.52243199
ENSG00000167257,0.204781648,0.086479298
ENSG00000167258,-0.030409038,0.7300381
ENSG00000167264,-0.032664508,0.780256781
ENSG00000167272,0.084984025,0.497746141
ENSG00000167280,0.237791043,0.022958667
ENSG00000167281,0.0254968,0.651496123
ENSG00000167283,-0.062772683,0.535523658
ENSG00000167291,-0.486160077,0.00057585
ENSG00000167302,-0.229600755,0.091966404
ENSG00000167306,0.190737874,0.15248151
ENSG00000167311,0.191663319,0.068236913
ENSG00000167315,-0.12972244,0.237542353
ENSG00000167323,-0.332136936,0.013446896
ENSG00000167325,0.144729075,0.154869289
ENSG00000167333,0.206434795,0.084831196
ENSG00000167363,0.049947114,0.703412238
ENSG00000167371,0.430190968,0.02772518
ENSG00000167377,-0.059681207,0.649225348
ENSG00000167378,0.034868497,0.757298507
ENSG00000167380,0.442474311,0.000407359
ENSG00000167383,0.054813347,0.656153389
ENSG00000167384,0.292805832,0.039290395
ENSG00000167393,0.304343833,0.014030921
ENSG00000167394,-0.244399483,0.06176222
ENSG00000167395,-0.056620498,0.551770222
ENSG00000167397,-0.228800779,0.094117393
ENSG00000167447,-0.083710282,0.362247305
ENSG00000167460,-0.700803896,4.47E-10
ENSG00000167461,-0.127425337,0.196877722
ENSG00000167468,0.324843695,0.003014873
ENSG00000167470,0.159675097,0.113677791
ENSG00000167483,0.085914424,0.472959413
ENSG00000167487,-0.131920259,0.325457265
ENSG00000167491,0.082015678,0.399748387
ENSG00000167508,-0.013765746,0.910133998
ENSG00000167513,0.101738669,0.422199657
ENSG00000167515,0.190793103,0.034250442
ENSG00000167522,0.009544502,0.941122957
ENSG00000167523,0.013108121,0.920270523
ENSG00000167524,0.016502308,0.862096051
ENSG00000167525,0.022293208,0.862712548
ENSG00000167526,-0.011797685,0.932286512
ENSG00000167528,-0.128044142,0.2450268
ENSG00000167535,-0.047127541,0.622222789
ENSG00000167536,-0.084918013,0.50124836
ENSG00000167543,-0.419028703,0.004236852
ENSG00000167548,-0.103194848,0.381611345
ENSG00000167549,-2.293337162,1.36E-16
ENSG00000167550,-0.524131938,0.020118494
ENSG00000167552,1.111461813,2.21E-07
ENSG00000167553,0.740565588,0.000118284
ENSG00000167554,0.367442719,0.031583441
ENSG00000167555,0.331454146,0.022277436
ENSG00000167562,0.048444289,0.688054297
ENSG00000167565,0.088783951,0.457777069
ENSG00000167566,0.109258504,0.21995205
ENSG00000167578,-0.46897209,0.007482843
ENSG00000167588,0.002112384,0.976087425
ENSG00000167595,0.040910381,0.742283254
ENSG00000167600,0.107459966,0.418669977
ENSG00000167601,-0.149716289,0.048502269
ENSG00000167604,-0.057627722,0.660363502
ENSG00000167608,0.105468771,0.362746711
ENSG00000167612,0.012123394,0.82013766
ENSG00000167614,-0.099785453,0.275131271
ENSG00000167615,-0.150417885,0.069993296
ENSG00000167617,-0.011433663,0.916151527
ENSG00000167625,-0.074461036,0.530428816
ENSG00000167632,-0.182584535,0.051751948
ENSG00000167635,0.130052277,0.223801104
ENSG00000167637,0.319294651,0.031239444
ENSG00000167641,-2.688798279,1.53E-10
ENSG00000167642,-1.571864236,0.00111454
ENSG00000167645,-1.083400036,1.58E-09
ENSG00000167646,0.052803498,0.402859208
ENSG00000167653,0.07056765,NA
ENSG00000167657,-0.379309286,0.001618903
ENSG00000167658,0.049487932,0.549381448
ENSG00000167670,-0.117929718,0.327472018
ENSG00000167671,-0.092648858,0.194125111
ENSG00000167674,0.053154529,0.516863384
ENSG00000167676,0.157390106,0.207805934
ENSG00000167680,0.286147382,0.057853172
ENSG00000167685,0.177519648,0.076375004
ENSG00000167693,0.069506269,0.600177432
ENSG00000167695,-0.012713158,0.92461734
ENSG00000167699,0.224079263,0.012213621
ENSG00000167700,-0.006336302,0.958927497
ENSG00000167701,0.012094617,0.920091767
ENSG00000167702,-0.553328804,0.002595352
ENSG00000167703,0.161589013,0.255241266
ENSG00000167705,-0.54589004,0.000819836
ENSG00000167711,-0.432060922,0.018450024
ENSG00000167716,-0.120180423,0.359998326
ENSG00000167720,0.103651663,0.388014924
ENSG00000167721,-0.110944233,0.369799285
ENSG00000167723,-0.030393144,0.813445606
ENSG00000167733,-0.041114273,0.736590236
ENSG00000167740,0.061572436,0.597563053
ENSG00000167747,0.169364654,0.223108347
ENSG00000167765,-0.13655942,0.240825372
ENSG00000167766,0.187850894,0.054445902
ENSG00000167767,-0.097448522,0.238394664
ENSG00000167770,-0.147336512,0.07199997
ENSG00000167771,1.3316468,4.02E-08
ENSG00000167772,-0.091971335,0.33601917
ENSG00000167775,0.200543976,0.154576945
ENSG00000167778,-0.205023008,0.061464982
ENSG00000167779,-0.082478297,0.427789118
ENSG00000167780,-0.061328771,0.213794315
ENSG00000167785,0.023463066,0.802674613
ENSG00000167792,-0.104295546,0.348924438
ENSG00000167797,-0.771980461,2.97E-06
ENSG00000167799,-0.043624247,0.715902206
ENSG00000167815,0.212498389,0.043055702
ENSG00000167840,0.018270433,0.8866435
ENSG00000167842,-0.003941833,0.972128706
ENSG00000167861,-0.009807924,0.923269914
ENSG00000167862,-0.03612436,0.766412796
ENSG00000167863,-0.248344231,0.029277775
ENSG00000167874,0.098738996,0.24403617
ENSG00000167881,0.083452084,0.366727336
ENSG00000167889,0.024007175,0.771524157
ENSG00000167900,0.082488608,0.527550769
ENSG00000167904,0.237199058,0.040288142
ENSG00000167912,0.141325608,0.308078016
ENSG00000167920,-0.066511632,0.606633973
ENSG00000167925,-0.379360262,0.024363336
ENSG00000167930,-0.158948367,0.140745887
ENSG00000167945,-0.010549746,0.849581375
ENSG00000167962,-0.293454782,0.039727624
ENSG00000167964,0.161756469,0.212241281
ENSG00000167965,0.194887748,0.095083896
ENSG00000167967,-0.099724007,0.349578248
ENSG00000167968,0.048953942,0.592062498
ENSG00000167969,-0.360091477,0.009987414
ENSG00000167971,0.03962525,0.474690644
ENSG00000167972,-0.021366876,0.8398035
ENSG00000167977,-0.050735813,0.605590933
ENSG00000167978,0.01230166,0.899102659
ENSG00000167981,0.0533654,0.678656597
ENSG00000167984,0.068670611,0.563931145
ENSG00000167985,-0.414439742,0.010042824
ENSG00000167986,0.0016552,0.984492641
ENSG00000167987,-0.074733656,0.404708589
ENSG00000167992,1.394789732,1.67E-07
ENSG00000167994,-0.046778855,0.682483657
ENSG00000167995,0.631950686,0.000409491
ENSG00000167996,-0.007994661,0.942085896
ENSG00000168000,-0.064501865,0.620892942
ENSG00000168002,-0.00777114,0.93154946
ENSG00000168003,0.123203818,0.339797627
ENSG00000168004,-0.033742815,0.524843259
ENSG00000168005,-0.08604152,0.418180084
ENSG00000168010,0.41050375,0.005577807
ENSG00000168014,-0.039651289,0.752060954
ENSG00000168016,0.041978241,0.732025502
ENSG00000168026,0.023703672,0.85461025
ENSG00000168028,0.02374977,0.850039206
ENSG00000168032,-0.08521963,0.470314678
ENSG00000168036,-0.083673545,0.257810706
ENSG00000168038,-0.047819568,0.694440021
ENSG00000168040,-0.048342351,0.710043161
ENSG00000168056,-0.047142952,0.652341341
ENSG00000168060,0.059804166,0.601931871
ENSG00000168061,0.190588368,0.191406314
ENSG00000168062,0.760750981,0.010228292
ENSG00000168066,-0.081155396,0.360777831
ENSG00000168067,0.057167784,0.62679436
ENSG00000168071,0.133739977,0.326465467
ENSG00000168077,0.576212579,2.08E-07
ENSG00000168078,0.031337023,0.78556693
ENSG00000168079,-0.100761801,0.099583028
ENSG00000168090,0.149199467,0.13261457
ENSG00000168092,-0.453470045,6.82E-06
ENSG00000168096,0.04533727,0.647591577
ENSG00000168101,-0.307625922,0.014741883
ENSG00000168116,0.289609687,0.041090186
ENSG00000168118,-0.164335466,0.162841538
ENSG00000168137,0.195691573,0.048389021
ENSG00000168140,0.172727329,0.196581335
ENSG00000168148,-0.041865582,0.36322047
ENSG00000168152,0.192016369,0.160709767
ENSG00000168158,0.045401857,0.299956681
ENSG00000168159,0.140874987,0.127977205
ENSG00000168172,-0.292537801,0.000476928
ENSG00000168175,-0.293574702,0.003210791
ENSG00000168209,-0.335542663,0.055493746
ENSG00000168214,0.599712101,3.38E-05
ENSG00000168216,-0.024499969,0.811207773
ENSG00000168228,0.147321275,0.181648882
ENSG00000168234,-0.744385459,4.64E-12
ENSG00000168237,-0.035129256,0.785929445
ENSG00000168246,0.138269411,0.078815243
ENSG00000168255,-0.014268601,0.909803933
ENSG00000168256,-0.095212743,0.306578753
ENSG00000168259,0.024210288,0.80541718
ENSG00000168264,0.269423264,0.043463998
ENSG00000168268,-0.062848749,0.599127015
ENSG00000168273,0.091127944,0.478367873
ENSG00000168274,-0.00878201,0.861996156
ENSG00000168275,-0.066590704,0.611528444
ENSG00000168280,-0.088384505,0.262063689
ENSG00000168282,-0.036375004,0.744312508
ENSG00000168283,-0.024401242,0.811418431
ENSG00000168286,-0.126413972,0.21732886
ENSG00000168288,-0.021480755,0.84837538
ENSG00000168291,-0.222680831,0.033076459
ENSG00000168297,0.197252413,0.122870913
ENSG00000168300,0.338282828,0.001880262
ENSG00000168301,-0.125595901,0.287620917
ENSG00000168303,-0.694998991,5.99E-07
ENSG00000168306,0.32877632,0.00222486
ENSG00000168309,-0.212678596,1.16E-05
ENSG00000168310,-0.300376619,0.004573344
ENSG00000168350,0.055657602,0.353400962
ENSG00000168356,-0.003012432,0.966519513
ENSG00000168374,-0.200425278,0.053469714
ENSG00000168385,0.030037329,0.673869505
ENSG00000168386,0.49639335,0.005477749
ENSG00000168389,-0.118974543,0.174035789
ENSG00000168393,0.060282086,0.648215217
ENSG00000168394,0.041268083,0.679930491
ENSG00000168395,-0.246549325,0.039785804
ENSG00000168397,-0.109990369,0.168082587
ENSG00000168398,1.893275543,1.02E-09
ENSG00000168404,-0.187582892,0.175160484
ENSG00000168405,-0.371524873,0.034249821
ENSG00000168411,-0.072050416,0.496619303
ENSG00000168427,-0.165382673,0.074915649
ENSG00000168434,0.217558859,0.029510892
ENSG00000168438,-0.000165901,0.997608614
ENSG00000168439,0.004133635,0.97461519
ENSG00000168453,0.278637769,0.069655515
ENSG00000168454,-0.043332292,0.252367578
ENSG00000168461,-0.896023382,5.83E-07
ENSG00000168476,-0.318134723,0.017927102
ENSG00000168477,0.175600442,0.19319062
ENSG00000168481,-4.556807186,2.13E-08
ENSG00000168487,-0.097619843,0.214136232
ENSG00000168488,0.090545822,0.281878362
ENSG00000168490,0.326093043,0.056429214
ENSG00000168491,0.666905688,0.014043434
ENSG00000168495,-0.063201372,0.469642332
ENSG00000168496,-0.013730428,0.907192479
ENSG00000168497,-0.015509168,0.903827619
ENSG00000168502,0.337620589,0.000183494
ENSG00000168517,0.057576633,0.656799334
ENSG00000168522,-0.218120159,0.019130005
ENSG00000168528,-0.221327572,0.121699413
ENSG00000168538,-0.373918338,0.000418198
ENSG00000168542,0.800663892,6.85E-09
ENSG00000168556,-1.214311261,2.66E-08
ENSG00000168564,-0.254798069,0.037038084
ENSG00000168566,-0.110258382,0.320193832
ENSG00000168569,0.010398674,0.927944753
ENSG00000168575,-0.253810296,0.102617278
ENSG00000168589,-0.014238346,0.85610757
ENSG00000168591,-0.104411456,0.216394179
ENSG00000168610,-0.600013374,4.27E-11
ENSG00000168612,0.091804165,0.374077165
ENSG00000168614,0.063373145,0.501598114
ENSG00000168615,-0.079072717,0.400878395
ENSG00000168621,-1.705102714,3.94E-09
ENSG00000168646,-1.081809915,5.92E-07
ENSG00000168653,-0.007005353,0.953888185
ENSG00000168658,-0.008243303,0.88285716
ENSG00000168661,0.638336102,0.003325474
ENSG00000168672,0.180002402,0.06720888
ENSG00000168676,0.232737538,0.019310869
ENSG00000168679,0.684219341,0.005202255
ENSG00000168685,-0.146411361,0.245303124
ENSG00000168701,-0.291094947,0.007968231
ENSG00000168702,-0.052836076,0.376839418
ENSG00000168710,-0.135645786,0.141499702
ENSG00000168724,-0.439496863,0.000316535
ENSG00000168734,0.053722862,0.641267777
ENSG00000168743,-0.006743775,0.929832503
ENSG00000168754,0.00509071,0.915348003
ENSG00000168758,-0.368370738,0.012325983
ENSG00000168763,-0.172028516,0.183821003
ENSG00000168765,0.125097639,0.299302787
ENSG00000168769,0.411573448,0.001607598
ENSG00000168778,-0.023292251,0.851637823
ENSG00000168779,0.041141035,0.702327498
ENSG00000168781,0.749757782,5.07E-05
ENSG00000168785,-0.016456018,0.856887566
ENSG00000168792,-0.595539829,5.90E-05
ENSG00000168795,0.099414275,0.308769381
ENSG00000168802,-0.090754985,0.387630836
ENSG00000168803,0.186795148,0.14930594
ENSG00000168806,0.046301487,0.709432586
ENSG00000168807,-0.069228338,0.513746378
ENSG00000168811,1.706284171,6.11E-05
ENSG00000168813,0.114666708,0.217849666
ENSG00000168818,-0.087900863,0.370797998
ENSG00000168824,-0.040351354,0.495805673
ENSG00000168826,0.200572259,0.155823522
ENSG00000168827,0.02543566,0.768218563
ENSG00000168843,0.061374365,0.201334529
ENSG00000168852,0.086623667,0.22693638
ENSG00000168872,-0.015213677,0.872465481
ENSG00000168874,-0.522783163,0.007929779
ENSG00000168876,-0.273600017,0.031500841
ENSG00000168878,-0.000366755,0.991749075
ENSG00000168883,-0.264803552,0.006847942
ENSG00000168884,-0.463875189,6.76E-05
ENSG00000168887,0.100566317,0.363059864
ENSG00000168890,-0.894483517,1.25E-10
ENSG00000168894,0.082956489,0.323875745
ENSG00000168899,-0.170019132,0.203162372
ENSG00000168904,0.06644588,0.520034775
ENSG00000168906,-0.203257668,0.039228979
ENSG00000168916,0.045748592,0.722989237
ENSG00000168917,-0.77617598,2.94E-11
ENSG00000168918,1.8165178,5.37E-05
ENSG00000168924,-0.32260867,0.000773482
ENSG00000168928,-0.047134475,0.35060806
ENSG00000168936,-0.159374646,0.066557416
ENSG00000168938,0.241968955,0.036029378
ENSG00000168939,-0.195956342,0.175056751
ENSG00000168944,0.140288339,0.154626118
ENSG00000168952,-0.073477543,0.362154041
ENSG00000168955,-0.028869905,0.488749169
ENSG00000168958,-0.108423436,0.318887832
ENSG00000168961,0.413500802,0.025846173
ENSG00000168970,0.238403487,0.124366741
ENSG00000168992,0.085786751,0.296493804
ENSG00000168993,0.024517404,0.69851099
ENSG00000168994,-1.322211534,8.03E-11
ENSG00000169016,-0.159345826,0.176918009
ENSG00000169018,-0.124783549,0.123270198
ENSG00000169019,-0.16564336,0.14982609
ENSG00000169020,-0.115808751,0.361721086
ENSG00000169021,-0.111774323,0.203585884
ENSG00000169026,-0.162736044,0.233091046
ENSG00000169031,-1.871566405,3.46E-06
ENSG00000169032,-0.425637706,0.00011539
ENSG00000169045,-0.174017044,0.143784046
ENSG00000169047,-0.627670169,0.000446416
ENSG00000169057,-0.276448381,0.004340397
ENSG00000169062,0.013922607,0.902350947
ENSG00000169071,0.014391511,0.896169631
ENSG00000169075,0.043432927,0.342433697
ENSG00000169083,-0.028597631,0.823809114
ENSG00000169084,-0.026201395,0.786323341
ENSG00000169085,-0.129187941,0.300724685
ENSG00000169087,-0.143112073,0.245720972
ENSG00000169093,-0.462401126,3.90E-06
ENSG00000169100,0.067488553,0.60764596
ENSG00000169105,-0.190888201,0.134617498
ENSG00000169116,0.0112474,0.911088874
ENSG00000169118,0.009611483,0.913190633
ENSG00000169122,0.267205183,0.015337024
ENSG00000169126,-0.026344788,0.68741774
ENSG00000169129,1.31637342,0.004109134
ENSG00000169131,0.045161824,0.715471092
ENSG00000169136,0.197793303,0.071998667
ENSG00000169139,-0.112614788,0.241172649
ENSG00000169155,-0.136198673,0.189490743
ENSG00000169169,0.033264038,0.701843697
ENSG00000169174,0.087162648,0.236637774
ENSG00000169180,0.016423115,0.856377085
ENSG00000169184,-0.008864517,0.932802917
ENSG00000169188,0.155175229,0.142995715
ENSG00000169189,-0.069206116,0.388403418
ENSG00000169193,-0.26585718,0.067879696
ENSG00000169203,-0.089148903,0.451112638
ENSG00000169213,-0.271709406,0.090799051
ENSG00000169217,-0.110551181,0.296819458
ENSG00000169218,-1.251263282,1.35E-07
ENSG00000169220,0.382415012,0.014112696
ENSG00000169221,0.035751392,0.682859198
ENSG00000169223,-0.095375981,0.364115588
ENSG00000169228,0.014945515,0.90830741
ENSG00000169230,-0.108507499,0.396121409
ENSG00000169231,0.183561903,0.157871313
ENSG00000169239,-0.087926751,0.508194488
ENSG00000169241,0.162765836,0.140464957
ENSG00000169242,0.024352745,0.770678877
ENSG00000169245,0.063532914,0.090443014
ENSG00000169246,-0.084922593,0.479328289
ENSG00000169247,-0.127783762,0.202755376
ENSG00000169249,0.215468823,0.158021937
ENSG00000169251,0.1125532,0.21150472
ENSG00000169252,0.100343877,0.320197938
ENSG00000169255,0.064031652,0.626609019
ENSG00000169258,0.38095162,0.012810199
ENSG00000169271,-2.191267091,3.20E-07
ENSG00000169282,-0.018005223,0.885094344
ENSG00000169288,0.218714834,0.049995731
ENSG00000169297,2.014752532,0.003719813
ENSG00000169299,-0.232333473,0.080204455
ENSG00000169302,0.315973798,0.018887641
ENSG00000169306,0.093210738,0.126224781
ENSG00000169313,0.099565702,0.204610042
ENSG00000169314,0.102477955,0.386974522
ENSG00000169330,0.109734485,0.409341935
ENSG00000169359,-0.329771634,0.000320367
ENSG00000169371,0.089262195,0.421269259
ENSG00000169372,0.133293294,0.289757295
ENSG00000169375,0.141922064,0.1164206
ENSG00000169379,-0.292692705,0.010943979
ENSG00000169398,-0.119364481,0.088397029
ENSG00000169402,-0.028760462,0.505431127
ENSG00000169403,0.017945945,0.737405663
ENSG00000169410,-0.367108752,3.52E-05
ENSG00000169418,-0.137950023,0.202637708
ENSG00000169429,0.021359069,0.774764416
ENSG00000169432,0.025000228,0.85226828
ENSG00000169435,-0.01786179,0.727169206
ENSG00000169436,0.017958856,0.434858934
ENSG00000169439,-0.25755657,0.085338476
ENSG00000169446,-0.387071112,0.003124982
ENSG00000169490,-0.033009225,0.776998257
ENSG00000169495,-0.076724386,0.141143172
ENSG00000169499,-0.255929065,0.023302534
ENSG00000169504,-0.722395564,7.05E-07
ENSG00000169507,-0.023793494,0.751052338
ENSG00000169515,0.148531355,0.214518326
ENSG00000169519,0.276161488,0.034090091
ENSG00000169554,0.240828116,0.052657157
ENSG00000169564,-0.081850534,0.428878965
ENSG00000169567,-0.15118629,0.176552776
ENSG00000169570,0.113859359,0.398177983
ENSG00000169583,-0.093873846,0.403781189
ENSG00000169592,0.02729033,0.77844236
ENSG00000169594,-0.064746347,0.623179901
ENSG00000169598,0.007769007,0.950467354
ENSG00000169599,0.050630879,0.582704673
ENSG00000169604,-0.09297627,0.454290294
ENSG00000169607,-0.025543676,0.80301341
ENSG00000169609,0.002455975,0.984232319
ENSG00000169612,-0.251219381,0.053709348
ENSG00000169621,0.14160064,0.284783095
ENSG00000169627,-0.013677929,0.909542429
ENSG00000169629,0.163493437,0.1992438
ENSG00000169635,-0.137670388,0.289738995
ENSG00000169641,0.004080169,0.97504558
ENSG00000169660,0.04249456,0.720226799
ENSG00000169668,-0.208825197,0.147721581
ENSG00000169679,-0.0280945,0.826576397
ENSG00000169682,0.071716804,0.524236802
ENSG00000169683,-0.15390138,0.166616751
ENSG00000169684,-0.018354795,0.675246762
ENSG00000169689,-0.416245157,0.003269444
ENSG00000169692,-0.598204085,2.07E-07
ENSG00000169696,-0.0209916,0.840816181
ENSG00000169710,-0.106371901,0.428929508
ENSG00000169714,-0.21632887,0.018337157
ENSG00000169715,-2.116486217,8.66E-18
ENSG00000169718,-0.198347269,0.074598993
ENSG00000169727,-0.134753133,0.041716871
ENSG00000169733,-0.110683207,0.207851555
ENSG00000169738,-2.097034477,1.34E-19
ENSG00000169740,0.146087454,0.207632307
ENSG00000169744,1.272472652,2.02E-13
ENSG00000169750,-1.410323884,6.38E-11
ENSG00000169752,0.409736412,0.023505626
ENSG00000169756,0.347604451,0.007778838
ENSG00000169758,-0.149571189,0.273899433
ENSG00000169760,-0.030730037,0.715549672
ENSG00000169762,-0.024036327,0.839079986
ENSG00000169764,-0.852312163,3.31E-10
ENSG00000169813,-0.22237573,0.050365687
ENSG00000169814,0.094420182,0.358787831
ENSG00000169826,-0.233725095,0.028175354
ENSG00000169851,-0.009951475,0.820059922
ENSG00000169855,1.060638028,3.62E-08
ENSG00000169857,-0.531944818,0.001589054
ENSG00000169860,0.07699841,0.473016679
ENSG00000169871,-0.176878272,0.105719695
ENSG00000169884,0.073656959,0.111140192
ENSG00000169885,-0.01133781,0.916213162
ENSG00000169891,-0.188516642,0.175184815
ENSG00000169895,-0.077668854,0.485587238
ENSG00000169902,0.382694119,0.007413561
ENSG00000169905,-0.274962471,0.023168716
ENSG00000169908,-1.091772346,5.92E-08
ENSG00000169914,0.084760837,0.468284248
ENSG00000169918,-0.018356254,0.848776964
ENSG00000169919,-0.075509161,0.426555843
ENSG00000169925,-0.065118849,0.491226679
ENSG00000169926,-0.829569177,5.87E-06
ENSG00000169933,-0.132468801,0.209743467
ENSG00000169946,0.493899648,0.001876968
ENSG00000169951,0.119528283,0.368690074
ENSG00000169953,0.007103175,0.904535489
ENSG00000169955,-0.019242702,0.878355905
ENSG00000169957,0.059066027,0.571649563
ENSG00000169962,0.047733233,0.652115553
ENSG00000169964,-0.105068165,0.370149654
ENSG00000169967,-0.053319599,0.504064725
ENSG00000169972,0.034002295,0.789147492
ENSG00000169976,0.059770009,0.563670388
ENSG00000169981,-0.031067698,0.799787513
ENSG00000169989,0.031411507,0.595201786
ENSG00000169991,0.111254448,0.406800436
ENSG00000169992,0.100305005,0.225358219
ENSG00000169994,-0.035618168,0.490886756
ENSG00000170004,0.140859225,0.041290311
ENSG00000170006,-0.107967229,0.323292967
ENSG00000170011,-0.218526456,0.039699764
ENSG00000170017,-0.65521831,0.00360187
ENSG00000170027,-0.162879052,0.047954345
ENSG00000170035,0.303534207,0.001806671
ENSG00000170037,0.038803205,0.700326913
ENSG00000170043,-0.122814856,0.233909835
ENSG00000170049,0.0655169,0.588096542
ENSG00000170074,-0.081890808,0.077356883
ENSG00000170085,-0.361801488,0.004094097
ENSG00000170088,-0.247687083,0.069679967
ENSG00000170089,0.082930913,0.534650805
ENSG00000170092,0.078688074,0.547810252
ENSG00000170100,-0.018117046,0.887254342
ENSG00000170113,-0.312052443,0.001117539
ENSG00000170122,0.065991793,0.427766859
ENSG00000170142,0.216681947,0.011166988
ENSG00000170144,-0.072423791,0.553437328
ENSG00000170145,-0.273149655,0.014750568
ENSG00000170153,0.052290825,0.525642587
ENSG00000170160,0.002558307,0.979724009
ENSG00000170161,0.339069652,0.048289663
ENSG00000170175,-0.131002478,0.340346375
ENSG00000170185,-0.133816081,0.173659165
ENSG00000170190,-0.081015099,0.53934869
ENSG00000170191,0.225305789,0.074534227
ENSG00000170214,-3.549684733,1.87E-14
ENSG00000170222,-0.146860922,0.239779287
ENSG00000170234,0.122520906,0.336298552
ENSG00000170236,-0.018043031,0.72995047
ENSG00000170242,-0.435516005,0.000308681
ENSG00000170248,-0.075595228,0.294327976
ENSG00000170260,0.037573087,0.72733353
ENSG00000170262,-0.002290197,0.968587225
ENSG00000170264,0.132986444,0.31378469
ENSG00000170265,-0.078327456,0.409159827
ENSG00000170266,0.011480955,0.89691457
ENSG00000170270,-0.063190314,0.625760864
ENSG00000170271,-0.162633093,0.251582714
ENSG00000170275,0.002253214,0.978590143
ENSG00000170276,0.02227793,0.732950218
ENSG00000170291,-0.049267086,0.65487762
ENSG00000170293,-0.032051396,0.778328674
ENSG00000170296,-0.010209946,0.935363393
ENSG00000170310,-0.060690641,0.501537846
ENSG00000170312,0.190947541,0.191460668
ENSG00000170315,0.372009063,2.71E-06
ENSG00000170322,0.018508878,0.84923995
ENSG00000170323,-2.83403901,0.00056068
ENSG00000170324,0.003940031,0.893879485
ENSG00000170325,0.100521356,0.385504569
ENSG00000170340,-0.175330587,0.190772497
ENSG00000170345,-0.190210176,0.189591333
ENSG00000170348,-0.170129788,0.108482449
ENSG00000170356,-0.05471254,0.661893252
ENSG00000170364,-0.513401178,0.001266477
ENSG00000170365,0.837794838,1.26E-08
ENSG00000170370,0.003735108,0.904012455
ENSG00000170373,-0.024600048,0.476759122
ENSG00000170379,-0.421915342,0.02714814
ENSG00000170381,-0.01610552,0.881065334
ENSG00000170382,-0.013748908,0.830685514
ENSG00000170385,-0.175503113,0.157611806
ENSG00000170390,-0.357144593,0.031793686
ENSG00000170396,0.006834795,0.959599187
ENSG00000170412,0.053431612,0.41075519
ENSG00000170417,0.288279508,0.063380716
ENSG00000170421,0.044410609,0.615002357
ENSG00000170425,0.17921065,0.206729624
ENSG00000170430,0.006228464,0.961575549
ENSG00000170439,0.365557633,0.028952792
ENSG00000170442,0.004647299,0.926826867
ENSG00000170445,-0.06544916,0.39352535
ENSG00000170448,-0.160909947,0.199488874
ENSG00000170456,0.425988516,0.000732311
ENSG00000170458,-0.259608441,0.061768335
ENSG00000170464,0.151102718,0.135307288
ENSG00000170469,0.072255465,0.583748737
ENSG00000170471,0.063374382,0.342587532
ENSG00000170473,0.024592442,0.820325
ENSG00000170477,-0.053047996,0.161125166
ENSG00000170482,0.032058081,0.764583813
ENSG00000170485,-1.071252621,1.87E-06
ENSG00000170498,0.004064477,0.951541266
ENSG00000170500,0.043009168,0.315151541
ENSG00000170502,-0.175770937,0.059252119
ENSG00000170509,-0.016702336,0.856542367
ENSG00000170515,-0.140265026,0.173750342
ENSG00000170522,-0.22022975,0.080872949
ENSG00000170525,-0.220553585,0.134588217
ENSG00000170537,0.062794086,0.482897609
ENSG00000170540,-0.232754032,0.043349942
ENSG00000170542,-0.632653624,0.000106469
ENSG00000170545,0.069971225,0.539512741
ENSG00000170558,0.062874917,0.571210165
ENSG00000170561,-0.020952638,0.800656718
ENSG00000170571,-0.002471172,NA
ENSG00000170577,0.011880891,0.822159923
ENSG00000170579,-0.172158759,0.126322464
ENSG00000170581,-0.154864659,0.030353246
ENSG00000170584,-0.572086981,3.77E-07
ENSG00000170590,-0.000498791,0.989808093
ENSG00000170604,0.246748126,0.049218298
ENSG00000170606,-0.069710873,0.484457573
ENSG00000170615,0.011359165,0.842190975
ENSG00000170619,-0.120861776,0.31336799
ENSG00000170624,1.054127437,1.57E-05
ENSG00000170629,0.591823732,0.005659832
ENSG00000170631,0.415615206,0.002311446
ENSG00000170632,0.089474324,0.364843074
ENSG00000170633,-0.16228675,0.117015176
ENSG00000170634,-0.101126047,0.430846029
ENSG00000170638,-0.228722081,0.09137752
ENSG00000170647,0.784609659,0.003932152
ENSG00000170653,0.04039985,0.69323893
ENSG00000170667,0.073140183,0.577365701
ENSG00000170677,-0.085862431,0.373880631
ENSG00000170681,-0.12080727,0.352946011
ENSG00000170684,-0.187978266,0.070752215
ENSG00000170703,-0.120711435,0.173146699
ENSG00000170727,-0.149068728,0.267392256
ENSG00000170734,0.383180266,0.000212479
ENSG00000170745,-0.772850253,0.001435159
ENSG00000170759,-0.548052122,2.33E-08
ENSG00000170775,-0.982025335,0.00489743
ENSG00000170776,-0.510530604,8.01E-05
ENSG00000170779,0.065821931,0.6121184
ENSG00000170791,-0.678382277,1.68E-07
ENSG00000170801,0.095880027,0.47271544
ENSG00000170802,-0.833750787,3.57E-06
ENSG00000170827,-0.019864003,0.815797397
ENSG00000170832,-0.156088498,0.089348095
ENSG00000170835,0.072791561,0.526023351
ENSG00000170836,0.568643895,4.34E-05
ENSG00000170846,0.210140619,0.133327167
ENSG00000170848,0.063093154,0.300229906
ENSG00000170852,-0.145299642,0.138910155
ENSG00000170854,0.482559072,0.000419231
ENSG00000170855,0.174600849,0.159512958
ENSG00000170860,0.163003289,0.126529606
ENSG00000170871,0.053226039,0.604395934
ENSG00000170873,-1.522415442,0.000871204
ENSG00000170876,-0.313512135,0.003391748
ENSG00000170881,-0.036755418,0.739922019
ENSG00000170889,-0.012683997,0.917929898
ENSG00000170890,0.010899436,0.830729993
ENSG00000170891,-0.015686045,0.729058373
ENSG00000170892,-0.14734296,0.107108061
ENSG00000170899,0.672716816,2.72E-05
ENSG00000170903,-0.099759409,0.27975299
ENSG00000170906,0.150745269,0.260218138
ENSG00000170909,-0.047916375,0.683183055
ENSG00000170915,0.15684495,0.196310715
ENSG00000170917,0.208463531,0.162840774
ENSG00000170919,0.05276284,0.635698281
ENSG00000170921,-0.560696078,6.50E-07
ENSG00000170946,-0.19900714,0.07034573
ENSG00000170949,-0.019081663,0.87596981
ENSG00000170954,0.217975762,0.124058988
ENSG00000170955,-0.084716658,0.520717954
ENSG00000170959,0.038774525,0.512086054
ENSG00000170961,0.03572973,0.757011826
ENSG00000170962,-0.069327353,0.4392086
ENSG00000170965,0.114701391,0.048251232
ENSG00000170989,1.408161884,1.43E-10
ENSG00000171016,0.157769417,0.14051663
ENSG00000171017,-0.011580776,0.88947952
ENSG00000171033,1.143812815,0.000110534
ENSG00000171044,0.084747097,0.44157823
ENSG00000171045,-0.065933126,0.590824465
ENSG00000171051,-0.286441945,0.000766764
ENSG00000171055,-0.053802136,0.565903214
ENSG00000171056,0.026956714,0.613526709
ENSG00000171067,-0.08963252,0.335446445
ENSG00000171084,0.11012774,0.302616959
ENSG00000171094,0.023220228,0.703995803
ENSG00000171097,0.624026446,0.001396152
ENSG00000171100,-0.045897483,0.657100488
ENSG00000171103,-0.111342207,0.372024964
ENSG00000171105,-0.422416581,0.011615784
ENSG00000171109,-0.181241311,0.080011988
ENSG00000171116,0.017631599,0.888562458
ENSG00000171119,-0.073105247,0.389521514
ENSG00000171121,-0.048107754,0.70150684
ENSG00000171129,-0.006678165,0.955760926
ENSG00000171130,0.079981777,0.542761435
ENSG00000171132,1.113057676,1.69E-08
ENSG00000171135,-0.355695997,0.0002818
ENSG00000171148,-0.210258783,0.007523043
ENSG00000171150,0.396376677,0.003536728
ENSG00000171155,-0.470148997,0.00018306
ENSG00000171159,0.00663552,0.955447317
ENSG00000171160,0.287974318,0.048785367
ENSG00000171161,0.174726288,0.084367299
ENSG00000171163,0.401986298,0.002856965
ENSG00000171169,0.159529796,0.147266812
ENSG00000171174,0.275961247,0.088095401
ENSG00000171189,-0.105198925,0.068179401
ENSG00000171202,-0.113457512,0.378233169
ENSG00000171204,0.224077458,0.071743241
ENSG00000171206,0.022177497,0.818107604
ENSG00000171208,-0.001801612,0.978479564
ENSG00000171217,0.063219733,0.44853152
ENSG00000171219,-0.065769148,0.447618121
ENSG00000171222,-0.078405069,0.467329964
ENSG00000171223,0.016285464,0.900009865
ENSG00000171224,0.07552494,0.399888553
ENSG00000171227,1.398784,0.003877772
ENSG00000171241,0.076242605,0.548531556
ENSG00000171243,0.08093649,0.194718321
ENSG00000171246,0.251540789,0.066781365
ENSG00000171262,-0.083805086,0.426203958
ENSG00000171282,0.253221993,0.024023716
ENSG00000171291,-0.217501349,0.124717313
ENSG00000171295,0.186146604,0.120532348
ENSG00000171298,0.03427182,0.783946305
ENSG00000171302,-0.022150863,0.780271536
ENSG00000171303,-0.010766895,0.550216834
ENSG00000171307,-0.181949264,0.102147449
ENSG00000171310,-0.049185759,0.685696595
ENSG00000171311,0.232044434,0.029593964
ENSG00000171314,-0.038455395,0.751130775
ENSG00000171316,-0.18443894,0.038179042
ENSG00000171320,0.016196715,0.858011371
ENSG00000171345,-0.035581868,0.677257241
ENSG00000171357,0.171529695,0.230780131
ENSG00000171365,-0.160993098,0.152231016
ENSG00000171368,-1.05234637,0.008919691
ENSG00000171385,-1.106860108,0.00210856
ENSG00000171388,0.300799944,0.057528029
ENSG00000171408,0.152236457,0.281328164
ENSG00000171421,-0.112977592,0.381894803
ENSG00000171425,0.131147559,0.297568755
ENSG00000171428,-0.134322642,0.307053671
ENSG00000171443,0.134644001,0.307295143
ENSG00000171444,0.02091538,0.874587478
ENSG00000171448,0.134918892,0.291031541
ENSG00000171451,0.079675937,0.518424961
ENSG00000171453,-0.088431399,0.473534633
ENSG00000171456,-0.292905462,3.68E-05
ENSG00000171462,-0.183223408,0.189551162
ENSG00000171466,0.03840241,0.757269942
ENSG00000171467,0.182197629,0.067460552
ENSG00000171469,0.640993901,4.06E-12
ENSG00000171471,-0.077382956,0.468218365
ENSG00000171475,-0.114956234,0.113066106
ENSG00000171476,0.059342757,0.410170142
ENSG00000171488,0.056217571,0.65090973
ENSG00000171490,-0.018675205,0.837158717
ENSG00000171492,0.72452885,5.20E-08
ENSG00000171496,0.01853431,0.809142802
ENSG00000171497,0.18230739,0.11303563
ENSG00000171502,0.704646773,0.006503338
ENSG00000171503,0.244471653,0.085026938
ENSG00000171509,1.707874084,3.47E-05
ENSG00000171517,0.017416452,0.823765417
ENSG00000171522,0.08385269,0.489282167
ENSG00000171530,-0.03601973,0.700300462
ENSG00000171533,-0.089234279,0.503132862
ENSG00000171552,-0.203078463,0.058956329
ENSG00000171566,-0.036403003,0.728274241
ENSG00000171574,-0.225590677,0.095032316
ENSG00000171596,-0.152792014,0.061198306
ENSG00000171603,-0.299480323,0.000561301
ENSG00000171604,0.521291455,3.72E-05
ENSG00000171606,0.2385247,0.105786741
ENSG00000171608,-0.734503551,1.29E-05
ENSG00000171612,-0.188949291,0.179324807
ENSG00000171617,1.123752699,6.42E-07
ENSG00000171621,0.016445998,0.901403404
ENSG00000171631,-0.087318329,0.199794176
ENSG00000171634,0.050524101,0.557575158
ENSG00000171649,0.072529855,0.554337201
ENSG00000171658,0.112603978,0.353950751
ENSG00000171680,0.530655879,0.011800265
ENSG00000171681,0.393423515,0.002935991
ENSG00000171700,-0.128923252,0.320163913
ENSG00000171703,0.024357758,0.819380586
ENSG00000171714,-0.006617061,0.892440163
ENSG00000171720,0.052294944,0.634560046
ENSG00000171723,0.177313944,0.212944591
ENSG00000171724,0.123646941,0.111801125
ENSG00000171729,0.108957267,0.421941444
ENSG00000171735,-0.047875462,0.628843456
ENSG00000171747,-0.055275659,0.365931344
ENSG00000171757,-0.089567253,0.488202568
ENSG00000171763,-0.145817026,0.221301862
ENSG00000171766,-0.001076313,0.978992931
ENSG00000171790,-0.484889321,0.024318247
ENSG00000171791,0.305482546,0.048317786
ENSG00000171792,0.546213079,1.68E-06
ENSG00000171793,-1.474306925,1.78E-11
ENSG00000171798,0.142516088,0.303762363
ENSG00000171806,0.211098107,0.145066667
ENSG00000171811,0.0823358,0.471328215
ENSG00000171812,-0.02135877,0.809241692
ENSG00000171813,0.095923805,0.468803603
ENSG00000171817,0.983266801,0.000450272
ENSG00000171819,-0.107056132,3.34E-05
ENSG00000171823,-0.033262378,0.779871889
ENSG00000171824,-0.597535784,0.000175625
ENSG00000171827,0.230760905,0.093756548
ENSG00000171840,0.007277031,0.947556497
ENSG00000171843,-0.101264232,0.385243227
ENSG00000171847,0.191966945,0.147275947
ENSG00000171848,-0.019294108,0.860322295
ENSG00000171853,0.033400785,0.685249928
ENSG00000171858,-0.05644221,0.65280241
ENSG00000171861,-0.07846847,0.505921291
ENSG00000171862,0.380927475,7.00E-07
ENSG00000171863,-0.041644923,0.685162279
ENSG00000171865,-0.233103366,0.030757228
ENSG00000171867,0.192094737,0.053254509
ENSG00000171872,-0.086164432,0.242014674
ENSG00000171873,0.022482565,0.795446918
ENSG00000171877,1.203402182,1.93E-07
ENSG00000171889,0.006966383,0.957171483
ENSG00000171914,0.16706681,0.237462615
ENSG00000171928,-0.150566295,0.252869522
ENSG00000171931,0.174732347,0.047305425
ENSG00000171940,-0.193487074,0.101807227
ENSG00000171943,0.202887212,0.058028377
ENSG00000171951,-0.174550085,0.192796566
ENSG00000171953,0.018966338,0.87727507
ENSG00000171960,0.009743386,0.926436133
ENSG00000171962,0.26646096,0.062451353
ENSG00000171970,0.10429511,0.43648548
ENSG00000171984,0.098286667,0.44483923
ENSG00000171988,0.101972827,0.337608998
ENSG00000171989,-0.024280285,0.582308112
ENSG00000171992,0.20016255,0.140752788
ENSG00000172006,0.056644328,0.662211234
ENSG00000172007,0.145466261,0.192519351
ENSG00000172009,-0.046890566,0.698232975
ENSG00000172014,0.011742656,0.82730264
ENSG00000172020,0.07706303,0.385153344
ENSG00000172031,0.058121054,0.480829967
ENSG00000172037,0.174424075,0.171292925
ENSG00000172046,-0.022447685,0.785860805
ENSG00000172053,-0.00229297,0.980111732
ENSG00000172057,-0.050204824,0.608072078
ENSG00000172058,-0.142298722,0.297500412
ENSG00000172059,0.141443721,0.30470503
ENSG00000172061,0.135852525,0.022556533
ENSG00000172062,-0.049965331,0.701652952
ENSG00000172071,-0.058811865,0.562117591
ENSG00000172081,-0.369278661,0.00025008
ENSG00000172086,-0.187348071,0.064692803
ENSG00000172113,0.090350758,0.437366572
ENSG00000172115,-0.234277735,0.092903058
ENSG00000172123,-0.537846268,0.001545538
ENSG00000172137,0.42037949,0.030934887
ENSG00000172139,0.036922287,0.329646955
ENSG00000172156,0.018934682,NA
ENSG00000172159,-0.000376707,0.993704734
ENSG00000172164,-0.367690524,0.026818485
ENSG00000172167,0.417207661,0.023502428
ENSG00000172171,-0.067480677,0.563394604
ENSG00000172172,-0.099715525,0.306776219
ENSG00000172175,-0.302299168,0.062839735
ENSG00000172183,-0.142656388,0.302260125
ENSG00000172197,0.141091173,0.310582309
ENSG00000172201,-0.037669292,0.772457801
ENSG00000172215,0.087914613,0.303392894
ENSG00000172216,-0.311972041,0.037059276
ENSG00000172232,0.008315143,0.894819314
ENSG00000172239,0.097494896,0.331787991
ENSG00000172244,-0.017395276,0.889152261
ENSG00000172247,0.013921152,0.827983635
ENSG00000172250,0.037957243,0.77186607
ENSG00000172260,-1.28587407,3.38E-05
ENSG00000172262,-0.007612013,0.93829743
ENSG00000172264,0.054293437,0.671423771
ENSG00000172269,-0.110263363,0.293613953
ENSG00000172270,-0.03037725,0.74040785
ENSG00000172273,0.019502768,0.8653769
ENSG00000172292,-0.459001443,0.004512773
ENSG00000172296,0.746492413,1.65E-05
ENSG00000172297,-0.01092986,0.862218017
ENSG00000172301,0.476515496,0.000290945
ENSG00000172315,-0.188336299,0.080181111
ENSG00000172318,-0.155875705,0.080796016
ENSG00000172331,0.27623275,0.082101589
ENSG00000172332,0.013636659,0.778077142
ENSG00000172336,0.005360816,0.965544183
ENSG00000172339,0.242753073,0.07297669
ENSG00000172340,0.028803432,0.738175605
ENSG00000172345,0.428416017,0.003339106
ENSG00000172346,0.152288096,0.27383071
ENSG00000172348,0.092463906,0.118919602
ENSG00000172349,-0.948263555,2.29E-10
ENSG00000172350,0.033096116,0.751330867
ENSG00000172354,-0.32340934,0.000582001
ENSG00000172361,0.095391754,0.448310138
ENSG00000172366,0.099356211,0.456899503
ENSG00000172375,-0.206199687,0.136375086
ENSG00000172379,-0.441590562,0.006673815
ENSG00000172380,-0.002772562,0.978830287
ENSG00000172382,-0.303252673,0.068779606
ENSG00000172399,-0.326489118,0.006138853
ENSG00000172403,-1.647548203,1.59E-11
ENSG00000172409,-0.179413795,0.103966877
ENSG00000172425,0.031241724,0.583509003
ENSG00000172426,0.096568582,0.449228171
ENSG00000172428,-0.169098192,0.153189264
ENSG00000172432,0.113720829,0.143992473
ENSG00000172456,0.171741463,0.230799168
ENSG00000172458,0.098253714,0.465571907
ENSG00000172460,0.013549414,0.883974428
ENSG00000172465,-0.997125226,1.18E-11
ENSG00000172466,0.000531973,0.995161245
ENSG00000172469,-0.127826102,0.189276577
ENSG00000172476,-0.171223595,0.203972364
ENSG00000172493,0.065122786,0.47153119
ENSG00000172497,1.417199717,0.000245341
ENSG00000172500,-0.129950705,0.231871494
ENSG00000172508,0.079610363,0.521368577
ENSG00000172530,0.349713146,0.02507452
ENSG00000172531,-0.320293598,0.004321735
ENSG00000172534,-0.017524963,0.850324418
ENSG00000172543,0.11624326,0.133668267
ENSG00000172548,-0.016462664,0.76803345
ENSG00000172572,0.094059283,0.382688597
ENSG00000172575,-0.134608837,0.125115567
ENSG00000172586,-0.207251475,0.086710339
ENSG00000172590,0.044783544,0.688088028
ENSG00000172594,-0.199405196,0.123018608
ENSG00000172602,-1.163862565,0.007201216
ENSG00000172613,0.062004954,0.616177249
ENSG00000172638,0.045404027,0.740331371
ENSG00000172650,0.029581544,0.670976023
ENSG00000172660,-0.176896217,0.089805172
ENSG00000172661,-0.062010968,0.56866225
ENSG00000172663,0.001038167,0.994160343
ENSG00000172667,0.450515928,5.88E-08
ENSG00000172671,0.056437081,0.63887428
ENSG00000172687,0.091353552,0.49372846
ENSG00000172716,0.040644562,0.752025031
ENSG00000172725,-0.312886035,0.002831649
ENSG00000172728,0.030083753,0.817261238
ENSG00000172731,0.341887934,0.021638
ENSG00000172732,-0.286108588,0.002229546
ENSG00000172733,-0.034745828,0.760592497
ENSG00000172738,1.521032224,7.62E-05
ENSG00000172746,-0.048405639,0.421592314
ENSG00000172748,0.373956073,0.031308931
ENSG00000172752,0.048743528,0.243860982
ENSG00000172757,-0.343203809,0.005495626
ENSG00000172765,0.084599481,0.417304543
ENSG00000172766,-0.059839785,0.533245732
ENSG00000172771,0.114948555,0.214661525
ENSG00000172775,-0.025768216,0.786323097
ENSG00000172780,-0.148996246,0.283860882
ENSG00000172785,-0.072791379,0.45187375
ENSG00000172794,-0.024040246,0.796866475
ENSG00000172795,-0.116599316,0.308630439
ENSG00000172799,0.025809259,0.652536982
ENSG00000172803,0.327982667,0.050497039
ENSG00000172809,0.010783084,0.917548775
ENSG00000172817,-0.258832858,0.055743873
ENSG00000172819,0.146518191,0.278994013
ENSG00000172824,-0.187009803,0.153276642
ENSG00000172828,1.197448165,0.005293354
ENSG00000172830,-0.170612122,0.10661461
ENSG00000172831,0.525274844,5.18E-12
ENSG00000172840,-0.503801688,0.001475896
ENSG00000172845,0.206061129,0.02027775
ENSG00000172869,-0.12092779,0.180286844
ENSG00000172878,0.023441574,0.841048169
ENSG00000172888,0.154950938,0.132475523
ENSG00000172889,0.040024406,0.716902457
ENSG00000172890,-0.100800222,0.395015361
ENSG00000172893,0.358138909,0.033881874
ENSG00000172901,0.135548386,0.174936656
ENSG00000172915,0.119582247,0.341651916
ENSG00000172922,-0.022291583,0.840260158
ENSG00000172927,0.059464093,0.491417131
ENSG00000172932,-0.144086716,0.213879758
ENSG00000172935,-0.49455119,0.000331719
ENSG00000172936,0.07790165,0.372956936
ENSG00000172939,-0.449603261,5.21E-10
ENSG00000172943,-0.153840925,0.148694512
ENSG00000172954,-0.757042468,0.001100228
ENSG00000172955,-0.803642785,0.001367836
ENSG00000172965,0.11410461,0.403507937
ENSG00000172971,0.046236147,0.597788168
ENSG00000172974,-0.498627938,1.46E-05
ENSG00000172977,0.010954256,0.911549682
ENSG00000172985,-0.812794772,3.72E-06
ENSG00000172986,1.53838201,8.02E-23
ENSG00000172992,0.185734427,0.113433804
ENSG00000173011,0.031664948,0.763780905
ENSG00000173013,0.034054285,0.790619277
ENSG00000173020,-0.138189917,0.184959736
ENSG00000173039,-0.219017154,0.002322867
ENSG00000173040,-0.279344078,0.006525667
ENSG00000173041,0.008842505,0.944868839
ENSG00000173064,0.146861937,0.136881279
ENSG00000173065,-0.361280661,0.001966198
ENSG00000173068,0.852029461,4.55E-16
ENSG00000173077,0.061074564,0.267326482
ENSG00000173083,-0.83999581,0.007202348
ENSG00000173085,-0.393916573,0.017810697
ENSG00000173088,0.073665781,0.376325182
ENSG00000173110,2.459737496,6.27E-07
ENSG00000173113,-0.099982218,0.381812665
ENSG00000173114,0.89985371,0.000488946
ENSG00000173120,0.059245629,0.460077008
ENSG00000173137,-0.038566994,0.750895713
ENSG00000173141,0.109621361,0.31829158
ENSG00000173145,-0.080133359,0.51413671
ENSG00000173153,-0.107163762,0.417515102
ENSG00000173156,-0.109764006,0.407087834
ENSG00000173163,0.03997407,0.722527307
ENSG00000173166,0.007494699,0.955771621
ENSG00000173171,-0.020905348,0.820232047
ENSG00000173175,-0.027356753,0.8161124
ENSG00000173193,0.151613076,0.036600622
ENSG00000173198,-0.102906723,0.119869555
ENSG00000173200,0.052576073,0.660322324
ENSG00000173207,0.212188378,0.113210956
ENSG00000173209,-0.12021057,0.147817074
ENSG00000173210,0.152826236,0.271769136
ENSG00000173212,-0.065706465,0.2858056
ENSG00000173214,0.015326616,0.901598199
ENSG00000173218,-0.049063394,0.618215489
ENSG00000173221,-0.957906652,1.33E-12
ENSG00000173226,0.030685489,0.819930896
ENSG00000173227,0.032142702,0.61951772
ENSG00000173230,0.12301571,0.23907982
ENSG00000173231,0.051772857,0.333776026
ENSG00000173258,0.231308076,0.112818088
ENSG00000173262,-0.045690913,0.719547148
ENSG00000173264,-0.134451388,0.126292081
ENSG00000173267,0.069290931,0.444171603
ENSG00000173269,0.215880066,0.109856599
ENSG00000173272,-0.005962821,0.953147573
ENSG00000173273,0.061831151,0.515908413
ENSG00000173275,0.081554902,0.479919982
ENSG00000173276,-0.301277579,0.037881746
ENSG00000173281,-0.287926708,0.027883215
ENSG00000173295,0.236528555,0.126392718
ENSG00000173320,0.743301146,0.006757
ENSG00000173327,-0.217039027,0.025557987
ENSG00000173334,0.060571092,0.637526412
ENSG00000173338,0.045193557,0.322497572
ENSG00000173376,0.151751067,0.185814036
ENSG00000173391,-0.031906551,0.749207127
ENSG00000173401,0.097016528,0.373665647
ENSG00000173402,-0.231670017,0.08583558
ENSG00000173406,0.094377075,0.167607589
ENSG00000173409,-0.025065344,0.835769905
ENSG00000173418,-0.435886025,8.34E-05
ENSG00000173421,0.169196436,0.133305731
ENSG00000173432,-0.148989523,0.003452532
ENSG00000173436,-0.078757095,0.543328503
ENSG00000173442,-0.03451319,0.748900479
ENSG00000173451,0.216372899,0.091779563
ENSG00000173456,-0.248183317,0.008326838
ENSG00000173457,0.149609699,0.229166169
ENSG00000173465,0.034253231,0.777801731
ENSG00000173473,0.194061059,0.051003847
ENSG00000173480,0.144651413,0.255267156
ENSG00000173482,-0.287173241,0.029846457
ENSG00000173486,-0.095454472,0.380214923
ENSG00000173511,-0.039927128,0.615606263
ENSG00000173517,-0.960059763,1.87E-12
ENSG00000173530,0.026382469,0.8283402
ENSG00000173531,-0.015631377,0.891300622
ENSG00000173535,0.17919092,0.158733252
ENSG00000173542,-0.076576676,0.399517633
ENSG00000173545,-0.306897094,0.001374272
ENSG00000173546,0.387112051,0.022204024
ENSG00000173548,-0.315618098,0.002123681
ENSG00000173559,-0.193756862,0.180955509
ENSG00000173566,-0.032854497,0.79683008
ENSG00000173567,0.32227847,0.057581646
ENSG00000173575,-0.029749959,0.728655594
ENSG00000173578,0.105712218,0.089572052
ENSG00000173581,0.135059791,0.223555177
ENSG00000173588,-0.019529342,0.853196138
ENSG00000173597,0.000693832,0.992964953
ENSG00000173598,-0.591429251,0.005258167
ENSG00000173599,-0.248657692,0.111593609
ENSG00000173611,0.506817912,2.10E-06
ENSG00000173614,0.143855438,0.165884885
ENSG00000173621,-0.256318625,0.102435896
ENSG00000173626,0.031550792,0.646633799
ENSG00000173638,-0.10948164,0.41905785
ENSG00000173641,-0.085707162,0.357026642
ENSG00000173653,-0.037588289,0.747861777
ENSG00000173660,0.006032179,0.961595778
ENSG00000173662,0.019072674,0.814756654
ENSG00000173674,-0.200926388,0.148749297
ENSG00000173678,0.128623756,0.313576847
ENSG00000173681,0.014972869,0.867427962
ENSG00000173692,-0.065770677,0.470965336
ENSG00000173698,-0.05694733,0.575369794
ENSG00000173705,-0.262005689,0.09375943
ENSG00000173706,-0.621721415,0.000281147
ENSG00000173714,0.003059618,0.968102175
ENSG00000173715,-0.036110795,0.741768333
ENSG00000173726,-0.174440865,0.087129714
ENSG00000173727,0.036925123,0.768942995
ENSG00000173744,-0.387601055,0.002195022
ENSG00000173757,-0.493623987,6.48E-10
ENSG00000173762,-0.36878073,0.031737584
ENSG00000173786,-0.116466777,0.261494914
ENSG00000173801,-0.132320495,0.336396185
ENSG00000173809,0.08647187,0.325673591
ENSG00000173811,-0.133401959,0.065493295
ENSG00000173812,-0.115469494,0.289856686
ENSG00000173818,0.029192917,0.78964824
ENSG00000173821,-0.117163679,0.246091209
ENSG00000173825,-0.011416702,0.837676032
ENSG00000173838,-3.785918113,4.76E-19
ENSG00000173846,0.254919004,0.046177168
ENSG00000173848,-0.066205038,0.487515101
ENSG00000173852,0.162448957,0.089069818
ENSG00000173875,-0.190302777,0.130884094
ENSG00000173889,-0.056390051,0.468400213
ENSG00000173890,-0.111482229,0.328928343
ENSG00000173894,0.066501828,0.589137145
ENSG00000173898,0.39059102,0.040338347
ENSG00000173905,0.238321278,0.028409115
ENSG00000173914,0.403302525,3.90E-05
ENSG00000173915,-0.339356675,0.000946207
ENSG00000173917,-0.193508281,0.105291608
ENSG00000173918,-1.142369732,3.62E-07
ENSG00000173926,0.06894973,0.597183135
ENSG00000173928,0.008786612,0.939543065
ENSG00000173933,0.170712155,0.235625653
ENSG00000173947,1.113082057,4.63E-06
ENSG00000173950,0.121239334,0.256199707
ENSG00000173960,-0.243145294,0.044547806
ENSG00000173988,-0.008450963,0.870418316
ENSG00000173991,-0.074897132,0.45582656
ENSG00000173992,0.203678974,0.058963411
ENSG00000174004,0.060284684,0.538299095
ENSG00000174007,-0.027781244,0.820092271
ENSG00000174010,0.020207038,0.846831533
ENSG00000174013,-0.016151759,0.880748509
ENSG00000174021,-0.253411996,0.063299615
ENSG00000174028,-0.219723006,0.145940495
ENSG00000174032,0.067755052,0.578539017
ENSG00000174059,-0.013725918,0.882816506
ENSG00000174080,-0.081161173,0.474068
ENSG00000174093,0.169548443,0.152426418
ENSG00000174099,-0.69783443,1.09E-08
ENSG00000174100,-0.02315141,0.802549838
ENSG00000174106,-0.204244046,0.018728014
ENSG00000174109,-0.126727553,0.350012943
ENSG00000174111,-0.061413523,0.636470074
ENSG00000174125,-0.034508461,0.781750707
ENSG00000174130,0.165378342,0.219797871
ENSG00000174132,-0.406169374,0.004737316
ENSG00000174136,0.904498382,9.73E-09
ENSG00000174137,-0.384122863,0.037637165
ENSG00000174151,-0.195832655,0.100438383
ENSG00000174165,-0.062517025,0.567055426
ENSG00000174171,-0.345358101,0.05025208
ENSG00000174173,-0.151289796,0.159057225
ENSG00000174177,-0.057154323,0.641932179
ENSG00000174194,0.11463917,0.27046398
ENSG00000174196,-0.04682803,0.699175054
ENSG00000174197,-0.048964381,0.652592338
ENSG00000174206,0.072607958,0.585276668
ENSG00000174225,-0.016896904,0.752554893
ENSG00000174227,-0.064331327,0.364295698
ENSG00000174231,-0.096165879,0.226662856
ENSG00000174233,-0.060096999,0.553985474
ENSG00000174238,-0.35379715,0.000149735
ENSG00000174243,-0.034574003,0.705734692
ENSG00000174276,-0.076108947,0.558914092
ENSG00000174282,0.060152058,0.343271889
ENSG00000174292,-0.050691339,0.656165372
ENSG00000174306,-1.112162074,3.44E-19
ENSG00000174307,0.128915168,0.320066912
ENSG00000174325,0.264077867,0.087369706
ENSG00000174326,-0.131763992,0.234883768
ENSG00000174327,0.41902613,0.027578673
ENSG00000174332,-0.041102791,0.684045086
ENSG00000174348,0.332649771,0.00724627
ENSG00000174353,0.130121492,0.266099052
ENSG00000174365,-0.109701114,0.407483228
ENSG00000174368,-0.006929288,0.955478391
ENSG00000174370,0.569895383,0.003937685
ENSG00000174371,0.006115854,0.95511736
ENSG00000174373,-0.131168934,0.173299022
ENSG00000174374,-0.10529382,0.169515896
ENSG00000174384,-0.031482743,0.73770226
ENSG00000174405,-0.087107051,0.42861091
ENSG00000174428,-0.041271,0.657855934
ENSG00000174437,-1.324084154,1.86E-11
ENSG00000174442,-0.0532009,0.67749135
ENSG00000174444,0.051898111,0.657278709
ENSG00000174446,0.013032368,0.916700676
ENSG00000174448,0.071405317,0.429636064
ENSG00000174453,-0.062059862,0.144966895
ENSG00000174456,-0.419711573,0.004902864
ENSG00000174473,0.045448491,0.264674668
ENSG00000174483,0.096179311,0.427529383
ENSG00000174485,0.002214398,0.985682394
ENSG00000174500,0.003838232,0.945178432
ENSG00000174501,0.455738126,0.013403256
ENSG00000174514,0.28840863,0.068693656
ENSG00000174516,0.04581672,0.666116564
ENSG00000174527,-0.039876818,0.677450569
ENSG00000174529,0.096616791,0.451571327
ENSG00000174547,-0.002312996,0.982197399
ENSG00000174564,0.562526208,0.004899017
ENSG00000174574,-0.247862308,0.056935577
ENSG00000174576,-0.332072521,0.007883982
ENSG00000174579,-0.017455554,0.844528706
ENSG00000174586,-0.199042813,0.176152683
ENSG00000174595,0.082546782,0.054932469
ENSG00000174599,0.176526288,0.218989241
ENSG00000174606,-0.036954445,0.6757873
ENSG00000174628,-0.229680203,0.116735494
ENSG00000174652,0.136925814,0.324194079
ENSG00000174669,0.290894426,0.062237997
ENSG00000174672,0.097688049,0.301574841
ENSG00000174680,-2.832653131,5.20E-07
ENSG00000174684,-0.08284662,0.474390941
ENSG00000174695,-0.332944415,0.000230716
ENSG00000174697,-2.957898241,8.91E-08
ENSG00000174705,-0.509323534,0.005319796
ENSG00000174718,0.167926858,0.14292919
ENSG00000174720,0.040280353,0.619321054
ENSG00000174721,0.342193714,0.038883651
ENSG00000174738,0.510470007,0.00159973
ENSG00000174740,-0.092499087,0.443709145
ENSG00000174744,-0.232463199,0.033384191
ENSG00000174748,0.047621805,0.566556243
ENSG00000174749,-0.30683918,0.052831398
ENSG00000174775,-0.300472948,0.02410617
ENSG00000174780,0.193843276,0.004895479
ENSG00000174791,0.429985625,0.007126539
ENSG00000174796,0.071655194,0.511118344
ENSG00000174799,0.168952882,0.237997115
ENSG00000174804,-0.65426975,0.001742723
ENSG00000174807,0.489700889,0.013666874
ENSG00000174808,-0.413393241,0.021741313
ENSG00000174827,0.38821769,0.040843376
ENSG00000174837,0.033779233,0.523445241
ENSG00000174839,-0.552224373,0.002823793
ENSG00000174840,-0.254506179,0.010049068
ENSG00000174842,-0.022801334,0.85400886
ENSG00000174844,0.031193274,0.658323743
ENSG00000174851,-0.051893883,0.635368105
ENSG00000174871,0.037882565,0.593138706
ENSG00000174876,-0.320547934,0.031317322
ENSG00000174886,-0.145769316,0.277262229
ENSG00000174891,0.140310326,0.276078767
ENSG00000174899,-0.61509922,0.003724732
ENSG00000174903,0.018278182,0.848232102
ENSG00000174912,0.199828409,0.178303579
ENSG00000174915,-0.011807566,0.910210819
ENSG00000174917,-0.144446635,0.244940638
ENSG00000174928,-0.054065024,0.658491139
ENSG00000174938,-0.037521914,0.772570906
ENSG00000174939,-0.177131598,0.219622588
ENSG00000174943,0.007578778,0.94846487
ENSG00000174944,-1.392777423,3.57E-05
ENSG00000174945,0.113260239,0.197010348
ENSG00000174953,-0.067481327,0.425981718
ENSG00000174977,0.111154296,0.306633022
ENSG00000174989,0.058857475,0.649249294
ENSG00000174996,-0.259401148,0.025946589
ENSG00000175003,-0.054841721,0.519963001
ENSG00000175029,-0.086772275,0.328519769
ENSG00000175040,0.109487839,0.414197
ENSG00000175048,0.442800641,0.005263332
ENSG00000175054,0.016604064,0.878438453
ENSG00000175061,-0.000762967,0.991814749
ENSG00000175063,-0.072701127,0.473750404
ENSG00000175066,-0.456313654,0.009159965
ENSG00000175073,-0.240662113,0.003803574
ENSG00000175084,-0.221179665,0.141464655
ENSG00000175087,0.158820446,0.255882066
ENSG00000175104,-0.077057327,0.423844253
ENSG00000175105,-0.134788491,0.120830762
ENSG00000175106,0.06289167,0.568928998
ENSG00000175110,-0.014242969,0.885066047
ENSG00000175115,0.026042693,0.720976788
ENSG00000175130,1.083702461,1.06E-10
ENSG00000175137,-0.106548439,0.256851327
ENSG00000175147,0.055455796,0.293196868
ENSG00000175155,-0.116944687,0.365590558
ENSG00000175161,-0.028250337,0.654131104
ENSG00000175166,0.04376782,0.609289617
ENSG00000175170,0.015976114,0.837100674
ENSG00000175175,-0.01542149,0.78878333
ENSG00000175182,-0.251121104,0.048564866
ENSG00000175183,0.001713645,0.991784211
ENSG00000175189,-0.059029835,0.248878689
ENSG00000175193,-0.09094167,0.317775693
ENSG00000175197,0.986780287,1.42E-09
ENSG00000175198,0.011085885,0.918561714
ENSG00000175203,-0.097213654,0.223012423
ENSG00000175213,0.219283098,0.071866597
ENSG00000175215,-0.041381822,0.535050537
ENSG00000175216,0.111648379,0.131033017
ENSG00000175220,-0.242921101,0.026559075
ENSG00000175221,0.0029942,0.980333039
ENSG00000175224,-0.211979568,0.049103184
ENSG00000175265,0.025180464,0.841668014
ENSG00000175267,0.072743695,0.45807707
ENSG00000175274,-0.178845824,0.170969927
ENSG00000175279,-0.028818226,0.822746344
ENSG00000175283,-0.128875363,0.173763613
ENSG00000175287,-0.02582808,0.809772889
ENSG00000175305,-0.085415193,0.485129395
ENSG00000175309,0.07861435,0.422545692
ENSG00000175315,0.002919616,0.946490836
ENSG00000175318,0.066039862,0.388210841
ENSG00000175322,0.293905809,0.076919238
ENSG00000175324,-0.484084536,0.000343085
ENSG00000175334,0.110225789,0.259547018
ENSG00000175344,-0.004002995,0.923551742
ENSG00000175348,-0.328674576,0.00267007
ENSG00000175352,-0.13733,0.320460879
ENSG00000175354,0.011135934,0.926017642
ENSG00000175356,-0.231542003,0.115790338
ENSG00000175376,-0.021108663,0.835760347
ENSG00000175387,-0.031916246,0.701923516
ENSG00000175390,-0.013006457,0.886431054
ENSG00000175395,-0.02187131,0.849183341
ENSG00000175414,0.128009873,0.332297943
ENSG00000175416,-0.30425271,0.009698712
ENSG00000175426,-0.075126389,0.484938972
ENSG00000175445,-0.007977004,0.80214155
ENSG00000175449,0.008030355,0.944523437
ENSG00000175455,0.252949769,0.061985043
ENSG00000175463,0.173270809,0.222640461
ENSG00000175467,0.013240111,0.897511228
ENSG00000175470,-0.102644207,0.278925831
ENSG00000175471,-1.508431113,0.000141825
ENSG00000175482,-0.638600818,1.46E-05
ENSG00000175489,2.935417398,5.16E-05
ENSG00000175505,0.082375855,0.514231239
ENSG00000175513,0.294277967,0.042316628
ENSG00000175518,-0.037126693,0.739066426
ENSG00000175536,0.010770953,0.913518002
ENSG00000175538,1.076286331,4.32E-06
ENSG00000175548,0.073865833,0.5566636
ENSG00000175550,0.231470201,0.01186193
ENSG00000175556,-0.046614831,0.459004313
ENSG00000175564,-0.106428954,0.363694996
ENSG00000175567,-0.000845621,0.990000124
ENSG00000175573,0.100503926,0.276575873
ENSG00000175575,0.085590238,0.392722136
ENSG00000175581,0.263238743,0.025858147
ENSG00000175582,-0.192625634,0.017260664
ENSG00000175592,0.24254187,0.118275392
ENSG00000175595,0.048500975,0.638685932
ENSG00000175600,-0.313643083,0.040757541
ENSG00000175602,0.236071552,0.116653304
ENSG00000175606,-0.249607166,0.052041454
ENSG00000175611,0.097171009,0.466122526
ENSG00000175634,0.000713073,0.99355612
ENSG00000175643,0.127879287,0.3430237
ENSG00000175662,-0.087113578,0.388872598
ENSG00000175664,-0.02156236,0.692704666
ENSG00000175676,0.084439335,0.209361994
ENSG00000175691,0.070015195,0.595576337
ENSG00000175697,0.017667474,0.819921083
ENSG00000175701,0.016255984,0.898625405
ENSG00000175711,0.046419038,0.713373913
ENSG00000175727,-0.230648117,0.106415814
ENSG00000175728,-0.023632881,0.692981234
ENSG00000175730,-0.004044769,0.973931276
ENSG00000175741,-1.074209989,9.91E-10
ENSG00000175745,0.341803913,0.024725279
ENSG00000175756,-0.109775869,0.315051895
ENSG00000175764,0.232909422,0.11591362
ENSG00000175768,-0.034419071,0.762530654
ENSG00000175772,-0.068295162,0.555624533
ENSG00000175773,0.024458931,0.689710211
ENSG00000175782,-0.278888894,0.014518067
ENSG00000175787,-0.02241728,0.861696583
ENSG00000175792,-0.093458021,0.36732087
ENSG00000175806,0.019160902,0.884525332
ENSG00000175826,-0.037293619,0.649979691
ENSG00000175832,-0.060191917,0.625952983
ENSG00000175854,0.149259711,0.122464736
ENSG00000175866,0.005311431,0.968918749
ENSG00000175873,-0.163364542,0.244908685
ENSG00000175874,0.054353937,0.3407008
ENSG00000175879,0.011333286,0.828905104
ENSG00000175886,0.058120106,0.623342812
ENSG00000175893,-0.209392267,0.097892519
ENSG00000175894,0.017141409,0.766287703
ENSG00000175895,-0.272892286,0.028837529
ENSG00000175898,-0.043608784,0.688045989
ENSG00000175899,-0.020657061,0.765828967
ENSG00000175906,0.026763485,0.862837645
ENSG00000175911,-0.063659268,0.61748357
ENSG00000175928,1.70282838,0.000894424
ENSG00000175931,-0.185096805,0.090158057
ENSG00000175938,-0.205148872,0.14238147
ENSG00000175946,-0.890097424,7.25E-05
ENSG00000175967,0.142751988,0.034775579
ENSG00000175970,-0.289019483,0.02661482
ENSG00000175984,0.05163835,0.693980014
ENSG00000175985,0.016327447,0.736210991
ENSG00000176014,-0.159670078,0.263397704
ENSG00000176018,-0.038586559,0.686096665
ENSG00000176022,-0.046509314,0.704640975
ENSG00000176024,0.223968996,0.141976425
ENSG00000176029,0.008545494,0.909243438
ENSG00000176046,0.223784621,0.074524808
ENSG00000176054,0.065340177,0.561614998
ENSG00000176055,0.189002986,0.141681549
ENSG00000176058,-0.216627279,0.104052515
ENSG00000176076,0.135003071,0.079851587
ENSG00000176087,-0.08539017,0.344114786
ENSG00000176095,-0.226732339,0.005888171
ENSG00000176101,-0.22161851,0.059440222
ENSG00000176102,0.252613765,0.034790464
ENSG00000176105,0.184356738,0.042220968
ENSG00000176108,0.209668936,0.127259168
ENSG00000176124,0.094358799,0.471398713
ENSG00000176125,-0.296209907,0.070499903
ENSG00000176142,-0.138585507,0.200644827
ENSG00000176148,-0.318785047,0.000557407
ENSG00000176153,-0.022939994,0.683971913
ENSG00000176155,0.087882391,0.453118807
ENSG00000176165,-0.147285314,0.054319156
ENSG00000176170,-0.131537885,0.160682583
ENSG00000176171,-0.257037531,0.106836915
ENSG00000176182,-0.064458061,0.582003043
ENSG00000176208,-0.049937281,0.701679235
ENSG00000176209,-0.119243979,0.315364929
ENSG00000176222,0.204288259,0.162743041
ENSG00000176225,0.631743759,2.60E-06
ENSG00000176236,0.024584824,0.648227642
ENSG00000176244,-0.020063763,0.737082424
ENSG00000176248,-0.041462359,0.730869522
ENSG00000176261,0.036243922,0.751254893
ENSG00000176268,0.022679784,0.67429968
ENSG00000176273,0.108104997,0.406718984
ENSG00000176274,0.233149303,0.123164145
ENSG00000176289,0.01765103,0.721072984
ENSG00000176293,1.062257036,6.17E-07
ENSG00000176340,-0.138215171,0.272128526
ENSG00000176371,0.636176103,6.63E-05
ENSG00000176383,-0.150539889,0.106908113
ENSG00000176386,-0.192777892,0.040689717
ENSG00000176387,0.287758379,0.010600826
ENSG00000176390,-0.693019991,1.16E-06
ENSG00000176393,0.165357256,0.180166572
ENSG00000176396,-0.149474563,0.191628132
ENSG00000176399,0.174064207,0.107434345
ENSG00000176401,-0.064023266,0.625624467
ENSG00000176407,-0.115416663,0.1920423
ENSG00000176410,0.278437126,0.044611955
ENSG00000176422,-0.012588411,0.920132101
ENSG00000176428,0.46716126,0.008043229
ENSG00000176435,0.017199101,0.688609325
ENSG00000176438,-0.229935486,0.127780599
ENSG00000176444,0.047970009,0.636284359
ENSG00000176454,0.051408295,0.64846883
ENSG00000176463,-0.1309251,0.305800482
ENSG00000176472,0.051553433,0.688167886
ENSG00000176473,0.097508171,0.442197878
ENSG00000176476,0.109084673,0.404754225
ENSG00000176485,-0.133511462,0.30068037
ENSG00000176490,0.022499079,0.803014213
ENSG00000176515,0.003303383,0.949834508
ENSG00000176531,0.759746294,3.71E-06
ENSG00000176532,-0.029271325,0.522597367
ENSG00000176533,-0.213135737,0.155733312
ENSG00000176542,0.16975959,0.15389172
ENSG00000176563,0.033320926,0.766962736
ENSG00000176593,0.252946136,0.06035417
ENSG00000176595,-0.138854507,0.151112875
ENSG00000176597,-0.489460472,0.021797296
ENSG00000176619,-0.079189567,0.522085664
ENSG00000176623,-0.077473841,0.523842723
ENSG00000176624,-0.035797998,0.707055218
ENSG00000176641,-0.234094566,0.126567899
ENSG00000176658,-0.157767419,0.199218372
ENSG00000176678,-0.108924391,0.411098023
ENSG00000176681,0.109218773,0.414407111
ENSG00000176692,-0.311357162,0.067327391
ENSG00000176697,0.078344824,0.55505075
ENSG00000176700,0.114367955,0.341106505
ENSG00000176714,0.245273486,0.105494635
ENSG00000176715,-0.097606601,0.354828241
ENSG00000176716,-0.011828083,0.818121011
ENSG00000176720,0.164267959,0.175087739
ENSG00000176723,0.206345711,0.164152643
ENSG00000176728,0.010733666,0.813930894
ENSG00000176731,0.073334289,0.556483716
ENSG00000176732,0.083976755,0.45863815
ENSG00000176749,0.293243641,0.076445651
ENSG00000176761,0.060247613,0.543016508
ENSG00000176771,2.131534519,1.53E-14
ENSG00000176783,0.118669261,0.255130979
ENSG00000176788,0.03993415,0.760223348
ENSG00000176809,0.207407786,0.135946018
ENSG00000176826,5.93E-05,0.977919818
ENSG00000176834,-0.209372631,0.065345466
ENSG00000176845,0.497305816,0.000215342
ENSG00000176853,0.112308342,0.183268996
ENSG00000176857,0.133184818,0.303829186
ENSG00000176871,-0.225325364,0.069524822
ENSG00000176890,0.654565494,0.006295
ENSG00000176894,-0.264987664,0.072040063
ENSG00000176896,0.00922024,0.944235
ENSG00000176903,0.015548762,0.836917116
ENSG00000176907,-0.15710196,0.111370536
ENSG00000176909,0.954065582,0.000180851
ENSG00000176912,0.159728106,0.138369455
ENSG00000176915,-0.291462326,0.000217506
ENSG00000176919,0.036870681,0.70874088
ENSG00000176920,0.200036205,0.106048915
ENSG00000176927,-0.267131552,0.082473976
ENSG00000176928,-1.656371436,0.000136334
ENSG00000176933,-0.019576544,0.864164038
ENSG00000176945,-0.009121719,0.938550959
ENSG00000176946,-0.018420239,0.86046398
ENSG00000176953,-0.116948157,0.148169365
ENSG00000176971,-1.178436466,3.36E-07
ENSG00000176973,-0.099427525,0.45809178
ENSG00000176974,-0.838132549,2.23E-06
ENSG00000176978,-0.064647399,0.554379205
ENSG00000176986,0.031678266,0.630501346
ENSG00000176994,0.084582031,0.443787575
ENSG00000177000,0.070512866,0.564975804
ENSG00000177025,-0.129207994,0.251130541
ENSG00000177030,0.14741577,0.06801441
ENSG00000177034,0.15350814,0.232788085
ENSG00000177042,0.268997094,0.008625994
ENSG00000177045,0.010977474,0.937750272
ENSG00000177051,-0.092995004,0.395770811
ENSG00000177054,-0.524815836,0.000159576
ENSG00000177058,-0.153624287,0.184353835
ENSG00000177076,0.285808614,0.080883363
ENSG00000177082,0.155187241,0.092186614
ENSG00000177084,-0.093340992,0.468494048
ENSG00000177096,-0.11498527,0.363748316
ENSG00000177098,0.10033543,0.378651387
ENSG00000177105,-0.160780668,0.067052515
ENSG00000177106,0.161647652,0.140044393
ENSG00000177112,-0.177340552,0.16075208
ENSG00000177119,-0.234427522,0.025079519
ENSG00000177125,-0.255594017,0.012870275
ENSG00000177133,0.02873882,0.749991684
ENSG00000177144,-0.423390105,0.029691894
ENSG00000177150,0.004209314,0.97549519
ENSG00000177156,-0.183534346,0.100333461
ENSG00000177169,0.022913351,0.842220125
ENSG00000177173,-0.047645713,0.528020706
ENSG00000177181,0.009274674,0.823493203
ENSG00000177182,-0.03913251,0.57413992
ENSG00000177189,0.085832747,0.404346169
ENSG00000177191,-0.351961088,0.035680631
ENSG00000177192,-0.500566935,0.007281343
ENSG00000177197,0.124194529,0.343625457
ENSG00000177200,-0.224871637,0.080503634
ENSG00000177225,-0.064127406,0.495644876
ENSG00000177236,0.018988925,0.881064443
ENSG00000177239,0.056531187,0.468358988
ENSG00000177272,0.354545132,0.034606729
ENSG00000177283,-2.407063248,5.31E-19
ENSG00000177294,0.041733937,0.503969208
ENSG00000177301,0.038244306,0.380258219
ENSG00000177302,-0.033091617,0.777802603
ENSG00000177303,-0.07809128,0.49244884
ENSG00000177306,-0.032629424,0.622609567
ENSG00000177311,-0.024555296,0.822649702
ENSG00000177335,0.235436961,0.12512267
ENSG00000177337,-0.363182064,0.01598251
ENSG00000177350,0.003022299,0.952384047
ENSG00000177352,0.163380839,0.136901396
ENSG00000177359,0.053564419,0.365102708
ENSG00000177363,0.066429039,0.56566837
ENSG00000177370,-0.003193376,0.977718522
ENSG00000177374,0.05681736,0.642364689
ENSG00000177380,0.366389459,0.044376381
ENSG00000177383,0.247904461,0.020170455
ENSG00000177406,0.216419986,0.143961562
ENSG00000177409,0.535154469,6.62E-06
ENSG00000177410,0.006408065,0.960553162
ENSG00000177425,-0.798727975,0.000400018
ENSG00000177426,-0.884772359,1.68E-09
ENSG00000177427,0.179940327,0.191108184
ENSG00000177432,0.475457384,0.0036345
ENSG00000177453,0.555245357,0.018298437
ENSG00000177455,0.002560228,0.959826945
ENSG00000177459,0.315274551,0.065016568
ENSG00000177463,0.180527134,0.12831635
ENSG00000177464,0.095806621,0.451390588
ENSG00000177465,-0.191217306,0.043662836
ENSG00000177469,-0.587290666,1.74E-05
ENSG00000177479,-0.008618629,0.910999399
ENSG00000177483,-0.095024902,0.417961268
ENSG00000177485,-0.055471187,0.615772619
ENSG00000177494,-0.013745423,0.830404161
ENSG00000177508,0.064658486,0.205652813
ENSG00000177542,-0.173951911,0.184756792
ENSG00000177548,0.103969884,0.334844017
ENSG00000177556,0.066568601,0.524064449
ENSG00000177565,0.259630116,0.007749859
ENSG00000177570,1.887403494,4.08E-08
ENSG00000177575,-4.000920229,2.07E-06
ENSG00000177576,0.006989934,0.940545216
ENSG00000177595,0.570046981,0.003709412
ENSG00000177599,0.380249296,0.039658668
ENSG00000177600,-0.071077388,0.585588515
ENSG00000177602,-0.148235581,0.191603131
ENSG00000177606,0.87144818,0.001032674
ENSG00000177613,-0.0987373,0.369454522
ENSG00000177614,2.378123389,9.74E-13
ENSG00000177628,0.266739369,0.000698623
ENSG00000177640,0.052089002,0.687299923
ENSG00000177646,0.032031425,0.717899324
ENSG00000177663,-0.416328623,0.002106661
ENSG00000177666,-1.086635017,4.95E-26
ENSG00000177674,-1.070187775,4.13E-13
ENSG00000177675,-0.063758646,0.335770542
ENSG00000177679,0.041177403,0.721504101
ENSG00000177683,0.068176382,0.537377918
ENSG00000177685,0.122411589,0.243938089
ENSG00000177692,0.103421058,0.395369121
ENSG00000177694,0.31393096,0.052901753
ENSG00000177697,-0.127419106,0.188518704
ENSG00000177700,-0.117001806,0.202258371
ENSG00000177706,-0.861419933,2.23E-05
ENSG00000177707,-0.146046561,0.282962116
ENSG00000177710,-0.001908086,0.966792301
ENSG00000177721,0.035395377,0.772129628
ENSG00000177728,0.005367648,0.953072238
ENSG00000177731,-0.162879322,0.064475069
ENSG00000177732,0.340084725,0.044428227
ENSG00000177733,0.044134126,0.668199501
ENSG00000177738,-0.057076942,0.662351682
ENSG00000177757,0.019925309,0.806628276
ENSG00000177764,0.059153046,0.596519412
ENSG00000177788,0.024249168,0.802905281
ENSG00000177791,-0.026671908,0.520903265
ENSG00000177822,-8.04E-05,0.997854824
ENSG00000177830,0.107756156,0.304785719
ENSG00000177839,0.08263884,0.518938172
ENSG00000177842,-0.082799563,0.479158519
ENSG00000177853,0.101545152,0.407073854
ENSG00000177854,-0.208985455,0.147859397
ENSG00000177855,0.227033075,0.100807314
ENSG00000177868,0.307630522,0.013774946
ENSG00000177873,-0.033796521,0.777927105
ENSG00000177875,-0.443387037,0.028508509
ENSG00000177879,-0.086594466,0.306042887
ENSG00000177885,-0.031924149,0.727359391
ENSG00000177888,-0.024706527,0.811470218
ENSG00000177889,-0.267921013,0.009406276
ENSG00000177917,-0.237791307,0.045232536
ENSG00000177932,0.103077869,0.367250692
ENSG00000177943,0.029194415,0.813332975
ENSG00000177946,0.192465585,0.165265021
ENSG00000177951,0.137566288,0.197160855
ENSG00000177954,0.08717273,0.402328705
ENSG00000177963,-0.027668546,0.770960119
ENSG00000177971,-0.097712887,0.437818841
ENSG00000177981,0.217432088,0.04988931
ENSG00000177989,-0.276449774,0.088639266
ENSG00000177990,0.077646123,0.556787118
ENSG00000177994,0.075301269,0.067720143
ENSG00000178015,-2.360675863,1.35E-06
ENSG00000178026,0.293166859,0.039429938
ENSG00000178028,0.405583458,0.00282405
ENSG00000178031,0.540741268,0.018895607
ENSG00000178033,-0.247795129,0.069497198
ENSG00000178035,0.121981496,0.356276917
ENSG00000178038,0.836915999,0.001630539
ENSG00000178053,0.564858265,0.005433665
ENSG00000178057,0.112116732,0.281654916
ENSG00000178074,-0.129529069,0.28045676
ENSG00000178075,-0.018782037,0.879859277
ENSG00000178078,0.24155016,0.120804396
ENSG00000178081,-0.039310345,0.60406863
ENSG00000178082,-0.021900523,0.841713814
ENSG00000178093,-0.0728967,0.578664414
ENSG00000178096,0.11518812,0.382405161
ENSG00000178104,-0.036314629,0.779004848
ENSG00000178105,-0.229995904,0.047081206
ENSG00000178115,0.271845814,0.045682776
ENSG00000178125,0.231782518,0.009873719
ENSG00000178127,0.031331062,0.729023048
ENSG00000178146,-0.199425998,0.09475522
ENSG00000178149,0.111129928,0.327514825
ENSG00000178150,0.066197157,0.264530248
ENSG00000178162,0.011184347,0.865513565
ENSG00000178163,0.088245522,0.474736039
ENSG00000178177,0.032751552,0.797258848
ENSG00000178184,0.818248834,0.003825586
ENSG00000178187,0.212775333,0.139105077
ENSG00000178188,0.006461653,0.955332543
ENSG00000178199,0.000778493,0.989134951
ENSG00000178201,0.104807477,0.247209461
ENSG00000178202,-0.032631964,0.796611551
ENSG00000178209,-0.697103657,0.000927326
ENSG00000178222,0.043120784,0.6034542
ENSG00000178226,-0.044900115,0.584031282
ENSG00000178229,0.027619465,0.8306041
ENSG00000178234,-0.188560118,0.051967476
ENSG00000178235,-0.064111804,0.314122763
ENSG00000178252,0.254980439,0.020536088
ENSG00000178295,0.011983614,0.920508071
ENSG00000178297,0.107621951,0.417871513
ENSG00000178301,0.702970775,0.002325715
ENSG00000178307,-0.345767134,0.002374602
ENSG00000178338,0.034847414,0.776862293
ENSG00000178342,-0.384972884,0.025820623
ENSG00000178343,0.243117889,0.093430348
ENSG00000178381,-0.074624316,0.522505032
ENSG00000178385,-0.085843051,0.515054543
ENSG00000178386,0.175231568,0.188924759
ENSG00000178397,0.137567073,0.154022953
ENSG00000178401,0.485129844,0.016519124
ENSG00000178404,0.09189535,0.363221376
ENSG00000178409,0.044574487,0.734629676
ENSG00000178425,0.691139542,9.33E-09
ENSG00000178429,0.102195035,0.326309062
ENSG00000178430,0.009611519,0.848829722
ENSG00000178440,0.079519337,0.546311728
ENSG00000178445,0.056061446,0.103596676
ENSG00000178449,-0.410681462,0.002081297
ENSG00000178458,0.200367603,0.02870285
ENSG00000178460,0.034229694,0.746017145
ENSG00000178464,-0.008464483,0.938805859
ENSG00000178467,-0.158395392,0.220910473
ENSG00000178498,0.196580656,0.152454673
ENSG00000178502,0.109746083,0.418496678
ENSG00000178531,0.282614143,0.084118366
ENSG00000178537,0.074746348,0.518031293
ENSG00000178567,0.264521819,0.001177367
ENSG00000178568,-0.034987964,0.503011573
ENSG00000178573,0.452189145,0.015474722
ENSG00000178585,-0.069597096,0.563316153
ENSG00000178605,-0.349281054,0.002120939
ENSG00000178607,-0.004518022,0.969240974
ENSG00000178623,0.041096285,0.701929954
ENSG00000178631,0.025889051,0.695630146
ENSG00000178636,-0.041399581,0.624774264
ENSG00000178660,0.055987956,0.644963873
ENSG00000178662,1.109882843,9.92E-05
ENSG00000178665,0.23978551,0.111354666
ENSG00000178685,0.191942185,0.163002662
ENSG00000178691,0.079877523,0.437383552
ENSG00000178694,0.132902628,0.265072717
ENSG00000178695,2.474981491,2.09E-44
ENSG00000178700,0.157402785,0.125541352
ENSG00000178715,-0.003102294,0.970472293
ENSG00000178718,-0.230275144,0.12837545
ENSG00000178719,-0.055965165,0.510651018
ENSG00000178723,-3.44291522,2.70E-11
ENSG00000178726,-0.109433434,0.340136568
ENSG00000178734,1.297901367,0.001034928
ENSG00000178741,-0.124040637,0.196986194
ENSG00000178750,0.028289924,0.518115922
ENSG00000178752,-0.259967477,0.084694072
ENSG00000178761,-0.144985185,0.074764035
ENSG00000178764,0.593335586,3.27E-05
ENSG00000178773,-0.009565491,0.924435995
ENSG00000178795,-0.130043258,0.075703384
ENSG00000178802,0.157359981,0.244942665
ENSG00000178803,0.022379897,0.785305515
ENSG00000178809,-0.107537675,0.421791655
ENSG00000178814,-0.304195993,0.017574177
ENSG00000178821,-0.019473196,0.783394668
ENSG00000178852,-0.105956272,0.430247182
ENSG00000178860,0.044897927,0.727998723
ENSG00000178878,0.443447369,0.02946455
ENSG00000178896,0.161465769,0.20409648
ENSG00000178904,-0.083097948,0.435370719
ENSG00000178913,-0.058181405,0.55095277
ENSG00000178917,0.201851998,0.175115924
ENSG00000178919,-0.002946097,NA
ENSG00000178921,0.026749432,0.838536172
ENSG00000178922,0.048225487,0.713160147
ENSG00000178927,0.107651084,0.244392798
ENSG00000178935,-0.140764822,0.305414008
ENSG00000178947,0.140757729,0.145210103
ENSG00000178950,-0.142254384,0.068112826
ENSG00000178951,-0.20156504,0.034363744
ENSG00000178952,-0.065333246,0.572579522
ENSG00000178966,0.076723796,0.504017492
ENSG00000178971,-0.018592165,0.87716073
ENSG00000178972,0.128546423,0.251252524
ENSG00000178974,0.142140754,0.167781938
ENSG00000178977,0.011423761,0.917186713
ENSG00000178980,-0.202796549,0.03091682
ENSG00000178982,0.018445387,0.877593228
ENSG00000178988,0.166338399,0.017888589
ENSG00000178996,-0.010262022,0.913965127
ENSG00000178999,-0.026922394,0.790716853
ENSG00000179008,0.014181619,0.826342509
ENSG00000179010,0.019723165,0.752758749
ENSG00000179021,0.067924577,0.446235821
ENSG00000179029,-0.170942462,0.226477074
ENSG00000179041,-0.291420829,0.054835372
ENSG00000179044,0.524673763,0.021013457
ENSG00000179051,0.035021759,0.776487002
ENSG00000179057,-0.062691738,0.407331885
ENSG00000179058,0.098997599,0.362854946
ENSG00000179071,0.177031895,0.218128836
ENSG00000179082,0.783196956,0.005691665
ENSG00000179085,-0.327882267,0.025921262
ENSG00000179091,-0.089106111,0.457082301
ENSG00000179094,-3.158109644,3.02E-56
ENSG00000179097,0.011468277,0.630087348
ENSG00000179101,0.221679537,0.038905087
ENSG00000179104,0.073637868,0.550812237
ENSG00000179115,-0.120189251,0.324052893
ENSG00000179119,-0.164940607,0.161871049
ENSG00000179133,0.043619391,0.355070986
ENSG00000179134,-0.221556385,0.031194359
ENSG00000179151,0.042055983,0.667326835
ENSG00000179152,0.074834157,0.522313139
ENSG00000179163,0.052029237,0.68983343
ENSG00000179168,0.054462137,0.631961527
ENSG00000179195,0.154578767,0.076535902
ENSG00000179218,0.063581383,0.631824003
ENSG00000179222,0.610971812,2.61E-07
ENSG00000179240,0.460285747,0.021548322
ENSG00000179241,-0.449133515,0.003797215
ENSG00000179242,-0.972754335,0.003783339
ENSG00000179256,0.023026526,0.806072664
ENSG00000179262,-0.195526905,0.018421706
ENSG00000179271,-0.150127174,0.136542764
ENSG00000179277,-0.115397458,0.38026848
ENSG00000179292,-0.004976367,0.910290468
ENSG00000179294,-0.881859359,0.000178602
ENSG00000179295,-0.46480411,1.91E-05
ENSG00000179296,0.169717201,0.13919691
ENSG00000179300,-2.709649994,3.32E-06
ENSG00000179304,-0.069212128,0.483697518
ENSG00000179314,-0.117612964,0.168655652
ENSG00000179335,0.021894324,0.823646829
ENSG00000179348,0.040705798,0.724536366
ENSG00000179361,-0.054504108,0.670715113
ENSG00000179362,-0.074105728,0.412463175
ENSG00000179364,-0.121288754,0.074427058
ENSG00000179387,-0.126386637,0.185139817
ENSG00000179388,1.651400289,1.08E-05
ENSG00000179397,-0.202625929,0.169926261
ENSG00000179403,0.047375035,0.707281738
ENSG00000179406,0.183621582,0.196024647
ENSG00000179409,-0.087252972,0.43719343
ENSG00000179428,-0.02306717,0.755004992
ENSG00000179431,-0.502184015,0.003364841
ENSG00000179454,-0.067521053,0.462698332
ENSG00000179455,0.052460874,0.472924753
ENSG00000179456,0.310514842,0.01652937
ENSG00000179476,-0.058538648,0.625069285
ENSG00000179523,-0.160185395,0.178065384
ENSG00000179526,-0.070749767,0.453793714
ENSG00000179528,0.138936254,0.21675511
ENSG00000179532,0.075288758,0.535087615
ENSG00000179542,0.006733894,0.906958236
ENSG00000179562,0.024580398,0.771765019
ENSG00000179571,0.023423758,0.768864087
ENSG00000179583,0.3002568,0.040753544
ENSG00000179588,0.267832634,0.063764786
ENSG00000179593,-11.09126305,1.12E-18
ENSG00000179598,-0.026358446,0.833594625
ENSG00000179604,0.08493432,0.491658987
ENSG00000179611,0.078468997,0.539056003
ENSG00000179627,0.053370802,0.681656671
ENSG00000179630,0.027627123,0.80372018
ENSG00000179632,-0.255063027,0.001432693
ENSG00000179698,-0.075736813,0.468930647
ENSG00000179715,-0.06308781,0.607136069
ENSG00000179743,-0.091518211,0.476649745
ENSG00000179750,-0.002435733,0.980955808
ENSG00000179761,0.008589184,0.93267185
ENSG00000179766,0.011547516,0.900929833
ENSG00000179813,2.423988358,0.003963854
ENSG00000179818,-0.069136163,0.553650855
ENSG00000179820,-1.4377837,3.87E-14
ENSG00000179832,-0.242064834,0.021104919
ENSG00000179833,0.183521909,0.071812046
ENSG00000179837,0.206626355,0.010174919
ENSG00000179841,-0.076911313,0.415468324
ENSG00000179846,-0.060687806,0.296484722
ENSG00000179855,-0.05459882,0.557304696
ENSG00000179859,-0.286799869,0.074139135
ENSG00000179862,-1.284681965,2.65E-05
ENSG00000179869,0.02216201,0.826844137
ENSG00000179886,-0.005823787,0.961636945
ENSG00000179889,0.106042971,0.321983005
ENSG00000179899,0.288497016,0.005408471
ENSG00000179909,0.478479091,0.008982064
ENSG00000179912,0.042943416,0.717153805
ENSG00000179918,-0.044324367,0.556633917
ENSG00000179921,-0.049259672,0.546353196
ENSG00000179922,0.287616667,0.057808199
ENSG00000179933,-0.033256013,0.667206333
ENSG00000179935,0.086488253,0.36866599
ENSG00000179938,0.038164629,0.761159325
ENSG00000179941,-0.267424635,0.018146824
ENSG00000179943,0.069180087,0.533016268
ENSG00000179950,-0.061940476,0.55138674
ENSG00000179954,0.146377671,0.253900382
ENSG00000179958,-0.0998745,0.437825314
ENSG00000179965,-0.039610605,0.759508048
ENSG00000179967,0.077296103,0.560539792
ENSG00000179978,0.237971824,0.123456158
ENSG00000179979,-0.013063361,0.905797217
ENSG00000179981,0.465416712,0.016843557
ENSG00000179988,0.092279145,0.490257525
ENSG00000179994,0.014061903,0.879501017
ENSG00000180008,-0.180218349,0.048340021
ENSG00000180011,0.154571908,0.177076961
ENSG00000180015,-0.199187377,0.134407738
ENSG00000180035,0.016510057,0.892731508
ENSG00000180089,0.051147413,0.599171587
ENSG00000180096,0.057452739,0.227378826
ENSG00000180098,-0.1730384,0.146117085
ENSG00000180104,0.039453923,0.648465855
ENSG00000180105,-0.016441921,0.794600943
ENSG00000180113,-0.108900776,0.254953161
ENSG00000180139,-1.162117859,0.001764756
ENSG00000180155,0.230054561,0.13120029
ENSG00000180172,-0.046102952,0.476766473
ENSG00000180182,-0.255926927,0.002189962
ENSG00000180185,0.079140141,0.444438492
ENSG00000180189,0.063226508,0.338797628
ENSG00000180190,-0.036909448,0.775879418
ENSG00000180198,-0.201989715,0.119620485
ENSG00000180211,-0.043804889,0.694628536
ENSG00000180228,-0.043667636,0.666627359
ENSG00000180229,0.051428487,0.64091605
ENSG00000180233,-0.149722947,0.279058793
ENSG00000180257,0.058859652,0.653988732
ENSG00000180263,-0.014434212,0.908071836
ENSG00000180279,0.035073546,0.490512432
ENSG00000180287,-0.070091062,NA
ENSG00000180304,0.210015597,0.018494931
ENSG00000180316,-0.102995609,0.129742699
ENSG00000180329,0.045269269,0.703864875
ENSG00000180336,0.166308343,0.18937465
ENSG00000180340,-0.124175979,0.252670584
ENSG00000180346,-0.0607692,0.641851554
ENSG00000180353,-0.018421066,0.778944029
ENSG00000180354,-0.382280897,0.004813381
ENSG00000180357,-0.023445659,0.826743124
ENSG00000180370,-0.085942863,0.298264948
ENSG00000180376,0.039647121,0.732899451
ENSG00000180385,0.070219674,0.561070909
ENSG00000180389,0.050708508,0.525050407
ENSG00000180398,-0.033247901,0.748877776
ENSG00000180422,-0.267747156,0.069332
ENSG00000180423,-0.036237029,0.77724341
ENSG00000180425,0.019471463,0.654972168
ENSG00000180432,-0.071413463,0.080545765
ENSG00000180447,-0.149736045,0.24650832
ENSG00000180448,-0.037046426,0.769969685
ENSG00000180458,0.048378839,0.45325375
ENSG00000180479,0.311363412,0.047243775
ENSG00000180481,0.147905998,0.220465043
ENSG00000180488,-0.415987603,0.001424343
ENSG00000180509,-0.126649433,0.293489336
ENSG00000180525,-0.290231061,0.030197806
ENSG00000180530,0.048460992,0.655219422
ENSG00000180537,-0.115511779,0.346658825
ENSG00000180543,0.061437403,0.535474892
ENSG00000180573,0.212896195,0.122921505
ENSG00000180574,0.203226976,0.077117411
ENSG00000180581,0.144146568,0.113511832
ENSG00000180592,0.02064109,0.866157054
ENSG00000180596,0.136202823,0.301306899
ENSG00000180610,0.008021189,0.893739621
ENSG00000180611,-0.459140022,0.002428372
ENSG00000180626,0.180560401,0.202738357
ENSG00000180628,-0.350178836,0.00653031
ENSG00000180638,0.008680001,0.856746761
ENSG00000180658,0.018927164,0.820996141
ENSG00000180660,-0.049207441,0.705740962
ENSG00000180667,-0.374894104,0.005407555
ENSG00000180672,-1.14074822,2.87E-05
ENSG00000180673,-0.010667117,0.931393774
ENSG00000180694,-0.559758877,0.002550458
ENSG00000180747,-0.031776128,0.775733442
ENSG00000180758,0.003417145,0.979501787
ENSG00000180764,-0.298554707,0.057381356
ENSG00000180769,0.141695842,0.309217049
ENSG00000180771,-0.319890861,0.025854203
ENSG00000180773,-0.289543028,0.004729304
ENSG00000180776,0.202074072,0.103444749
ENSG00000180777,0.062128663,0.357414381
ENSG00000180787,-0.003006049,0.971956019
ENSG00000180801,-0.183915863,0.194956954
ENSG00000180806,-0.03130913,0.650040442
ENSG00000180815,0.05480001,0.210639062
ENSG00000180817,0.270985479,0.026461703
ENSG00000180822,-0.097303744,0.402875859
ENSG00000180834,0.057750263,0.636171007
ENSG00000180855,0.158301574,0.262513926
ENSG00000180867,0.069146644,0.508308838
ENSG00000180875,0.207794779,0.143763134
ENSG00000180878,0.041568494,0.54368254
ENSG00000180879,0.004239606,0.975685144
ENSG00000180881,0.556460541,0.001165616
ENSG00000180884,0.166867584,0.237994886
ENSG00000180891,-0.522124612,5.56E-07
ENSG00000180900,0.038637147,0.745996772
ENSG00000180901,-0.102638853,0.241343888
ENSG00000180902,0.066270841,0.559700182
ENSG00000180914,-0.107907124,0.062238891
ENSG00000180917,0.063225759,0.489133063
ENSG00000180921,-0.152179534,0.264461465
ENSG00000180938,0.615617979,0.003491128
ENSG00000180953,0.068460055,0.602250658
ENSG00000180957,-0.31099359,0.000147692
ENSG00000180964,0.075172263,0.362487804
ENSG00000180979,-0.084989014,0.50818124
ENSG00000180992,0.370333277,0.006128986
ENSG00000180998,0.166009221,0.21745682
ENSG00000181004,-0.361102488,0.018071757
ENSG00000181007,0.139484764,0.252769062
ENSG00000181016,0.074544646,0.553054886
ENSG00000181019,0.581679772,0.002850751
ENSG00000181026,0.081693613,0.517246523
ENSG00000181027,-0.614715258,3.46E-10
ENSG00000181029,-0.007642433,0.871089421
ENSG00000181031,-0.098941998,0.422381671
ENSG00000181035,0.080344507,0.514304421
ENSG00000181036,-0.051686681,0.243648906
ENSG00000181038,-0.177493394,0.160691917
ENSG00000181039,-0.049492662,0.700684154
ENSG00000181045,0.317692505,0.001824082
ENSG00000181061,-1.184584982,2.98E-21
ENSG00000181072,0.573110097,0.002500857
ENSG00000181074,0.026470135,0.627456272
ENSG00000181085,0.025201904,0.660810894
ENSG00000181090,0.121855858,0.203344414
ENSG00000181097,-0.084753232,0.442329003
ENSG00000181104,-0.161328291,0.234372325
ENSG00000181135,-0.052564967,0.649385007
ENSG00000181163,0.109608693,0.200597987
ENSG00000181191,0.142521653,0.159036905
ENSG00000181192,-0.708921475,1.57E-07
ENSG00000181195,-0.053081442,0.682713636
ENSG00000181218,0.215377657,0.149085597
ENSG00000181220,-0.14035861,0.143709334
ENSG00000181222,-0.083638052,0.363161903
ENSG00000181227,-0.019726332,0.875262316
ENSG00000181240,0.053708385,0.331014136
ENSG00000181264,-0.062606262,0.605499728
ENSG00000181274,-0.110532585,0.408038341
ENSG00000181284,-0.041658909,0.735497565
ENSG00000181315,0.118273119,0.29408255
ENSG00000181322,-0.288162682,0.062472763
ENSG00000181333,0.016942984,0.800047831
ENSG00000181350,0.520267957,0.020597507
ENSG00000181359,0.053966841,0.607527687
ENSG00000181374,-0.013580001,0.863255231
ENSG00000181381,-0.386015658,0.016043035
ENSG00000181392,-0.077514623,0.401211117
ENSG00000181396,0.143117244,0.203849785
ENSG00000181404,0.092568875,0.253611066
ENSG00000181409,0.110619381,0.13763365
ENSG00000181444,0.164172118,0.147314508
ENSG00000181450,0.047532508,0.697234429
ENSG00000181458,-0.075712812,0.529498955
ENSG00000181467,1.252194531,4.69E-27
ENSG00000181472,0.525271039,0.000220182
ENSG00000181481,-0.406789686,0.000988616
ENSG00000181513,-0.033349705,0.787160001
ENSG00000181523,0.179748785,0.016707336
ENSG00000181524,-0.040276043,0.724273323
ENSG00000181541,-0.01585746,0.744906628
ENSG00000181544,-0.13460751,0.290736958
ENSG00000181555,0.047399223,0.548284375
ENSG00000181585,0.054415239,0.237470373
ENSG00000181588,0.291715082,0.035844256
ENSG00000181610,-0.231504079,0.027451186
ENSG00000181619,-0.136879679,0.32250672
ENSG00000181625,0.050385662,0.624423524
ENSG00000181634,2.394667676,3.53E-07
ENSG00000181638,0.073336599,0.556164457
ENSG00000181649,-0.30407454,0.069752988
ENSG00000181652,-0.007881119,0.902243175
ENSG00000181666,0.162752316,0.179519386
ENSG00000181690,-0.088739028,0.484024026
ENSG00000181704,-0.134382939,0.154654772
ENSG00000181722,0.219459529,0.141919442
ENSG00000181741,-0.050115827,0.578951923
ENSG00000181744,-0.046604183,0.686480885
ENSG00000181751,-0.249269139,0.070965973
ENSG00000181754,0.040060009,0.756873129
ENSG00000181773,0.05157691,0.377715459
ENSG00000181778,-0.059405966,0.514757006
ENSG00000181788,-0.208495212,0.033669626
ENSG00000181789,-0.086486514,0.302982271
ENSG00000181790,0.06459065,0.15863079
ENSG00000181798,0.088635141,0.151237295
ENSG00000181800,-0.704370168,0.002403691
ENSG00000181804,-0.414404014,0.007538647
ENSG00000181817,0.118988712,0.292313822
ENSG00000181819,-0.54757376,0.000652194
ENSG00000181826,-0.905941997,1.20E-06
ENSG00000181827,0.520575024,4.44E-06
ENSG00000181830,-0.580638832,3.56E-07
ENSG00000181852,-0.408879792,8.15E-05
ENSG00000181856,-0.061114054,0.230817255
ENSG00000181873,-0.035946455,0.757841065
ENSG00000181885,-0.173651949,0.158220091
ENSG00000181894,0.208661032,0.081172127
ENSG00000181896,-0.159499938,0.248658926
ENSG00000181904,-0.279848201,0.00259396
ENSG00000181915,0.034947555,0.693947867
ENSG00000181924,-0.02764516,0.822488667
ENSG00000181929,-0.030031374,0.676798022
ENSG00000181938,0.000474848,0.998279459
ENSG00000181982,0.160542302,0.053042698
ENSG00000181984,0.07371199,0.113871781
ENSG00000181991,-0.069812263,0.558764295
ENSG00000182004,-0.079638479,0.510118493
ENSG00000182010,1.833957842,9.32E-14
ENSG00000182013,0.012293235,0.880610313
ENSG00000182022,-0.096066327,0.422234939
ENSG00000182054,-0.515023774,0.000496387
ENSG00000182057,0.052288886,0.402706302
ENSG00000182087,-0.165308129,0.076459459
ENSG00000182093,-0.221586107,0.05340992
ENSG00000182095,-0.150391419,0.033228362
ENSG00000182107,-0.291207631,0.058342008
ENSG00000182108,0.007995416,0.906931449
ENSG00000182109,0.083585915,0.504455864
ENSG00000182117,-0.103479566,0.265006397
ENSG00000182118,-0.316926844,0.032976618
ENSG00000182134,0.09982339,0.440540712
ENSG00000182141,-0.036411648,0.765255475
ENSG00000182149,-0.024025327,0.733034455
ENSG00000182150,0.02509331,0.800694515
ENSG00000182154,-0.42972449,0.007950512
ENSG00000182158,-0.454755212,0.003835646
ENSG00000182165,0.017562698,0.88317554
ENSG00000182168,0.063653485,0.420761339
ENSG00000182173,0.004423115,0.973329656
ENSG00000182175,-0.270180061,0.083978377
ENSG00000182179,0.357844546,0.01181968
ENSG00000182180,-0.0013431,0.987740417
ENSG00000182183,0.002857206,0.949375392
ENSG00000182185,0.366795412,0.035909376
ENSG00000182195,0.23394294,0.01015655
ENSG00000182196,0.027003112,0.748211304
ENSG00000182197,0.814406884,4.87E-12
ENSG00000182199,0.676231382,4.67E-11
ENSG00000182208,-0.103876958,0.379237032
ENSG00000182217,0.47005355,0.000404908
ENSG00000182218,0.020039623,0.876854148
ENSG00000182220,-0.079531222,0.415541974
ENSG00000182224,0.080106034,0.45198774
ENSG00000182230,-0.086816356,0.056091354
ENSG00000182240,-0.045652689,0.728046109
ENSG00000182247,0.040948248,0.751777538
ENSG00000182253,-0.007187252,0.943009757
ENSG00000182257,0.080529942,0.492141295
ENSG00000182261,-0.199785511,0.039443295
ENSG00000182263,0.439205336,0.004594321
ENSG00000182272,0.652712058,0.004501322
ENSG00000182287,-0.263955558,0.062963072
ENSG00000182307,-0.095838525,0.25960866
ENSG00000182308,0.028597685,0.570788302
ENSG00000182310,0.19538716,0.185140933
ENSG00000182318,0.181606431,0.170065662
ENSG00000182319,0.020629739,0.87498305
ENSG00000182324,-0.042098351,0.718468964
ENSG00000182325,-0.28154618,0.059125024
ENSG00000182326,-0.094987271,0.31182275
ENSG00000182327,0.248819385,0.088814675
ENSG00000182329,0.32672642,0.015919313
ENSG00000182330,-0.035541431,0.067042058
ENSG00000182347,-0.052291735,0.339207824
ENSG00000182359,-0.126625079,0.352381861
ENSG00000182362,-0.057471744,0.647289561
ENSG00000182366,0.009851627,0.880229992
ENSG00000182368,0.015688125,0.87954859
ENSG00000182372,0.224482569,0.082749734
ENSG00000182378,0.053768707,0.70153111
ENSG00000182379,0.941690248,0.001764483
ENSG00000182389,0.257101689,0.096164271
ENSG00000182397,0.445153734,0.028913124
ENSG00000182400,-0.071981044,0.538749406
ENSG00000182405,0.069473531,0.59939642
ENSG00000182446,-0.236671271,0.000454064
ENSG00000182463,0.011310453,0.828040927
ENSG00000182472,0.006657286,0.936683754
ENSG00000182473,0.340369988,0.005884176
ENSG00000182481,0.167320204,0.177677376
ENSG00000182484,-0.035912245,0.780060996
ENSG00000182489,0.038655047,0.448571075
ENSG00000182492,0.289503946,0.047706153
ENSG00000182500,0.141887343,0.263399635
ENSG00000182502,-0.242681121,0.118981783
ENSG00000182504,0.115602525,0.256864537
ENSG00000182508,0.108729575,0.081866787
ENSG00000182511,0.109656569,0.412831867
ENSG00000182512,-0.04086503,0.682104187
ENSG00000182518,0.070062491,0.569376871
ENSG00000182534,-0.154256517,0.133274088
ENSG00000182541,-0.077233569,0.509868904
ENSG00000182544,-0.131425862,0.237465779
ENSG00000182551,-0.498761877,0.000183956
ENSG00000182552,-1.077110223,3.59E-11
ENSG00000182568,0.304177918,0.01720992
ENSG00000182574,0.027587034,0.586380036
ENSG00000182575,-0.925132675,0.002871383
ENSG00000182578,-0.047835252,0.567918799
ENSG00000182580,1.32597096,1.48E-06
ENSG00000182584,-0.187875074,0.160528859
ENSG00000182600,0.020775315,0.838333343
ENSG00000182606,0.011782976,0.921892744
ENSG00000182612,0.064057734,0.504944125
ENSG00000182621,0.676066833,4.82E-05
ENSG00000182625,0.028026098,0.795622458
ENSG00000182628,0.292114177,0.009547246
ENSG00000182632,0.014242659,0.818591875
ENSG00000182636,0.100254605,0.470009894
ENSG00000182646,-0.053214754,0.585264702
ENSG00000182648,0.003987484,0.972908993
ENSG00000182667,0.422513924,0.028610789
ENSG00000182670,0.503046347,1.40E-05
ENSG00000182674,0.172022121,0.015683118
ENSG00000182685,-0.599753532,0.010862107
ENSG00000182700,-0.242411024,0.036238517
ENSG00000182704,-0.847419752,7.50E-05
ENSG00000182718,-0.643974025,4.61E-10
ENSG00000182732,1.995206992,0.001329259
ENSG00000182742,-0.110285643,0.407928843
ENSG00000182749,-0.118156526,0.253541448
ENSG00000182752,-0.071270735,0.432528963
ENSG00000182768,0.179302861,0.13319626
ENSG00000182771,0.010357115,0.803529779
ENSG00000182774,-0.053332227,0.679356158
ENSG00000182791,0.036816005,0.639187864
ENSG00000182796,-0.343976349,0.009663251
ENSG00000182809,-0.614045705,1.95E-06
ENSG00000182810,-0.095312761,0.447017436
ENSG00000182814,-0.016216714,0.780317569
ENSG00000182827,-0.091502451,0.259408013
ENSG00000182831,-0.063220766,0.446256104
ENSG00000182836,-2.815743005,6.21E-05
ENSG00000182841,0.055198326,0.649399273
ENSG00000182853,-0.015763939,0.85218257
ENSG00000182858,0.055679792,0.661437984
ENSG00000182871,-0.267477054,0.073069455
ENSG00000182872,0.02565632,0.813685809
ENSG00000182873,0.082199332,0.526594946
ENSG00000182890,-0.284103275,0.035195332
ENSG00000182899,0.01386407,0.899972824
ENSG00000182901,0.036718708,0.639603061
ENSG00000182902,-0.171150216,0.182429612
ENSG00000182903,0.013885366,0.914508191
ENSG00000182909,-0.07888252,0.542448215
ENSG00000182912,-0.023413762,0.833455745
ENSG00000182916,0.489359219,1.30E-05
ENSG00000182919,0.000982213,0.993215965
ENSG00000182923,-0.055392673,0.539523217
ENSG00000182931,0.048861035,0.345202699
ENSG00000182934,-0.03308419,0.730775016
ENSG00000182944,-0.195131082,0.030948708
ENSG00000182950,0.176722767,0.077636029
ENSG00000182952,-0.258777014,0.006540613
ENSG00000182957,0.435360479,0.005394187
ENSG00000182963,0.260454081,0.027197197
ENSG00000182973,0.014336729,0.881730313
ENSG00000182979,-0.040730463,0.67073657
ENSG00000182983,0.077626664,0.549537665
ENSG00000182985,0.758058973,0.010304969
ENSG00000182986,0.145091104,0.261146845
ENSG00000182993,0.047916544,0.685426137
ENSG00000183010,0.558759674,0.002625297
ENSG00000183011,-0.08645744,0.457593339
ENSG00000183018,0.135282144,0.135479188
ENSG00000183020,-0.011377484,0.917200422
ENSG00000183022,-0.011463043,0.886785673
ENSG00000183023,0.655184813,0.001898345
ENSG00000183032,-0.038146601,0.66325827
ENSG00000183044,-1.143140523,4.93E-33
ENSG00000183048,-0.011776978,0.909591037
ENSG00000183049,0.724419909,3.78E-07
ENSG00000183054,0.16678919,0.163691003
ENSG00000183055,-0.04096108,0.673815728
ENSG00000183060,-0.055758761,0.664821096
ENSG00000183066,0.089947312,0.382598133
ENSG00000183077,-0.240524664,0.07759881
ENSG00000183086,-0.138390511,0.316974127
ENSG00000183087,-0.068532862,0.499974183
ENSG00000183091,0.041728706,0.724571755
ENSG00000183092,2.505294934,0.00187719
ENSG00000183098,-0.018070947,0.886221783
ENSG00000183111,0.352946848,0.048060037
ENSG00000183117,0.022295208,0.614305793
ENSG00000183134,-0.061251899,0.418060137
ENSG00000183137,0.214199361,0.055179486
ENSG00000183148,0.056403969,0.188669809
ENSG00000183150,-0.007555872,0.885500637
ENSG00000183153,0.034742685,0.659784001
ENSG00000183154,-0.271640236,0.020431716
ENSG00000183155,-0.17123092,0.130083874
ENSG00000183160,1.149963365,1.53E-25
ENSG00000183161,0.117761773,0.325457734
ENSG00000183169,-0.149797003,0.054606122
ENSG00000183171,-0.075172228,0.470120485
ENSG00000183172,0.001894205,0.988408904
ENSG00000183199,0.166074524,0.186438591
ENSG00000183207,-0.163173499,0.146051755
ENSG00000183208,0.038524525,0.755184727
ENSG00000183246,0.033902772,0.750563113
ENSG00000183250,0.023256235,0.854767572
ENSG00000183255,-0.268732799,0.035199292
ENSG00000183258,-0.010962756,0.927283847
ENSG00000183260,0.044712663,0.724480201
ENSG00000183281,-0.12028897,0.377285539
ENSG00000183283,-0.074476557,0.282534504
ENSG00000183287,-0.542897801,0.000237899
ENSG00000183291,-0.360891361,0.000898549
ENSG00000183298,0.018904538,0.881454833
ENSG00000183307,0.003003977,0.977560134
ENSG00000183309,0.156122507,0.106575857
ENSG00000183317,-0.020413344,0.655173207
ENSG00000183323,0.073626325,0.578817132
ENSG00000183337,0.059289798,0.625572787
ENSG00000183340,0.125234734,0.182696157
ENSG00000183346,0.175171776,0.155691654
ENSG00000183354,0.142452834,0.158350892
ENSG00000183378,-0.04859086,0.42695292
ENSG00000183386,-0.128648922,0.292007596
ENSG00000183395,0.063925099,0.083559361
ENSG00000183397,-0.190621143,0.188568347
ENSG00000183401,0.276063618,0.031854894
ENSG00000183405,-0.013933565,0.895775598
ENSG00000183423,0.012905769,0.759360599
ENSG00000183426,-0.21250059,0.067494449
ENSG00000183431,-0.152417712,0.060855356
ENSG00000183439,-0.095349039,0.389913461
ENSG00000183444,0.101932308,0.402011898
ENSG00000183454,3.605574218,0.000316986
ENSG00000183458,-0.187862095,0.179495017
ENSG00000183473,0.044770635,0.303047223
ENSG00000183474,-0.049710677,0.67375543
ENSG00000183475,-0.062375848,0.574954874
ENSG00000183476,0.100073027,0.174633562
ENSG00000183479,0.133717795,0.323467158
ENSG00000183484,0.166101556,0.095814379
ENSG00000183486,-0.018250113,0.874639764
ENSG00000183495,0.132197205,0.189980723
ENSG00000183496,1.439548511,2.52E-05
ENSG00000183506,0.079024804,0.476471682
ENSG00000183508,2.377922687,1.57E-13
ENSG00000183513,0.048159171,0.627495366
ENSG00000183520,-0.031651347,0.77133848
ENSG00000183527,0.042768775,0.689844024
ENSG00000183530,-0.22634366,0.028051899
ENSG00000183558,-0.234248578,0.111291524
ENSG00000183562,-0.01934016,0.750926462
ENSG00000183569,0.031810112,0.806053755
ENSG00000183570,-0.137874033,0.053152097
ENSG00000183576,-0.189873014,0.060891313
ENSG00000183578,-0.1786192,0.211188564
ENSG00000183579,-0.260944911,0.028212299
ENSG00000183580,-0.418960561,0.011397348
ENSG00000183597,0.002632202,0.978148315
ENSG00000183598,-0.052580077,0.548577157
ENSG00000183604,-0.010671745,0.91679716
ENSG00000183605,-0.039880602,0.756378286
ENSG00000183615,0.062868529,0.62493341
ENSG00000183617,-0.08597071,0.453638141
ENSG00000183621,-0.650086582,3.88E-06
ENSG00000183624,-0.132056356,0.220197404
ENSG00000183625,0.108985952,0.111723391
ENSG00000183628,-0.338120807,0.03889058
ENSG00000183629,0.066669652,0.236415348
ENSG00000183632,0.031437087,0.495644091
ENSG00000183644,-0.262028665,0.037741875
ENSG00000183647,0.049834065,0.702345809
ENSG00000183648,0.070214172,0.441217169
ENSG00000183655,-0.558236928,0.000621608
ENSG00000183662,-0.018202772,0.732185495
ENSG00000183665,0.021654423,0.848840062
ENSG00000183666,0.377368313,0.006467132
ENSG00000183668,0.011748227,0.792216183
ENSG00000183671,-0.262682387,0.096475954
ENSG00000183675,0.197048424,0.017707875
ENSG00000183682,0.04639842,0.564600811
ENSG00000183684,-0.056365118,0.610758832
ENSG00000183688,-0.670746497,0.00020031
ENSG00000183690,-0.196610202,0.155886125
ENSG00000183691,-1.050338464,0.007678166
ENSG00000183696,0.645583313,0.011439056
ENSG00000183715,0.033688487,0.609661868
ENSG00000183718,-0.173118852,0.179887545
ENSG00000183722,-0.674964406,2.05E-15
ENSG00000183723,-0.733273406,2.71E-05
ENSG00000183726,-0.659437619,3.17E-08
ENSG00000183735,-0.030086087,0.737409297
ENSG00000183741,0.043365113,0.707235502
ENSG00000183742,0.093589037,0.307220637
ENSG00000183748,-0.066822532,0.032861888
ENSG00000183751,-0.056573754,0.640051073
ENSG00000183760,-0.007658091,0.873056162
ENSG00000183762,0.205751903,0.090998441
ENSG00000183763,0.530833628,0.01154562
ENSG00000183765,0.257313656,0.07386579
ENSG00000183773,-0.078752344,0.458621835
ENSG00000183775,0.686359181,0.005216889
ENSG00000183779,-0.26485565,0.096964379
ENSG00000183791,-0.029341818,0.534128505
ENSG00000183793,-0.223899046,0.058272664
ENSG00000183798,0.005862462,0.937586454
ENSG00000183801,0.887979308,5.40E-05
ENSG00000183807,-0.07712564,0.288772818
ENSG00000183808,-0.046097308,0.68645887
ENSG00000183814,0.392180742,0.034767292
ENSG00000183826,-0.176914635,0.098952119
ENSG00000183828,0.317714038,0.046902893
ENSG00000183831,0.400457324,0.015595773
ENSG00000183833,-0.000401176,0.99428757
ENSG00000183837,0.398012583,0.033541581
ENSG00000183840,-0.083354179,0.366955586
ENSG00000183850,0.044525195,0.477965566
ENSG00000183853,0.136005782,0.240430593
ENSG00000183856,0.106846747,0.399017778
ENSG00000183864,-0.28561389,0.009691667
ENSG00000183873,-0.074367725,0.245620616
ENSG00000183876,1.399241625,0.000116843
ENSG00000183878,0.006473134,0.862791059
ENSG00000183889,-0.213630175,0.074561437
ENSG00000183891,-0.351997625,0.043071001
ENSG00000183914,-0.012426209,0.8780807
ENSG00000183921,0.005418667,0.900679938
ENSG00000183929,-0.072668998,0.474193734
ENSG00000183935,0.277628793,0.080044769
ENSG00000183941,0.47005355,0.000404908
ENSG00000183943,0.1123891,0.261647584
ENSG00000183955,0.237497295,0.048189966
ENSG00000183960,0.035093187,0.56939961
ENSG00000183963,0.855900419,1.42E-07
ENSG00000183971,0.026541925,0.663389536
ENSG00000183977,0.026615208,0.735616042
ENSG00000183978,-0.067949846,0.521823638
ENSG00000184005,-0.099330952,0.341133044
ENSG00000184007,-0.249594086,0.000235878
ENSG00000184009,-0.557268901,2.93E-05
ENSG00000184014,-0.159874111,0.024595941
ENSG00000184040,-0.037401892,0.44456453
ENSG00000184047,0.111805663,0.395490062
ENSG00000184056,0.024431659,0.826437906
ENSG00000184058,0.010891996,0.855980459
ENSG00000184060,0.141454327,0.25445208
ENSG00000184068,0.112631392,0.394847903
ENSG00000184076,-0.046600723,0.609245418
ENSG00000184083,-0.287503985,0.028245139
ENSG00000184100,0.046833108,0.707569053
ENSG00000184106,0.037933717,0.373345312
ENSG00000184110,0.066154514,0.619643723
ENSG00000184117,0.162395391,0.168231269
ENSG00000184139,0.058987677,0.55067105
ENSG00000184154,0.162080977,0.209470506
ENSG00000184156,-2.235543591,9.41E-06
ENSG00000184160,-0.090435858,0.092966398
ENSG00000184162,-0.41464231,0.013085364
ENSG00000184163,-0.03410157,0.751486217
ENSG00000184164,0.076654461,0.551322021
ENSG00000184178,0.112590238,0.366074256
ENSG00000184182,-0.059107311,0.59430699
ENSG00000184185,-0.716167011,0.002254235
ENSG00000184194,0.32879833,0.055726845
ENSG00000184203,-0.105343177,0.343439193
ENSG00000184205,0.451649138,0.001881427
ENSG00000184206,-0.054464739,0.647880453
ENSG00000184207,-0.177473942,0.174485203
ENSG00000184208,0.067448383,0.504434613
ENSG00000184209,-0.052489357,0.649910003
ENSG00000184216,-0.184145416,0.160660663
ENSG00000184220,-0.182461496,0.126915905
ENSG00000184226,-0.183036889,0.184111478
ENSG00000184227,-0.787384787,4.01E-06
ENSG00000184232,0.089534044,0.509286104
ENSG00000184254,0.199626358,0.085391962
ENSG00000184258,-0.001178799,0.989626885
ENSG00000184260,-0.162797875,0.186498241
ENSG00000184261,0.032187284,0.452285823
ENSG00000184271,0.282096306,0.010596803
ENSG00000184277,-0.042369598,0.694628513
ENSG00000184281,-0.105589801,0.382149511
ENSG00000184292,-0.099946638,0.39522977
ENSG00000184304,-0.681750733,2.00E-09
ENSG00000184307,-1.552539485,1.79E-06
ENSG00000184319,0.391333162,0.006512753
ENSG00000184343,0.023124027,0.78322977
ENSG00000184347,0.069112723,0.604253153
ENSG00000184348,-0.004820428,0.953655846
ENSG00000184349,-0.108217484,0.403872713
ENSG00000184363,0.024839242,0.766257227
ENSG00000184368,0.010215787,0.851580112
ENSG00000184371,-0.349492291,0.002807473
ENSG00000184374,0.434767948,0.029706101
ENSG00000184378,-0.024815577,0.853760595
ENSG00000184381,-0.170458665,0.184855751
ENSG00000184384,-0.075624369,0.434383499
ENSG00000184402,0.19201323,0.102795834
ENSG00000184408,0.304957727,NA
ENSG00000184428,0.005868074,0.95898549
ENSG00000184432,0.077451143,0.435938447
ENSG00000184434,0.051071967,0.376073226
ENSG00000184436,0.22368495,0.050555179
ENSG00000184441,0.024025181,0.854228029
ENSG00000184445,0.002600741,0.985339144
ENSG00000184451,0.165790157,0.222543264
ENSG00000184465,0.409235605,0.001123187
ENSG00000184470,-0.174159461,0.145341752
ENSG00000184481,-0.044502596,0.672315377
ENSG00000184489,0.108325067,0.384047996
ENSG00000184492,0.004485979,0.949911192
ENSG00000184497,-0.177910367,0.214299978
ENSG00000184500,-0.121684868,0.371920081
ENSG00000184508,0.169464118,0.230348956
ENSG00000184517,0.459622571,0.000159449
ENSG00000184524,0.069881371,0.598636167
ENSG00000184530,0.00092834,0.99488974
ENSG00000184545,0.303508237,0.021721568
ENSG00000184551,3.44E-05,0.998608743
ENSG00000184557,0.071351272,0.572313168
ENSG00000184564,2.632118147,1.42E-05
ENSG00000184575,0.562044385,5.04E-09
ENSG00000184584,-0.433661805,0.012082611
ENSG00000184588,0.005072758,0.954357187
ENSG00000184596,0.018569826,0.83770888
ENSG00000184599,0.084059018,0.057156768
ENSG00000184602,-0.116773056,0.350010814
ENSG00000184612,-0.136595491,0.201080566
ENSG00000184616,0.023104422,0.847077802
ENSG00000184619,0.043250023,0.669413619
ENSG00000184634,0.197119405,0.066887664
ENSG00000184635,0.228960076,0.133583641
ENSG00000184640,0.35215861,0.009008338
ENSG00000184659,0.036217617,0.566360393
ENSG00000184661,0.093825664,0.480517661
ENSG00000184674,0.000933044,0.993105545
ENSG00000184675,0.025202729,0.822691536
ENSG00000184677,0.049519605,0.597027249
ENSG00000184678,-0.047376183,0.712486597
ENSG00000184682,0.059218671,0.050138996
ENSG00000184697,-0.035471698,0.55956115
ENSG00000184702,0.361452413,0.024642469
ENSG00000184708,-0.12906743,0.151068943
ENSG00000184719,0.024271093,0.853657986
ENSG00000184730,0.03014779,0.531033915
ENSG00000184731,0.022637361,0.506958482
ENSG00000184743,-0.673696859,0.000168569
ENSG00000184752,-0.000597897,0.999863286
ENSG00000184779,-0.013503386,0.965167657
ENSG00000184785,-0.486328543,0.002513211
ENSG00000184786,0.027361501,0.772345035
ENSG00000184787,-0.089865445,0.359765765
ENSG00000184788,-0.795725058,0.000460023
ENSG00000184792,0.164721994,0.196055047
ENSG00000184795,-0.039516886,0.54691559
ENSG00000184831,0.058468201,0.657213327
ENSG00000184838,-0.20569481,0.148985986
ENSG00000184840,-0.0187489,0.844652208
ENSG00000184844,-0.028980655,0.637132834
ENSG00000184857,-0.041774899,0.745432104
ENSG00000184860,0.028358633,0.682797177
ENSG00000184863,-0.137204824,0.224649007
ENSG00000184867,0.348106308,0.002267453
ENSG00000184886,-0.12028992,0.356185449
ENSG00000184887,-0.208200234,0.029961306
ENSG00000184895,0.005662514,0.876139586
ENSG00000184897,-0.086401964,0.508188362
ENSG00000184898,0.625482331,5.61E-05
ENSG00000184900,-0.135560144,0.080563066
ENSG00000184903,0.003359073,0.979692448
ENSG00000184905,0.02611811,0.714111875
ENSG00000184908,-0.066077257,0.478561328
ENSG00000184916,0.80629842,0.005097078
ENSG00000184922,0.296646123,0.062084317
ENSG00000184923,0.049596965,0.695396799
ENSG00000184924,-0.025516018,0.831483742
ENSG00000184939,0.246212159,0.06075027
ENSG00000184949,0.626194301,0.002080281
ENSG00000184956,0.010911974,0.863518533
ENSG00000184961,0.487604638,0.018613321
ENSG00000184967,-0.123030889,0.331114658
ENSG00000184979,-0.264009605,0.058275866
ENSG00000184983,-0.029740459,0.735657478
ENSG00000184985,-0.540383504,0.017239437
ENSG00000184986,-0.00539298,0.962463874
ENSG00000184988,0.417588563,0.033902749
ENSG00000184990,0.010044107,0.939011909
ENSG00000184992,-0.14084947,0.285546814
ENSG00000184995,0.154944389,0.223075711
ENSG00000185000,-0.190316357,0.099660696
ENSG00000185008,0.178459531,0.161673423
ENSG00000185009,-0.104941512,0.218565602
ENSG00000185010,0.043220299,0.725723518
ENSG00000185013,-0.02410529,0.76128032
ENSG00000185015,-0.124293702,0.323511982
ENSG00000185019,0.083348253,0.447227208
ENSG00000185020,-0.029693198,0.582525437
ENSG00000185022,-1.245419925,4.06E-12
ENSG00000185024,0.088893005,0.289718979
ENSG00000185031,0.045016518,0.343537765
ENSG00000185033,0.001852109,0.983277433
ENSG00000185040,0.023780008,0.833670983
ENSG00000185043,-0.002750466,0.977888369
ENSG00000185044,-0.010192476,0.908957758
ENSG00000185046,-0.010062701,0.903522846
ENSG00000185049,0.055963054,0.537649002
ENSG00000185052,-0.139361254,0.061755916
ENSG00000185055,0.074736104,0.412440848
ENSG00000185065,-0.003202179,0.942497577
ENSG00000185070,0.483795128,0.014051267
ENSG00000185074,0.039462811,0.278874214
ENSG00000185085,-0.156679293,0.148445273
ENSG00000185087,-0.116711882,0.142200987
ENSG00000185088,-0.095846473,0.392978054
ENSG00000185090,-0.014214288,0.896744038
ENSG00000185100,0.389282138,0.037745043
ENSG00000185101,0.013380035,0.842862997
ENSG00000185104,-0.128268966,0.166149046
ENSG00000185105,-0.017445731,0.727291044
ENSG00000185112,-1.075994721,5.29E-05
ENSG00000185115,0.114179328,0.232245753
ENSG00000185122,-0.378947222,0.000259342
ENSG00000185127,-0.115165586,0.129040966
ENSG00000185128,0.028027189,0.808793484
ENSG00000185129,-0.114944343,0.306035922
ENSG00000185133,0.08056617,0.318296871
ENSG00000185155,0.009955765,0.870350473
ENSG00000185158,0.007417096,0.948805452
ENSG00000185163,-0.285593865,0.065750776
ENSG00000185164,0.014764139,0.870659079
ENSG00000185182,0.041953875,0.479991901
ENSG00000185187,-0.152667248,0.276061911
ENSG00000185189,-0.433003977,0.00085201
ENSG00000185201,-0.155866982,0.183105182
ENSG00000185215,0.766017898,5.32E-05
ENSG00000185219,0.443871254,2.26E-06
ENSG00000185220,0.249837539,0.097944174
ENSG00000185222,-0.622406627,8.78E-07
ENSG00000185236,-0.111812657,0.134116283
ENSG00000185238,0.088099466,0.413230984
ENSG00000185245,0.036779172,0.76379028
ENSG00000185246,-0.036432119,0.717811779
ENSG00000185250,-0.075015653,0.568426275
ENSG00000185252,0.704524928,0.000141259
ENSG00000185261,-0.27598947,0.060983874
ENSG00000185262,-0.81192772,2.43E-05
ENSG00000185267,0.568692879,0.007322531
ENSG00000185271,0.000487443,0.996409759
ENSG00000185274,-0.081233895,0.200799087
ENSG00000185278,0.082797716,0.467608043
ENSG00000185291,-0.139803859,0.311350345
ENSG00000185298,-0.240398289,0.04318458
ENSG00000185304,0.026557999,0.818786341
ENSG00000185305,-0.031098484,0.819191049
ENSG00000185306,0.153615916,0.02866045
ENSG00000185324,0.038641277,0.748556431
ENSG00000185338,1.010409065,0.000121499
ENSG00000185339,0.089781148,0.494048452
ENSG00000185340,-0.160342981,0.219733335
ENSG00000185344,-0.429690886,3.03E-05
ENSG00000185345,0.025465467,0.841673517
ENSG00000185347,-0.057336198,0.639843723
ENSG00000185359,-0.207000924,0.042692841
ENSG00000185361,-0.277150111,0.038005369
ENSG00000185379,0.260496788,0.048359748
ENSG00000185386,-0.374042795,0.015342616
ENSG00000185390,-0.110626848,0.410594898
ENSG00000185404,0.058978975,0.625445613
ENSG00000185418,0.683705868,0.000754548
ENSG00000185420,0.220598737,0.071558745
ENSG00000185432,-2.266017628,3.07E-19
ENSG00000185433,-0.012538747,0.868196196
ENSG00000185437,0.33008105,0.037009245
ENSG00000185442,-0.335575354,0.048298022
ENSG00000185453,-0.1004813,0.3929513
ENSG00000185475,-0.066781808,0.543383959
ENSG00000185477,0.026228762,0.589826806
ENSG00000185480,0.444288459,0.016747055
ENSG00000185482,0.149045189,0.225027604
ENSG00000185483,-0.318919148,0.024059944
ENSG00000185485,0.103297793,0.3147242
ENSG00000185495,0.074972341,0.165542821
ENSG00000185499,-0.664607487,0.000903166
ENSG00000185504,0.253919482,0.02199299
ENSG00000185507,-0.026063538,0.819024098
ENSG00000185513,0.20140851,0.130724782
ENSG00000185515,-0.124835682,0.2066116
ENSG00000185519,-0.109037232,0.160517246
ENSG00000185522,-0.03071065,0.732789254
ENSG00000185523,-0.000356617,0.994154867
ENSG00000185527,0.013389813,0.834796992
ENSG00000185532,0.462350697,0.000209148
ENSG00000185551,-0.714711488,5.55E-05
ENSG00000185561,-0.806617866,0.00058729
ENSG00000185565,-0.109884095,0.391446271
ENSG00000185567,0.077764361,0.401679743
ENSG00000185585,0.302177835,0.02694015
ENSG00000185591,0.05886826,0.424305295
ENSG00000185596,0.112042655,0.318322286
ENSG00000185607,-0.077980127,0.243389817
ENSG00000185608,-0.137126234,0.156530163
ENSG00000185614,-0.020513641,0.874808559
ENSG00000185619,-0.114509989,0.271572769
ENSG00000185621,0.20009406,0.103810384
ENSG00000185624,0.013493447,0.866836677
ENSG00000185627,-0.02143155,0.830078598
ENSG00000185630,0.12794782,0.243949786
ENSG00000185633,0.084494469,0.464217119
ENSG00000185634,0.538179767,0.015737573
ENSG00000185641,-0.050717427,0.694105709
ENSG00000185650,0.58458002,0.000252292
ENSG00000185651,-0.138121235,0.068381041
ENSG00000185652,0.126435731,0.355506468
ENSG00000185658,-0.022265342,0.80356201
ENSG00000185664,-0.012917621,0.899563626
ENSG00000185666,1.127198323,0.009783081
ENSG00000185669,0.081764173,0.318284851
ENSG00000185670,0.090684599,0.497951369
ENSG00000185674,-0.017464098,0.732072095
ENSG00000185684,0.123757948,0.327391495
ENSG00000185689,0.052888146,0.59402799
ENSG00000185697,0.618832881,0.007775678
ENSG00000185710,-0.01543034,0.889899619
ENSG00000185716,-0.821321262,1.10E-08
ENSG00000185721,-0.169845775,0.049510481
ENSG00000185722,0.006815566,0.927567722
ENSG00000185728,0.018578612,0.809075651
ENSG00000185730,0.028461059,0.827328343
ENSG00000185739,0.116830106,0.078222139
ENSG00000185742,0.011063303,0.885187956
ENSG00000185745,1.471237435,3.97E-06
ENSG00000185753,-0.064914609,0.570149077
ENSG00000185760,0.188450669,0.084061035
ENSG00000185761,-0.106407131,0.430775502
ENSG00000185774,0.048770672,0.697000024
ENSG00000185787,-0.252204937,0.014682777
ENSG00000185798,0.0403527,0.739022623
ENSG00000185800,-0.247145833,0.01286474
ENSG00000185803,-0.347954958,0.010334133
ENSG00000185808,0.008614537,0.945191213
ENSG00000185813,-1.082281977,3.97E-13
ENSG00000185818,-0.005468878,0.92930714
ENSG00000185825,-0.19284658,0.061178927
ENSG00000185829,0.115479963,0.38894128
ENSG00000185834,0.08884019,0.505797605
ENSG00000185837,0.048783664,0.370384373
ENSG00000185838,-0.119343826,0.371692809
ENSG00000185839,0.040251688,0.738830342
ENSG00000185842,0.319656207,0.06010005
ENSG00000185860,-0.186451723,0.01667473
ENSG00000185862,0.093408748,0.33013894
ENSG00000185864,-0.096053109,0.409808755
ENSG00000185869,0.001082838,0.994353417
ENSG00000185875,0.680683012,0.000822948
ENSG00000185880,0.365479853,0.005687617
ENSG00000185883,0.022412884,0.647245706
ENSG00000185885,0.097755995,0.431852033
ENSG00000185896,0.003288053,0.965220002
ENSG00000185900,0.073646571,0.578225885
ENSG00000185904,-0.005995249,0.955862531
ENSG00000185909,-0.035475959,0.779016038
ENSG00000185917,0.233828818,0.027214045
ENSG00000185920,-0.154613963,0.262837628
ENSG00000185928,0.166883928,0.234415693
ENSG00000185933,-0.003192603,0.956536333
ENSG00000185946,0.0006272,0.996446808
ENSG00000185947,-0.056620545,0.650510046
ENSG00000185950,-2.12125924,1.67E-24
ENSG00000185955,-0.004819905,0.938298799
ENSG00000185958,-0.025761225,0.638179018
ENSG00000185963,-0.1489768,0.087982157
ENSG00000185972,1.017000038,0.003024931
ENSG00000185973,0.278965855,0.034753885
ENSG00000185978,-0.061695925,0.277128398
ENSG00000185986,-0.013472796,0.907419411
ENSG00000185988,0.022474289,0.732444747
ENSG00000185989,-0.096697872,0.455875394
ENSG00000185990,-0.189274844,0.118871162
ENSG00000186001,-0.081882356,0.295304799
ENSG00000186010,-0.107416068,0.341593765
ENSG00000186017,0.19719758,0.157774472
ENSG00000186019,0.0274373,0.739892026
ENSG00000186020,0.142546707,0.178965493
ENSG00000186026,-0.021405926,0.866169677
ENSG00000186056,0.273804045,0.080621627
ENSG00000186063,-0.34439499,0.000242825
ENSG00000186073,0.602345085,2.27E-05
ENSG00000186076,-0.027671292,0.823543388
ENSG00000186088,-0.407327833,0.013347971
ENSG00000186104,0.093716964,0.435199361
ENSG00000186106,0.089059374,0.47124442
ENSG00000186111,-0.057707209,0.385019119
ENSG00000186130,-0.057933961,0.579617163
ENSG00000186132,-0.008810691,0.940637652
ENSG00000186141,-0.078669516,0.44467891
ENSG00000186148,-0.008952196,0.861478978
ENSG00000186150,-0.042288668,0.367970947
ENSG00000186153,0.087677319,0.453620206
ENSG00000186162,0.090275648,0.486564846
ENSG00000186166,0.134768898,0.23396613
ENSG00000186174,-0.123563086,0.271376921
ENSG00000186184,0.017171342,0.879088388
ENSG00000186185,-0.018480456,0.818960646
ENSG00000186187,-0.045462453,0.700023758
ENSG00000186193,-0.039969355,0.559511811
ENSG00000186198,1.314241118,0.00030536
ENSG00000186205,0.220124396,0.130757408
ENSG00000186212,0.004262996,0.935936582
ENSG00000186222,0.024397954,0.818669544
ENSG00000186230,0.075816192,0.569382852
ENSG00000186235,-0.009448941,0.856488026
ENSG00000186260,0.394099711,0.000514673
ENSG00000186272,0.175068925,0.20095966
ENSG00000186275,0.151472907,0.112729418
ENSG00000186280,0.159813407,0.24480189
ENSG00000186281,-0.015880562,0.864647136
ENSG00000186283,-0.096611319,0.450785146
ENSG00000186298,-0.08383356,0.270945113
ENSG00000186300,0.075001441,0.506737148
ENSG00000186301,-0.151406891,0.257158912
ENSG00000186310,0.829454147,0.000310124
ENSG00000186312,-0.101834333,0.410727115
ENSG00000186314,-0.923250633,0.001372799
ENSG00000186318,0.001267635,0.991792886
ENSG00000186322,0.086033063,0.507930696
ENSG00000186326,0.050825077,0.412801315
ENSG00000186340,0.459803241,0.004355022
ENSG00000186350,-0.165104428,0.176587548
ENSG00000186352,-0.113927962,0.365137217
ENSG00000186354,0.056940365,0.645225676
ENSG00000186364,0.605455777,0.00757428
ENSG00000186369,0.021002121,0.718302086
ENSG00000186376,0.001788306,0.987905589
ENSG00000186377,0.029489547,0.539569215
ENSG00000186395,-0.266268974,0.058428628
ENSG00000186399,0.297753893,0.028075614
ENSG00000186409,0.192991301,0.186708135
ENSG00000186416,-0.21730644,0.058817743
ENSG00000186417,0.196528583,0.164589941
ENSG00000186432,-0.139298551,0.126075014
ENSG00000186446,0.13410497,0.329163168
ENSG00000186448,0.1970843,0.026820588
ENSG00000186453,0.031159155,0.597031775
ENSG00000186462,-0.066476438,0.309214302
ENSG00000186468,-0.000176057,0.99582275
ENSG00000186469,0.830641176,0.001554109
ENSG00000186470,0.390799476,0.019621751
ENSG00000186479,0.001442532,0.962620162
ENSG00000186480,0.692829576,0.007598777
ENSG00000186481,0.011846686,0.769747331
ENSG00000186493,-0.016349813,0.821297404
ENSG00000186496,0.139371296,0.298259346
ENSG00000186501,-0.020632527,0.82980215
ENSG00000186510,0.015967065,0.846142097
ENSG00000186517,0.057577472,0.49729445
ENSG00000186522,0.007918722,0.939505416
ENSG00000186523,0.120779644,0.362566095
ENSG00000186529,-0.020712458,0.177079325
ENSG00000186530,0.023165478,0.674719666
ENSG00000186532,0.138876707,0.27820703
ENSG00000186564,-0.073572968,0.529673115
ENSG00000186566,-0.003857217,0.960905115
ENSG00000186567,0.015951896,0.902826988
ENSG00000186575,-0.926574915,2.63E-05
ENSG00000186577,0.052385044,0.627484984
ENSG00000186591,-0.07413855,0.464637206
ENSG00000186594,-0.795197617,2.54E-09
ENSG00000186603,-0.023894383,0.723052831
ENSG00000186615,-0.091453838,0.45888385
ENSG00000186625,-0.078038626,0.440907305
ENSG00000186628,-0.050080459,0.416940298
ENSG00000186635,0.166422123,0.047691517
ENSG00000186638,0.050115382,0.696429053
ENSG00000186642,0.070533881,0.207977743
ENSG00000186645,0.017994632,0.889460091
ENSG00000186648,-0.077896826,0.269092753
ENSG00000186654,0.061208203,0.643378215
ENSG00000186660,0.043650889,0.640787839
ENSG00000186665,0.612520438,0.000395127
ENSG00000186666,0.152690215,0.275485362
ENSG00000186684,0.01194503,0.821958437
ENSG00000186687,0.154675419,0.131617431
ENSG00000186704,-0.097602117,0.401106367
ENSG00000186715,-0.060616229,0.641323457
ENSG00000186716,-0.047978819,0.660499878
ENSG00000186743,-0.084920002,0.466894621
ENSG00000186765,-0.06367588,0.488125023
ENSG00000186767,0.162901468,0.240450027
ENSG00000186777,-0.004092679,0.956569928
ENSG00000186787,-0.010552048,0.929390533
ENSG00000186792,-0.204297289,0.153798992
ENSG00000186806,0.01333978,0.913638356
ENSG00000186807,0.095064453,0.13864706
ENSG00000186812,0.270143948,0.015811292
ENSG00000186814,0.286583479,0.031880136
ENSG00000186815,-0.34516052,0.018660903
ENSG00000186825,-0.062898313,0.594553067
ENSG00000186827,0.043589454,0.358309313
ENSG00000186834,-0.11538766,0.348167677
ENSG00000186854,0.065886632,0.399007882
ENSG00000186862,-0.148267613,0.239812939
ENSG00000186866,0.075075854,0.445593592
ENSG00000186868,0.414826933,0.034332507
ENSG00000186871,0.075209069,0.426467222
ENSG00000186889,0.252014021,0.079918247
ENSG00000186891,-0.000555721,0.987099846
ENSG00000186907,0.533926655,0.019430005
ENSG00000186908,0.108442767,0.259604646
ENSG00000186918,-0.712687562,6.23E-06
ENSG00000186940,-0.03553127,0.776689373
ENSG00000186951,-0.254056025,0.025176784
ENSG00000186952,0.403986272,0.028788086
ENSG00000186976,0.27062697,0.081924345
ENSG00000186994,-0.053450514,0.54375372
ENSG00000186998,1.476854958,0.004549842
ENSG00000187008,-0.016406808,0.875024096
ENSG00000187010,0.071351801,0.33949809
ENSG00000187013,0.156151453,0.238309731
ENSG00000187024,-0.05254952,0.346433665
ENSG00000187045,0.014646412,0.80856635
ENSG00000187049,0.169496094,0.177017321
ENSG00000187051,-0.249917013,0.023229929
ENSG00000187060,0.436615235,0.02791202
ENSG00000187066,-0.021155103,0.823178071
ENSG00000187068,0.002544728,0.980106539
ENSG00000187079,-0.675216573,3.12E-06
ENSG00000187091,-0.154154015,0.139408521
ENSG00000187094,-0.381055827,0.022297607
ENSG00000187097,-0.257842244,0.024894136
ENSG00000187098,-0.212055121,0.098461229
ENSG00000187105,0.047345509,0.596241136
ENSG00000187109,-0.43067419,1.53E-05
ENSG00000187118,-0.347311947,0.013641998
ENSG00000187123,0.039170366,0.668540141
ENSG00000187134,-0.814287727,0.00049615
ENSG00000187145,-0.109936125,0.128609525
ENSG00000187147,-0.189766783,0.071959915
ENSG00000187151,-0.21618629,0.043755705
ENSG00000187164,0.038844141,0.757166823
ENSG00000187172,-0.036798939,0.734495211
ENSG00000187173,0.026915193,0.663113106
ENSG00000187186,0.043446025,0.55322424
ENSG00000187187,0.296947552,0.05027822
ENSG00000187189,0.415849094,6.78E-05
ENSG00000187193,-3.080173703,7.19E-17
ENSG00000187210,-0.344266598,0.050855946
ENSG00000187231,0.098531097,0.390431776
ENSG00000187239,-0.729052626,0.000189223
ENSG00000187240,-0.063082003,0.427696966
ENSG00000187243,0.256378631,0.074921266
ENSG00000187244,0.28255274,0.037536783
ENSG00000187257,0.055617926,0.565571359
ENSG00000187260,-0.07745445,0.447632758
ENSG00000187266,0.228043619,0.07789075
ENSG00000187288,-3.56099919,2.97E-09
ENSG00000187325,0.084213287,0.465550047
ENSG00000187372,0.153275688,0.225591926
ENSG00000187391,0.045892211,0.703002901
ENSG00000187446,-0.427414325,5.53E-06
ENSG00000187479,-0.864121625,0.001371597
ENSG00000187492,-0.042506173,0.655807784
ENSG00000187498,-1.25280393,5.73E-08
ENSG00000187514,0.023234839,0.860509678
ENSG00000187522,-0.062700173,0.535362776
ENSG00000187531,-0.175991004,0.12536362
ENSG00000187534,-0.318987783,0.01117656
ENSG00000187535,0.096405497,0.217988013
ENSG00000187537,-0.034703925,0.604591706
ENSG00000187554,0.029008679,0.66155189
ENSG00000187555,-0.04974411,0.513778932
ENSG00000187556,0.081769919,0.39022715
ENSG00000187559,0.043360737,0.46115518
ENSG00000187566,0.055738632,0.651231494
ENSG00000187583,0.042426302,0.714630277
ENSG00000187589,0.064421094,0.226930896
ENSG00000187595,0.003933857,0.938893208
ENSG00000187601,0.230782978,0.024799196
ENSG00000187605,0.322509786,0.028490082
ENSG00000187607,0.446081804,0.001656412
ENSG00000187608,0.063385494,0.631493453
ENSG00000187609,-0.032137942,0.788206427
ENSG00000187624,0.082890567,0.428749417
ENSG00000187626,0.260049475,0.04264889
ENSG00000187627,0.027308662,0.816318621
ENSG00000187630,-0.097385181,0.354422712
ENSG00000187634,0.856554632,0.007637734
ENSG00000187642,0.080574143,0.243744939
ENSG00000187650,0.095766967,0.476667602
ENSG00000187653,0.103254935,0.449372227
ENSG00000187667,-0.252542427,0.082817135
ENSG00000187676,-0.147012733,0.291309463
ENSG00000187678,-0.172347502,0.222862298
ENSG00000187686,-0.019172415,0.728018751
ENSG00000187688,-0.046269227,0.661074697
ENSG00000187699,0.132644181,0.338729908
ENSG00000187713,-0.042039788,0.670316341
ENSG00000187720,0.548717843,0.008359389
ENSG00000187726,-0.042566079,0.314414499
ENSG00000187733,-0.206971549,0.069693655
ENSG00000187735,0.251525549,0.013875171
ENSG00000187736,-0.080265636,0.333702845
ENSG00000187741,0.333261869,0.053527894
ENSG00000187742,0.077776218,0.407294947
ENSG00000187758,-0.097943103,0.17674743
ENSG00000187764,0.013162218,0.910348616
ENSG00000187775,-0.100529248,0.454071639
ENSG00000187778,-0.143739527,0.08233744
ENSG00000187786,-0.052156657,0.55753069
ENSG00000187790,0.201605203,0.097833768
ENSG00000187791,0.0148942,0.762573915
ENSG00000187792,0.376835382,0.013031174
ENSG00000187796,-0.017341418,0.888260895
ENSG00000187800,0.047320992,0.664842791
ENSG00000187801,0.644982383,0.011118927
ENSG00000187808,-0.09226352,0.278678907
ENSG00000187815,0.013440784,0.917056707
ENSG00000187824,-0.026596228,0.829562673
ENSG00000187837,-0.082352123,0.529502413
ENSG00000187838,0.043611346,0.303849553
ENSG00000187840,0.227324285,0.064565495
ENSG00000187848,0.053400658,0.237161768
ENSG00000187860,0.110733475,0.416348244
ENSG00000187866,0.286160932,0.014463442
ENSG00000187867,0.060226897,0.464060879
ENSG00000187870,-0.022925315,0.726969326
ENSG00000187889,0.076809886,0.207580869
ENSG00000187912,-0.091197588,0.189164203
ENSG00000187942,0.045371326,0.694361876
ENSG00000187944,0.136979135,0.032317957
ENSG00000187950,-0.150931268,0.179006941
ENSG00000187951,0.090297468,0.482657095
ENSG00000187952,-0.320371901,0.045145831
ENSG00000187953,0.094832041,0.361251163
ENSG00000187954,-0.077538389,0.501620439
ENSG00000187955,0.60363131,0.011050882
ENSG00000187957,-0.33363289,0.014417002
ENSG00000187961,-0.026425731,0.837335718
ENSG00000187984,-0.0102384,0.891242792
ENSG00000187987,0.537818987,0.008033684
ENSG00000187988,-0.066766478,0.353615616
ENSG00000187990,0.090895955,0.311371075
ENSG00000187994,-0.214042262,0.151400683
ENSG00000188001,-0.035406731,0.62725532
ENSG00000188002,0.04030943,0.758398145
ENSG00000188004,0.089488862,0.46015983
ENSG00000188010,-0.112812115,0.2967784
ENSG00000188013,-0.096560195,0.471909928
ENSG00000188015,0.707140389,0.00034759
ENSG00000188021,0.096912329,0.182949137
ENSG00000188026,0.030874699,0.771786705
ENSG00000188033,-0.101821554,0.440667025
ENSG00000188042,0.747992542,2.55E-07
ENSG00000188051,0.103908941,0.272148507
ENSG00000188060,0.378381075,0.022260246
ENSG00000188070,0.301048817,0.031697929
ENSG00000188073,0.003658233,0.97803793
ENSG00000188092,0.02799348,0.773248881
ENSG00000188095,-0.014200642,0.873188638
ENSG00000188107,-0.130978726,0.276521817
ENSG00000188112,-0.527228178,0.001550114
ENSG00000188130,-0.170197917,0.120474713
ENSG00000188152,0.077126803,0.483906494
ENSG00000188153,0.716217964,0.002176518
ENSG00000188157,0.115656304,0.354943905
ENSG00000188158,0.309268592,0.046370035
ENSG00000188167,-0.054657293,0.66349505
ENSG00000188171,0.199677239,0.160627148
ENSG00000188176,2.71912,6.82E-06
ENSG00000188177,0.065024416,0.598262802
ENSG00000188185,0.206867491,0.145988083
ENSG00000188186,-0.108265481,0.314711622
ENSG00000188191,0.079300692,0.552280723
ENSG00000188199,-0.033904087,0.784203525
ENSG00000188206,0.144336159,0.266204437
ENSG00000188211,0.088438413,0.509977122
ENSG00000188215,-0.719719755,2.20E-10
ENSG00000188219,-0.059264384,0.273652938
ENSG00000188227,0.442521989,0.029947764
ENSG00000188229,0.07597665,0.565697283
ENSG00000188234,0.127178162,0.240627848
ENSG00000188242,0.095100916,0.46551267
ENSG00000188243,-0.187064902,0.066007946
ENSG00000188257,-0.091634478,0.219255216
ENSG00000188266,-0.000188554,0.994429532
ENSG00000188277,-0.046853891,0.7184893
ENSG00000188283,0.189568805,0.168704822
ENSG00000188290,-0.140060454,0.133024715
ENSG00000188295,0.146388847,0.292273214
ENSG00000188305,0.004251536,0.942816815
ENSG00000188312,1.218287209,3.84E-07
ENSG00000188313,-0.082656912,0.447227231
ENSG00000188315,-0.374906597,0.022465822
ENSG00000188316,0.107071297,0.374152804
ENSG00000188321,0.265024604,0.042520013
ENSG00000188322,0.103754201,0.029827448
ENSG00000188342,0.295723049,0.030564919
ENSG00000188343,-0.096292283,0.360255757
ENSG00000188352,0.135619328,0.221224531
ENSG00000188365,0.010416101,0.892261784
ENSG00000188368,0.374776817,0.029427761
ENSG00000188372,-0.014433669,0.894665814
ENSG00000188375,0.136794122,0.323928323
ENSG00000188383,-0.007777802,0.936100887
ENSG00000188384,0.25719771,0.100521528
ENSG00000188385,0.21029074,0.052844422
ENSG00000188388,-0.036220216,0.770654701
ENSG00000188396,0.186920171,0.137208828
ENSG00000188404,0.077116096,0.20695566
ENSG00000188419,0.097154183,0.303004509
ENSG00000188428,0.305715881,0.004500104
ENSG00000188452,-0.284428704,0.082053027
ENSG00000188459,-0.143888215,0.293678512
ENSG00000188460,-0.091844392,0.118128601
ENSG00000188467,0.038280342,0.598587895
ENSG00000188483,0.544522711,0.003173449
ENSG00000188486,-0.063656841,0.605860743
ENSG00000188487,-0.035361929,0.520649673
ENSG00000188488,-0.044685637,0.541054946
ENSG00000188493,0.21938516,0.042702389
ENSG00000188501,2.47615571,0.000144147
ENSG00000188512,-0.019086054,0.621417822
ENSG00000188517,-0.031930387,0.696247154
ENSG00000188522,0.023210915,0.844300571
ENSG00000188529,-0.121093553,0.200340549
ENSG00000188536,1.776186094,0.000913101
ENSG00000188542,-0.038690901,0.766048109
ENSG00000188549,-0.104901317,0.202146103
ENSG00000188554,-0.112713385,0.245478473
ENSG00000188559,0.101996701,0.305936108
ENSG00000188566,-0.216394216,0.058363172
ENSG00000188573,0.086641018,0.211495616
ENSG00000188580,-0.071911373,0.212793205
ENSG00000188582,0.060450715,0.155934736
ENSG00000188596,0.790977199,0.003954812
ENSG00000188599,-0.199322812,0.132556222
ENSG00000188603,-0.233086894,0.111817469
ENSG00000188610,0.070167986,0.595291643
ENSG00000188611,0.11828409,0.387312718
ENSG00000188612,0.146589698,0.112622138
ENSG00000188613,-0.578332849,0.001652647
ENSG00000188626,0.064974453,0.622262021
ENSG00000188636,0.170616574,0.140678215
ENSG00000188641,-0.095006246,0.341320528
ENSG00000188643,0.005867653,0.963027051
ENSG00000188647,-0.199932874,0.030639963
ENSG00000188649,0.044441852,0.246051545
ENSG00000188659,0.089591876,0.448974627
ENSG00000188660,-0.033714014,0.519075254
ENSG00000188672,0.165369751,0.148577441
ENSG00000188677,-0.080651963,0.437440874
ENSG00000188681,-0.056096451,0.642655915
ENSG00000188686,-0.036256951,0.70742395
ENSG00000188687,-0.014207529,0.863112356
ENSG00000188690,0.072506351,0.525636461
ENSG00000188693,0.07415374,0.209459741
ENSG00000188706,-0.71581286,1.25E-08
ENSG00000188707,0.106842698,0.197838375
ENSG00000188710,0.021696462,0.683204375
ENSG00000188725,-0.04712276,0.590840467
ENSG00000188729,0.051631818,0.288697961
ENSG00000188732,-0.399793669,0.036936797
ENSG00000188735,-0.009051754,0.938659984
ENSG00000188738,-0.058006779,0.633098785
ENSG00000188739,-0.066807501,0.559224605
ENSG00000188747,0.05201503,0.686192022
ENSG00000188755,0.108150412,0.40425338
ENSG00000188760,-0.123037904,0.339870371
ENSG00000188761,0.020201991,0.716145086
ENSG00000188763,0.024923631,0.768333434
ENSG00000188765,0.118425691,0.385765801
ENSG00000188766,-0.008061834,0.93991577
ENSG00000188770,0.055083021,0.382368874
ENSG00000188779,-0.178851395,0.108285302
ENSG00000188783,-0.016471743,0.878805243
ENSG00000188785,-0.014570196,0.900961806
ENSG00000188786,-0.244512868,0.007715696
ENSG00000188801,0.087632599,0.462979317
ENSG00000188807,0.077992519,0.511270779
ENSG00000188811,-0.242921572,0.103904275
ENSG00000188818,-0.081257701,0.540699706
ENSG00000188820,0.017358836,0.825021431
ENSG00000188825,-0.023888703,0.851309908
ENSG00000188827,0.380393001,0.009639903
ENSG00000188846,0.043973335,0.65096792
ENSG00000188856,0.000639224,0.999981633
ENSG00000188859,-0.038256129,0.535793472
ENSG00000188868,0.293224628,0.067995043
ENSG00000188869,0.243765175,0.057814656
ENSG00000188873,-0.020354737,0.847474374
ENSG00000188878,0.190778847,0.185446041
ENSG00000188888,-0.139199264,0.069339988
ENSG00000188895,-0.055793848,0.508080867
ENSG00000188897,0.249339489,0.103721284
ENSG00000188906,-0.339423431,0.028440245
ENSG00000188916,-2.158419878,3.97E-05
ENSG00000188917,0.206741164,0.148016442
ENSG00000188921,-0.270227567,0.05022791
ENSG00000188931,0.006357995,0.956013692
ENSG00000188933,-0.001728351,0.982191314
ENSG00000188938,0.076892417,0.356553217
ENSG00000188958,0.049276354,0.689994273
ENSG00000188959,-0.02308258,0.635151788
ENSG00000188971,0.000504422,0.996757657
ENSG00000188976,-0.13932179,0.247795428
ENSG00000188981,-0.01630037,0.746349297
ENSG00000188985,0.113398748,0.383726874
ENSG00000188986,-0.173938951,0.081437181
ENSG00000188992,0.022284864,0.621958932
ENSG00000188993,-0.181354393,0.192194358
ENSG00000188994,0.156148367,0.097992361
ENSG00000188997,-0.045742284,0.625702729
ENSG00000189001,0.082861512,0.49743423
ENSG00000189002,-0.059738815,0.550452979
ENSG00000189007,1.010403001,1.90E-07
ENSG00000189011,-0.107630398,0.425861044
ENSG00000189014,-0.287741014,0.038785863
ENSG00000189042,0.089398566,0.497202689
ENSG00000189043,-0.144358467,0.203708956
ENSG00000189045,-0.11722581,0.279390406
ENSG00000189046,0.111906439,0.391013394
ENSG00000189050,0.079907345,0.52543492
ENSG00000189056,0.082552277,0.424603653
ENSG00000189057,0.141980787,0.179342979
ENSG00000189058,-0.726613725,0.007556627
ENSG00000189060,-0.046888772,0.710046684
ENSG00000189067,0.321695718,0.006227217
ENSG00000189077,-0.343038562,0.001195554
ENSG00000189079,0.212387127,0.048331133
ENSG00000189089,-0.034758482,0.731275756
ENSG00000189091,0.039135016,0.637954908
ENSG00000189114,-0.070218998,0.566245584
ENSG00000189120,0.03786199,0.482098037
ENSG00000189129,0.056837992,0.660944648
ENSG00000189134,-0.00638104,0.93605148
ENSG00000189136,0.068158914,0.57487539
ENSG00000189143,0.028911638,0.807892957
ENSG00000189144,0.446559457,0.011308645
ENSG00000189149,0.019196952,0.790388909
ENSG00000189157,0.106552201,0.264036353
ENSG00000189159,-0.187136035,0.111967237
ENSG00000189164,0.148294631,0.269884
ENSG00000189166,-0.222826529,0.126689174
ENSG00000189171,-0.08352347,0.51356384
ENSG00000189180,0.067850027,0.590132504
ENSG00000189184,0.867078673,2.15E-12
ENSG00000189190,-0.087012445,0.5102555
ENSG00000189195,0.011775729,0.923508913
ENSG00000189212,0.047159973,0.64649703
ENSG00000189221,-3.273496595,1.43E-47
ENSG00000189223,0.003105265,0.955201975
ENSG00000189227,-0.27844676,0.079334344
ENSG00000189241,0.224220117,0.005544872
ENSG00000189266,-0.401730032,5.95E-10
ENSG00000189269,0.053745002,0.403074501
ENSG00000189283,0.416880366,0.028501735
ENSG00000189292,-0.146110076,0.050702184
ENSG00000189295,0.015348586,0.675652254
ENSG00000189298,0.483909128,0.000391097
ENSG00000189306,0.001870143,0.990241676
ENSG00000189308,0.143678752,0.181058015
ENSG00000189319,0.222862156,0.073423562
ENSG00000189320,-0.706629799,2.97E-05
ENSG00000189332,0.028004959,0.56209295
ENSG00000189334,0.008370496,0.888843158
ENSG00000189337,0.135324067,0.293377295
ENSG00000189339,0.398913713,0.000456596
ENSG00000189343,0.016257842,0.904196459
ENSG00000189350,-0.053989589,0.299993354
ENSG00000189362,-0.042665189,0.742749594
ENSG00000189366,-0.005577408,0.949257538
ENSG00000189367,-0.054294994,0.465282258
ENSG00000189369,0.104202267,0.269667115
ENSG00000189376,-0.236949255,0.124408785
ENSG00000189398,0.441255272,0.018573973
ENSG00000189403,0.072128302,0.425740214
ENSG00000189409,0.171828021,0.21443909
ENSG00000189410,-0.031208993,0.775271211
ENSG00000189419,-0.088064428,0.204932255
ENSG00000189420,-0.090121543,0.248966927
ENSG00000189423,-0.005537198,0.962050808
ENSG00000196071,0.006902822,0.811102715
ENSG00000196072,0.400603538,0.001092756
ENSG00000196074,0.042544816,0.739627437
ENSG00000196081,0.348682608,0.043184432
ENSG00000196083,-0.016057358,0.896839733
ENSG00000196096,0.014498566,0.76663977
ENSG00000196104,0.022983024,0.586414167
ENSG00000196110,0.033563461,0.797792826
ENSG00000196116,-0.425784417,0.000158005
ENSG00000196118,0.012772635,0.877314425
ENSG00000196123,0.753891755,0.001274822
ENSG00000196136,-0.838892539,0.009218633
ENSG00000196139,0.414799484,0.021475199
ENSG00000196141,-0.016609444,0.870707005
ENSG00000196150,0.510507569,0.000222738
ENSG00000196151,0.120568362,0.373650779
ENSG00000196152,0.751705804,5.36E-08
ENSG00000196154,0.138772259,0.290271266
ENSG00000196155,1.294921014,1.58E-09
ENSG00000196159,-0.395469635,0.000109479
ENSG00000196167,0.034850596,0.597423792
ENSG00000196172,0.047797991,0.716233341
ENSG00000196177,-0.31458866,0.01026006
ENSG00000196182,0.282724286,0.031836827
ENSG00000196183,0.097699504,0.467195956
ENSG00000196187,-0.013804739,0.908695026
ENSG00000196189,0.405321037,0.028369723
ENSG00000196196,-1.001559599,0.002794214
ENSG00000196199,0.036681257,0.712130245
ENSG00000196204,-0.135044445,0.263142912
ENSG00000196205,0.135918197,0.230340973
ENSG00000196208,0.315291546,0.056162544
ENSG00000196214,0.513801781,0.00091153
ENSG00000196218,-0.010787224,0.858441476
ENSG00000196220,0.319312517,0.061571962
ENSG00000196227,0.037791045,0.728515648
ENSG00000196230,1.044005592,5.31E-06
ENSG00000196233,-0.205359611,0.048888498
ENSG00000196235,0.040506534,0.482123968
ENSG00000196236,0.014381201,0.905147349
ENSG00000196247,0.193163509,0.186343931
ENSG00000196262,-0.131547222,0.191443963
ENSG00000196263,0.083803413,0.510361649
ENSG00000196267,0.1646419,0.224163993
ENSG00000196268,0.088686048,0.48732952
ENSG00000196275,-0.036296262,0.707161426
ENSG00000196284,-0.042292969,0.742033671
ENSG00000196290,0.10587044,0.323328102
ENSG00000196295,0.387107781,0.000957568
ENSG00000196296,-0.063919449,0.549319696
ENSG00000196302,0.354670841,0.050904302
ENSG00000196305,0.571446429,0.000144584
ENSG00000196312,-0.06003403,0.624199107
ENSG00000196313,-0.131200223,0.085930549
ENSG00000196323,-0.057798561,0.595392019
ENSG00000196331,-0.008663015,0.868983271
ENSG00000196337,0.097446078,0.116807872
ENSG00000196338,0.204253145,0.168427984
ENSG00000196344,0.019211509,0.709129991
ENSG00000196345,0.566260991,0.001564254
ENSG00000196352,-0.080553127,0.5119205
ENSG00000196355,0.11773744,0.160037428
ENSG00000196357,-0.000436895,0.996105972
ENSG00000196358,-0.087783282,0.508153884
ENSG00000196363,-0.220186224,0.01927057
ENSG00000196365,0.247920203,0.045467069
ENSG00000196366,-0.025556638,0.71796389
ENSG00000196367,0.104131677,0.374717397
ENSG00000196368,0.093775382,0.423796083
ENSG00000196369,0.240413578,0.017394907
ENSG00000196371,-0.453263197,0.005164701
ENSG00000196372,-0.837325361,1.11E-08
ENSG00000196378,-0.002895121,0.980104401
ENSG00000196381,0.102360289,0.371765727
ENSG00000196387,0.173287748,0.176437961
ENSG00000196388,-0.055009907,0.673742124
ENSG00000196391,0.263213295,0.094507617
ENSG00000196396,-0.109582485,0.273795284
ENSG00000196405,0.357588795,0.004254075
ENSG00000196407,0.149174266,0.172028113
ENSG00000196409,0.488541393,0.000469635
ENSG00000196411,0.842509761,7.13E-06
ENSG00000196417,-0.097731148,0.420097677
ENSG00000196418,-0.07221582,0.549611273
ENSG00000196419,0.035198041,0.655915587
ENSG00000196420,-0.030947535,0.651143003
ENSG00000196421,-0.025552746,0.778496178
ENSG00000196422,0.128638559,0.281719451
ENSG00000196428,0.153261985,0.182378243
ENSG00000196436,-0.031527789,0.680723188
ENSG00000196437,0.314859514,0.036315434
ENSG00000196440,0.20986531,0.070986723
ENSG00000196449,-0.19053018,0.155238039
ENSG00000196453,0.131750414,0.210971274
ENSG00000196455,-0.090578425,0.31315809
ENSG00000196456,0.036132391,0.723944411
ENSG00000196458,0.161802273,0.138735791
ENSG00000196459,0.310453339,0.058559422
ENSG00000196460,0.187223743,0.197544146
ENSG00000196465,0.371598681,0.00136183
ENSG00000196466,0.071284909,0.591059612
ENSG00000196470,0.086021194,0.469982958
ENSG00000196476,0.998968596,7.15E-09
ENSG00000196482,-0.034972069,0.56704882
ENSG00000196497,0.00641762,0.889699416
ENSG00000196498,-0.103993139,0.361462049
ENSG00000196502,0.098456241,0.452944318
ENSG00000196503,0.134393617,0.071915241
ENSG00000196504,-0.037932698,0.707624311
ENSG00000196505,0.092017473,0.37121497
ENSG00000196507,-1.001016455,1.44E-09
ENSG00000196510,0.000725228,0.998590712
ENSG00000196511,0.9034349,0.00016939
ENSG00000196517,2.192607652,2.10E-40
ENSG00000196526,0.54892895,2.40E-05
ENSG00000196531,0.082148109,0.176725762
ENSG00000196535,0.318444788,0.006518379
ENSG00000196544,-0.021982221,0.863014968
ENSG00000196547,0.032670124,0.739416521
ENSG00000196549,0.072847102,0.522823906
ENSG00000196550,0.041908557,0.748459662
ENSG00000196557,0.021981499,0.632325222
ENSG00000196559,0.073863385,0.452946354
ENSG00000196562,0.332116096,0.055135451
ENSG00000196565,-0.011094857,0.819624083
ENSG00000196569,-1.984589271,2.27E-12
ENSG00000196576,0.232499607,0.065643072
ENSG00000196584,0.037358926,0.762571808
ENSG00000196586,-0.134121491,0.259964272
ENSG00000196588,-0.340451884,0.004488444
ENSG00000196591,0.260181203,0.013779325
ENSG00000196593,0.034914615,0.407260104
ENSG00000196597,-0.076529336,0.561791973
ENSG00000196604,-0.053001166,0.321283704
ENSG00000196605,0.276559382,0.032254833
ENSG00000196611,0.082018134,0.30465109
ENSG00000196616,-1.134163965,7.07E-10
ENSG00000196622,0.01586966,0.883035976
ENSG00000196628,0.103956484,0.168136204
ENSG00000196632,-0.102246861,0.404922865
ENSG00000196636,-0.030725,0.811816733
ENSG00000196639,0.643485248,1.97E-07
ENSG00000196642,-0.025646438,0.781019277
ENSG00000196644,0.036324767,0.710664112
ENSG00000196646,0.059250013,0.619581586
ENSG00000196648,0.055099805,0.643695125
ENSG00000196652,0.081273384,0.432841934
ENSG00000196653,0.03455356,0.782686463
ENSG00000196655,-0.239543574,0.011935786
ENSG00000196656,0.015152168,0.879459806
ENSG00000196659,0.517227722,0.000780403
ENSG00000196663,-0.23779815,0.00462738
ENSG00000196666,0.152140004,0.029806278
ENSG00000196668,0.414640371,0.021272088
ENSG00000196670,0.156624535,0.207326704
ENSG00000196678,0.240402561,0.085656637
ENSG00000196683,-0.023537625,0.847282116
ENSG00000196689,-0.008346869,0.906005889
ENSG00000196693,0.159051232,0.239981662
ENSG00000196696,-0.157339077,0.22546941
ENSG00000196700,0.219250747,0.070753133
ENSG00000196704,0.070119774,0.46560248
ENSG00000196705,0.304983716,0.033243603
ENSG00000196711,-0.000152813,0.997160664
ENSG00000196712,0.05384232,0.606502005
ENSG00000196715,-0.668965052,2.90E-07
ENSG00000196724,0.370365278,0.029885966
ENSG00000196730,-0.156215859,0.268118599
ENSG00000196739,0.730318312,0.003456202
ENSG00000196741,0.049663295,0.702112836
ENSG00000196743,-0.315432768,0.004468989
ENSG00000196747,0.018568603,0.811532845
ENSG00000196754,0.091323705,0.453881426
ENSG00000196756,-0.181129023,0.210576077
ENSG00000196757,0.04842352,0.687600304
ENSG00000196774,0.080857815,0.129942176
ENSG00000196776,0.108757537,0.262695407
ENSG00000196781,-0.755272161,0.000398832
ENSG00000196782,-0.200321428,0.174854661
ENSG00000196787,0.07317203,0.575341495
ENSG00000196792,0.054382754,0.571198881
ENSG00000196793,0.164100967,0.247279783
ENSG00000196796,-0.074352223,0.574470117
ENSG00000196810,0.421632248,6.10E-05
ENSG00000196812,0.005774002,0.964074024
ENSG00000196814,0.089600804,0.453924615
ENSG00000196821,-0.101257869,0.232094321
ENSG00000196834,-0.08855754,0.08847559
ENSG00000196839,0.278322135,0.084487116
ENSG00000196843,-0.612923576,0.000643366
ENSG00000196850,-1.123553981,2.12E-10
ENSG00000196860,0.013305869,0.798803898
ENSG00000196862,0.028778808,0.8242055
ENSG00000196865,0.026800813,0.801275594
ENSG00000196867,0.030383101,0.76762756
ENSG00000196873,-0.010435345,0.926086143
ENSG00000196876,0.02000283,0.868304856
ENSG00000196878,0.521615192,0.008985361
ENSG00000196911,0.120357331,0.280928916
ENSG00000196912,0.404621039,0.000138372
ENSG00000196914,-0.291391187,0.001442014
ENSG00000196917,0.079488137,0.241067434
ENSG00000196922,0.030537847,0.812355995
ENSG00000196923,-0.477487361,0.004479705
ENSG00000196924,-0.52272752,0.000137586
ENSG00000196927,0.070599521,0.2193865
ENSG00000196932,1.990316525,2.31E-12
ENSG00000196933,-0.040524114,0.701408152
ENSG00000196934,-0.000415063,0.994984162
ENSG00000196935,0.118450458,0.33833013
ENSG00000196937,-0.279781335,0.077068137
ENSG00000196943,-0.010209933,0.917985122
ENSG00000196950,1.134703922,1.97E-07
ENSG00000196951,8.64E-06,0.999810559
ENSG00000196954,-0.13536516,0.06865949
ENSG00000196960,-0.232700649,0.101596101
ENSG00000196961,-0.228294305,0.002154474
ENSG00000196963,0.104772665,0.425511302
ENSG00000196966,-0.029484118,0.751141509
ENSG00000196967,0.224323597,0.057678341
ENSG00000196968,-0.280667025,0.001909
ENSG00000196972,0.052295636,0.676897597
ENSG00000196975,-1.166690317,1.04E-19
ENSG00000196976,0.058807085,0.632605194
ENSG00000196981,0.166203913,0.14555071
ENSG00000196993,0.126507936,0.358526236
ENSG00000196998,-0.195467032,0.080468351
ENSG00000197006,0.243033297,0.001392105
ENSG00000197008,0.561883648,0.001269343
ENSG00000197013,0.187297173,0.18268363
ENSG00000197016,-0.033005358,0.796588235
ENSG00000197019,-0.021800429,0.850041056
ENSG00000197020,0.114081742,0.395198203
ENSG00000197021,-0.029517525,0.789644012
ENSG00000197024,-0.071606356,0.434718088
ENSG00000197037,0.054039365,0.598210365
ENSG00000197043,-0.903940295,9.56E-22
ENSG00000197044,0.322257068,0.005020701
ENSG00000197045,-0.594345917,9.47E-08
ENSG00000197046,1.89788505,0.003011471
ENSG00000197050,-0.068687317,0.566287202
ENSG00000197054,0.025122995,0.803717906
ENSG00000197056,0.22492698,0.084526246
ENSG00000197062,0.483389005,0.000143812
ENSG00000197063,-0.145908738,0.22936722
ENSG00000197070,-0.278017959,0.016764077
ENSG00000197077,0.101932277,0.352602264
ENSG00000197081,0.11057036,0.223913726
ENSG00000197083,0.081299142,0.546788941
ENSG00000197092,0.00138001,0.976615757
ENSG00000197093,0.256589174,0.083384106
ENSG00000197102,0.128371336,0.22354633
ENSG00000197106,-0.00286285,0.963237351
ENSG00000197111,-0.134984137,0.239106424
ENSG00000197114,0.024855271,0.847346108
ENSG00000197119,0.544661586,0.000935371
ENSG00000197121,0.561619031,5.58E-06
ENSG00000197122,-0.19005203,0.065806146
ENSG00000197124,0.565799197,0.006430676
ENSG00000197128,0.342607949,0.037489104
ENSG00000197134,0.05178887,0.546355421
ENSG00000197136,-0.026035461,0.789063164
ENSG00000197140,-0.184305274,0.189724236
ENSG00000197142,0.05657266,0.668326754
ENSG00000197146,0.108430218,0.180556726
ENSG00000197147,-0.013254535,0.914070168
ENSG00000197149,0.010852494,0.852856257
ENSG00000197150,-0.014483422,0.885287347
ENSG00000197157,-0.091471789,0.320184016
ENSG00000197162,0.340636478,0.024367648
ENSG00000197165,0.170378305,0.16435236
ENSG00000197168,-0.080480683,0.264322781
ENSG00000197170,-0.171579496,0.07637966
ENSG00000197180,0.058152464,0.653456794
ENSG00000197181,0.094569094,0.211256738
ENSG00000197182,-0.06531275,0.602356565
ENSG00000197183,0.203624179,0.112351666
ENSG00000197191,0.021446728,0.854945933
ENSG00000197208,0.368690543,0.04209855
ENSG00000197210,-1.327735005,0.002980805
ENSG00000197217,-0.547493233,4.62E-06
ENSG00000197223,-0.208511557,0.132208398
ENSG00000197226,-0.095414176,0.38900513
ENSG00000197238,0.063197538,0.557490606
ENSG00000197256,-0.187879457,0.104300043
ENSG00000197258,0.080294225,0.329762719
ENSG00000197265,-0.27082883,0.003566486
ENSG00000197275,-0.151143562,0.257690464
ENSG00000197279,0.132781112,0.248556724
ENSG00000197283,0.192175801,0.064758641
ENSG00000197284,-0.008005545,0.916710716
ENSG00000197291,0.013835733,0.807160181
ENSG00000197296,-0.241439889,0.043233003
ENSG00000197299,0.115925625,0.244769746
ENSG00000197301,-2.219956639,8.97E-13
ENSG00000197302,-0.139041288,0.212369094
ENSG00000197312,-0.990832509,9.45E-08
ENSG00000197321,0.495567606,4.04E-11
ENSG00000197323,0.037856419,0.632215878
ENSG00000197324,-0.218968456,0.031899513
ENSG00000197329,0.12777486,0.339104744
ENSG00000197332,-0.023373716,0.747856872
ENSG00000197334,0.013357719,0.787093928
ENSG00000197343,-0.108065577,0.151373582
ENSG00000197345,-0.030131545,0.804417484
ENSG00000197355,0.115957524,0.395918842
ENSG00000197358,-0.265573604,0.095016942
ENSG00000197361,-0.044367494,0.622264736
ENSG00000197362,0.208191764,0.146234598
ENSG00000197363,-0.057567536,0.616647585
ENSG00000197372,0.440910558,0.013687735
ENSG00000197375,0.339445371,0.012869179
ENSG00000197380,0.45177121,0.000825498
ENSG00000197381,-1.972492516,8.65E-05
ENSG00000197385,-0.056680242,0.54398753
ENSG00000197386,0.073392077,0.44086947
ENSG00000197405,0.14096097,0.287804262
ENSG00000197406,-0.108348732,0.280338168
ENSG00000197409,0.064272335,0.463796017
ENSG00000197415,-0.17810204,0.192348909
ENSG00000197417,0.063197921,0.582418673
ENSG00000197421,0.042090647,0.527304708
ENSG00000197429,0.118203068,0.281621474
ENSG00000197442,-0.642853311,1.30E-05
ENSG00000197445,0.218405458,0.017737323
ENSG00000197446,0.025728839,0.678788183
ENSG00000197448,-0.078716038,0.339830155
ENSG00000197451,-0.308721202,0.013757349
ENSG00000197457,0.445674213,0.017201689
ENSG00000197459,0.046957747,0.342409604
ENSG00000197461,-0.384308338,0.027422977
ENSG00000197465,-0.129208799,0.343010936
ENSG00000197467,0.04616705,0.668232593
ENSG00000197472,-0.021018972,0.714597567
ENSG00000197479,0.064717228,0.584773483
ENSG00000197483,0.212112603,0.113621858
ENSG00000197496,-0.417982013,0.002639419
ENSG00000197497,0.415372916,0.016837879
ENSG00000197498,-0.055591016,0.605864768
ENSG00000197506,0.055882379,0.549679689
ENSG00000197520,-0.203803976,0.103389539
ENSG00000197530,0.173176886,0.15819342
ENSG00000197535,-0.05683558,0.558417586
ENSG00000197536,0.298307906,0.026240021
ENSG00000197548,0.108116911,0.266400316
ENSG00000197550,-0.033350205,0.542712167
ENSG00000197555,0.393389188,0.009864674
ENSG00000197557,0.461879281,0.003343174
ENSG00000197558,0.05466302,0.517438964
ENSG00000197561,-0.133614044,0.278319918
ENSG00000197562,-0.124806787,0.28160866
ENSG00000197563,-0.152942986,0.092401679
ENSG00000197565,0.166998113,0.08754856
ENSG00000197566,0.389553357,0.011459057
ENSG00000197568,0.012012431,0.927310754
ENSG00000197576,0.091711277,0.398615423
ENSG00000197579,-0.090015658,0.379032515
ENSG00000197580,0.268332829,0.092605972
ENSG00000197582,-0.350810669,0.022295995
ENSG00000197586,-0.385870782,9.23E-06
ENSG00000197594,-1.052724126,0.001120862
ENSG00000197599,-0.057049831,0.6199973
ENSG00000197601,-0.270042369,0.002908831
ENSG00000197603,0.109468314,0.286281689
ENSG00000197604,-0.032924394,0.354780021
ENSG00000197608,0.312736562,0.036200881
ENSG00000197614,-0.035796765,0.630198857
ENSG00000197619,0.194826996,0.113256747
ENSG00000197620,-0.12793487,0.211107843
ENSG00000197622,-0.019825031,0.8506495
ENSG00000197632,-0.023450059,0.720398984
ENSG00000197635,0.110894354,0.39432807
ENSG00000197646,0.137963854,0.286010598
ENSG00000197647,0.135805698,0.326719332
ENSG00000197653,0.357477878,0.047653947
ENSG00000197665,0.011550976,0.836860859
ENSG00000197670,0.040657173,0.619249295
ENSG00000197681,-0.020673526,0.870587283
ENSG00000197694,-0.208738856,0.025451157
ENSG00000197696,0.054482716,0.667674535
ENSG00000197701,0.059881947,0.635194863
ENSG00000197702,-0.359109579,0.002802325
ENSG00000197704,0.005445125,0.82560332
ENSG00000197712,0.080132644,0.336816402
ENSG00000197713,0.080675409,0.520853644
ENSG00000197714,0.014267395,0.908706883
ENSG00000197724,0.050729291,0.571795423
ENSG00000197728,0.004702493,0.965055025
ENSG00000197744,0.031959387,0.804923966
ENSG00000197746,0.04529427,0.610723478
ENSG00000197747,0.102844392,0.398073739
ENSG00000197748,0.025356635,0.74170803
ENSG00000197756,-0.040351398,0.761554257
ENSG00000197757,-0.017891951,0.837590473
ENSG00000197763,0.110234796,0.326435589
ENSG00000197766,-0.022279969,0.7743319
ENSG00000197768,0.007789091,0.931676687
ENSG00000197769,-0.130713803,0.018628719
ENSG00000197771,-0.417747521,4.69E-05
ENSG00000197774,-0.013151645,0.913282035
ENSG00000197776,0.181952544,0.192329027
ENSG00000197779,0.139342252,0.258247196
ENSG00000197780,-0.224695652,0.088459645
ENSG00000197782,0.100132756,0.384457608
ENSG00000197785,-0.189803988,0.138221676
ENSG00000197798,0.042875926,0.720302662
ENSG00000197808,-0.010648549,0.929557354
ENSG00000197813,0.152566097,0.133252014
ENSG00000197815,0.157147619,0.223650152
ENSG00000197816,0.049326097,0.686567549
ENSG00000197818,0.08143008,0.491980932
ENSG00000197822,0.123305179,0.346047869
ENSG00000197826,0.269604156,0.093236173
ENSG00000197830,0.000882947,0.988924457
ENSG00000197837,-0.234991637,0.095320508
ENSG00000197841,0.065676409,0.559201609
ENSG00000197847,-0.22783172,0.084801398
ENSG00000197852,0.035558303,0.760942716
ENSG00000197857,0.160460673,0.201732091
ENSG00000197858,0.090973387,0.387036536
ENSG00000197859,-0.012648205,0.800298014
ENSG00000197860,-0.765381117,1.59E-11
ENSG00000197863,0.070230918,0.58848716
ENSG00000197870,0.009959978,0.820378678
ENSG00000197872,0.825512445,4.18E-09
ENSG00000197879,-0.481474654,0.000147916
ENSG00000197882,0.006282689,0.9030429
ENSG00000197885,0.269959452,0.013444055
ENSG00000197889,0.108538062,0.199025453
ENSG00000197892,-0.087208074,0.421821791
ENSG00000197894,-0.260705906,0.011075279
ENSG00000197903,0.001321302,0.983680479
ENSG00000197905,-0.730327152,0.000260478
ENSG00000197912,0.067820193,0.498994868
ENSG00000197914,0.060415265,0.593036322
ENSG00000197915,0.01278757,0.865372232
ENSG00000197919,0.034424506,0.496354225
ENSG00000197927,0.099762224,0.459901384
ENSG00000197928,0.145302239,0.217629713
ENSG00000197930,-0.286785691,0.010472116
ENSG00000197932,-0.150607149,0.137975649
ENSG00000197933,-0.023264528,0.855696483
ENSG00000197934,0.048103902,0.327468118
ENSG00000197935,0.219540039,0.146780328
ENSG00000197937,0.096061516,0.449688327
ENSG00000197943,-1.233642519,0.001793541
ENSG00000197948,-0.254227979,0.00605174
ENSG00000197951,-0.043098571,0.690815178
ENSG00000197956,0.120378976,0.295770787
ENSG00000197958,0.110661425,0.386458514
ENSG00000197959,0.798820442,0.000567403
ENSG00000197961,-0.080461751,0.495269735
ENSG00000197965,-0.200988104,0.05130616
ENSG00000197969,-0.015334169,0.899373709
ENSG00000197971,0.026871066,0.82698635
ENSG00000197976,0.007190576,0.949176162
ENSG00000197977,0.063730023,0.421471121
ENSG00000197978,0.049758328,0.692536045
ENSG00000197980,-0.014547934,0.866835446
ENSG00000197982,-0.067655883,0.599704292
ENSG00000197989,-0.269323847,0.083145515
ENSG00000197993,0.083623602,0.331637245
ENSG00000198000,0.016105301,0.84504599
ENSG00000198001,0.025157331,0.82173757
ENSG00000198003,0.306095034,0.044904862
ENSG00000198015,0.088241363,0.384811582
ENSG00000198018,0.672296362,0.001173859
ENSG00000198019,0.026838415,0.647633365
ENSG00000198026,0.199624317,0.032479148
ENSG00000198028,0.011277223,0.881295698
ENSG00000198034,0.048821408,0.67341974
ENSG00000198035,0.173053196,0.151153813
ENSG00000198039,0.147398165,0.291824135
ENSG00000198040,0.256178092,0.046310922
ENSG00000198042,-0.246045996,0.078142063
ENSG00000198046,0.608875345,7.34E-05
ENSG00000198053,-0.162518801,0.15652352
ENSG00000198055,-0.240747057,0.060371942
ENSG00000198056,0.30820314,0.068239963
ENSG00000198060,0.048110825,0.64994845
ENSG00000198064,0.02260334,0.862548997
ENSG00000198074,0.821515526,0.008886926
ENSG00000198075,0.171159227,0.085254546
ENSG00000198077,-0.025067224,0.679607876
ENSG00000198081,0.216332169,0.073062432
ENSG00000198082,-0.078467405,0.135768445
ENSG00000198087,-0.060876846,0.456811414
ENSG00000198089,-0.087700665,0.434033791
ENSG00000198093,0.076968397,0.532338662
ENSG00000198099,-0.127282533,0.110051544
ENSG00000198105,0.499529409,0.000498102
ENSG00000198106,0.121721699,0.372648955
ENSG00000198108,-1.207486135,0.000212123
ENSG00000198113,-0.114273536,0.376108199
ENSG00000198121,-0.441538243,0.000252406
ENSG00000198130,0.232829078,0.032870533
ENSG00000198131,0.100500555,0.456674558
ENSG00000198133,0.014886319,0.897581382
ENSG00000198134,-0.022893427,0.838643339
ENSG00000198142,0.086844681,0.40776135
ENSG00000198146,-0.055679278,0.613865187
ENSG00000198150,0.2650653,0.096089422
ENSG00000198155,0.101759906,0.365379654
ENSG00000198156,0.107068581,0.421086722
ENSG00000198157,0.072918633,0.580607034
ENSG00000198160,-0.078575674,0.418716861
ENSG00000198162,0.062071441,0.550743808
ENSG00000198168,0.166244109,0.202605079
ENSG00000198169,0.142134721,0.128339019
ENSG00000198171,-0.208014179,0.125346977
ENSG00000198176,-0.218269913,0.006865392
ENSG00000198182,0.149582468,0.269995777
ENSG00000198185,0.2134813,0.159521029
ENSG00000198189,-0.735200039,1.38E-09
ENSG00000198198,0.019983329,0.859712661
ENSG00000198203,1.051592536,0.003717131
ENSG00000198205,0.212637154,0.07917363
ENSG00000198208,-0.13786628,0.172214251
ENSG00000198218,0.0432024,0.519120487
ENSG00000198221,-0.039794332,0.441441198
ENSG00000198225,-0.109689982,0.323519883
ENSG00000198231,0.049301766,0.524412992
ENSG00000198237,0.441851819,0.013246538
ENSG00000198242,0.110292164,0.293682123
ENSG00000198246,0.416695252,0.001823759
ENSG00000198252,-0.151193381,0.100932919
ENSG00000198258,-0.22233252,0.026368616
ENSG00000198265,-0.003263896,0.976321263
ENSG00000198270,0.351448626,0.018791452
ENSG00000198276,-0.107876772,0.3344492
ENSG00000198298,-0.009785755,0.934832131
ENSG00000198300,0.188963602,0.197426442
ENSG00000198301,-0.052647283,0.621124238
ENSG00000198305,0.006645405,0.960157679
ENSG00000198307,-0.061695925,0.277128398
ENSG00000198312,-0.020500202,0.858500134
ENSG00000198315,0.037363681,0.742399453
ENSG00000198324,-0.333610959,0.037699365
ENSG00000198331,0.088017041,0.499292307
ENSG00000198336,0.068959726,0.266581428
ENSG00000198339,0.021951035,0.777508589
ENSG00000198342,0.084989877,0.388465594
ENSG00000198346,0.054485353,0.668052512
ENSG00000198355,-0.067655031,0.601702451
ENSG00000198356,-0.049994052,0.636293587
ENSG00000198363,0.292451522,0.002665059
ENSG00000198369,-0.608735277,1.30E-08
ENSG00000198373,-0.057844471,0.575605039
ENSG00000198380,-0.043807011,0.708142277
ENSG00000198382,0.054958321,0.617619669
ENSG00000198393,-0.103234344,0.395990076
ENSG00000198399,0.12705542,0.152065287
ENSG00000198406,-0.356193022,1.23E-05
ENSG00000198408,-0.310208775,0.009844301
ENSG00000198416,0.607765668,0.000653073
ENSG00000198417,-0.084069154,0.189599207
ENSG00000198420,0.094592802,0.262826731
ENSG00000198429,-0.137812541,0.300696224
ENSG00000198431,-1.494760359,1.22E-14
ENSG00000198435,0.036091706,0.481698938
ENSG00000198440,0.263941348,0.043353869
ENSG00000198444,-0.188395459,0.11974688
ENSG00000198453,0.213366675,0.076819359
ENSG00000198454,-0.090655219,0.079818654
ENSG00000198455,-0.058907973,0.574675205
ENSG00000198464,0.056748459,0.639575067
ENSG00000198466,0.031976359,0.807500116
ENSG00000198467,-0.64859798,0.000659825
ENSG00000198468,0.041536524,0.590498158
ENSG00000198477,0.153545906,0.207580661
ENSG00000198478,0.404910616,0.001210487
ENSG00000198482,0.02134566,0.868724699
ENSG00000198483,-0.07785874,0.54919809
ENSG00000198492,-0.10879347,0.180243955
ENSG00000198496,0.160923561,0.254833033
ENSG00000198498,-0.116566205,0.322828177
ENSG00000198513,-0.029156943,0.819458194
ENSG00000198517,-0.618028183,0.000124592
ENSG00000198518,-0.039514074,0.557734166
ENSG00000198520,0.027599304,0.83201896
ENSG00000198521,0.51718004,4.02E-05
ENSG00000198522,-0.056239918,0.555355762
ENSG00000198523,-0.067899198,NA
ENSG00000198538,-0.074958106,0.555032264
ENSG00000198542,-0.702102057,0.006028748
ENSG00000198546,-0.006658616,0.954251312
ENSG00000198547,0.049716881,0.407236613
ENSG00000198551,0.337979059,0.00357043
ENSG00000198553,0.036666557,0.53804374
ENSG00000198554,0.067556931,0.61033043
ENSG00000198555,-0.010227253,0.92152957
ENSG00000198556,-0.062588433,0.619787374
ENSG00000198561,-0.19382215,0.137576882
ENSG00000198563,-0.029534044,0.758940912
ENSG00000198566,0.617632705,0.000678872
ENSG00000198569,-0.006038107,0.942929488
ENSG00000198576,-0.003990209,0.930614841
ENSG00000198580,0.67993156,0.005692368
ENSG00000198585,-0.610657144,2.34E-06
ENSG00000198586,0.045860291,0.713189197
ENSG00000198589,-0.118650543,0.250253113
ENSG00000198590,0.065446006,0.38654604
ENSG00000198597,0.017247974,0.876650318
ENSG00000198598,0.035684695,0.786260821
ENSG00000198604,0.20123537,0.138938392
ENSG00000198610,-0.101649928,0.332699155
ENSG00000198612,-0.046534006,0.604381775
ENSG00000198618,-0.111267713,0.340692149
ENSG00000198624,-2.850683041,8.04E-31
ENSG00000198625,0.117185701,0.265686752
ENSG00000198626,0.026114809,0.433377033
ENSG00000198632,0.034410818,0.77684257
ENSG00000198642,-0.132117157,0.129363494
ENSG00000198646,0.000355267,0.997699416
ENSG00000198648,-0.09654667,0.412131727
ENSG00000198658,0.029543267,0.815218974
ENSG00000198663,0.179169177,0.007467336
ENSG00000198668,-0.395502918,9.79E-05
ENSG00000198673,-0.135537972,0.27659107
ENSG00000198677,-0.042462907,0.601021202
ENSG00000198680,-0.035369925,0.746818324
ENSG00000198682,-0.233482589,0.073590762
ENSG00000198689,-0.123983178,0.240889419
ENSG00000198690,0.180501396,0.077889908
ENSG00000198691,-0.932827674,0.001702619
ENSG00000198692,-0.002141311,0.952596071
ENSG00000198695,-0.138674635,0.303169358
ENSG00000198700,0.130431089,0.060527933
ENSG00000198707,0.188949493,0.123992045
ENSG00000198711,-0.084455252,0.312066178
ENSG00000198712,-0.090734889,0.45879072
ENSG00000198715,0.109859964,0.10456506
ENSG00000198718,0.09971311,0.36812231
ENSG00000198719,0.104057721,0.347150069
ENSG00000198720,-0.040047,0.755811244
ENSG00000198721,0.267581257,0.013504349
ENSG00000198722,0.09784348,0.390500026
ENSG00000198727,-0.202881256,0.142162898
ENSG00000198728,0.497125612,1.77E-05
ENSG00000198729,0.01731211,0.839693178
ENSG00000198730,0.003352871,0.978866839
ENSG00000198732,-0.021414639,NA
ENSG00000198736,-0.651577376,7.51E-08
ENSG00000198740,0.045535415,0.665738083
ENSG00000198742,-0.127333031,0.21352329
ENSG00000198744,-0.067438259,0.594610162
ENSG00000198746,0.023827508,0.814952994
ENSG00000198750,-0.120759576,0.365108082
ENSG00000198752,-0.006152708,0.945043149
ENSG00000198753,-0.076630554,0.530828321
ENSG00000198754,-0.18860993,0.167274324
ENSG00000198755,0.021885157,0.857770741
ENSG00000198756,-0.020684151,0.813985209
ENSG00000198759,0.017253303,0.807275416
ENSG00000198763,-0.128241937,0.26190777
ENSG00000198768,0.419827126,0.029377614
ENSG00000198771,-0.003912184,0.873977436
ENSG00000198774,-0.020493112,0.862279567
ENSG00000198780,-0.059154884,0.624832452
ENSG00000198783,0.02817163,0.801743743
ENSG00000198785,0.023357893,0.78283737
ENSG00000198786,-0.090008681,0.519545481
ENSG00000198791,0.049911118,0.477812235
ENSG00000198792,-0.109687974,0.290749135
ENSG00000198793,-0.620088465,1.98E-05
ENSG00000198794,0.024793831,0.847443937
ENSG00000198795,0.965867956,2.77E-15
ENSG00000198796,-0.015675529,0.773731902
ENSG00000198799,-0.010898245,0.912498577
ENSG00000198804,-0.019592699,0.866422752
ENSG00000198805,-0.447731705,0.0219893
ENSG00000198807,-0.007854843,0.868178273
ENSG00000198814,-0.151789043,0.139200243
ENSG00000198815,0.115804767,0.180699007
ENSG00000198816,-0.057366575,0.534545344
ENSG00000198818,-0.332160016,0.002327407
ENSG00000198824,-0.188590173,0.104615898
ENSG00000198825,-0.039592818,0.75564054
ENSG00000198826,0.205474858,0.156843245
ENSG00000198830,0.23487747,0.04506683
ENSG00000198832,-0.238772258,0.000514631
ENSG00000198833,-0.41221838,5.65E-08
ENSG00000198835,0.371541204,0.04402244
ENSG00000198836,-0.102800459,0.297136086
ENSG00000198837,0.073976999,0.494640238
ENSG00000198838,-0.110614133,0.388508993
ENSG00000198839,0.029775681,0.735179746
ENSG00000198840,-0.075955497,0.536885675
ENSG00000198841,-0.272463552,0.029491855
ENSG00000198843,-0.082176375,0.350660745
ENSG00000198846,0.461167221,0.006739529
ENSG00000198848,0.02651971,0.837720724
ENSG00000198853,0.08590081,0.435635988
ENSG00000198855,-0.127165569,0.241223538
ENSG00000198856,-0.233977353,0.018594027
ENSG00000198857,0.124526685,0.080444822
ENSG00000198858,-0.19306149,0.068304678
ENSG00000198860,0.159534655,0.151100215
ENSG00000198862,-0.464901894,0.006324649
ENSG00000198863,-0.142505765,0.224215384
ENSG00000198865,0.220966574,0.127784622
ENSG00000198870,0.16470178,0.243383135
ENSG00000198873,-0.440172988,0.000416318
ENSG00000198874,-0.040397137,0.690146636
ENSG00000198876,-0.018140701,0.840650398
ENSG00000198879,-0.073370194,0.505517906
ENSG00000198885,-0.006997745,0.953821634
ENSG00000198886,-0.087815562,0.438031514
ENSG00000198887,-0.139597048,0.101123346
ENSG00000198888,-0.175800607,0.134281504
ENSG00000198890,0.490511323,9.39E-05
ENSG00000198892,-0.239488747,0.045695908
ENSG00000198894,-0.140367625,0.187732957
ENSG00000198898,-0.188674648,0.024809393
ENSG00000198899,-0.140075656,0.253101641
ENSG00000198900,0.060033365,0.592134293
ENSG00000198901,0.165917519,0.228518754
ENSG00000198908,0.298375436,0.019726457
ENSG00000198909,-0.414831808,0.004249644
ENSG00000198910,0.118667599,0.205028163
ENSG00000198911,0.277219448,0.050720597
ENSG00000198912,-0.121111742,0.244851949
ENSG00000198915,0.160026906,0.208019521
ENSG00000198917,-0.09377075,0.355165584
ENSG00000198918,-0.069309077,0.532209002
ENSG00000198919,0.23684804,0.006056665
ENSG00000198920,0.191611595,0.09359207
ENSG00000198924,0.232715121,0.073777934
ENSG00000198925,-0.371212655,4.86E-07
ENSG00000198929,0.011103696,0.877042054
ENSG00000198931,-0.140484459,0.143873295
ENSG00000198932,0.891364787,2.40E-05
ENSG00000198933,-0.334288497,0.002229548
ENSG00000198934,0.358978221,0.023815938
ENSG00000198937,0.135821019,0.328670596
ENSG00000198938,-0.126219196,0.33251304
ENSG00000198939,0.401363598,0.03182317
ENSG00000198944,1.130561228,0.002631177
ENSG00000198945,-0.043449268,0.732128635
ENSG00000198947,-0.704991747,0.006058924
ENSG00000198948,-0.213373831,0.124869031
ENSG00000198951,0.105708735,0.272912312
ENSG00000198952,-0.287566812,0.005044369
ENSG00000198954,-0.296963225,0.000933973
ENSG00000198959,-0.263048942,0.085195221
ENSG00000198960,0.616600328,1.71E-09
ENSG00000198961,0.025679219,0.724191652
ENSG00000198963,-0.022887464,0.746918771
ENSG00000198964,0.278678315,0.031324914
ENSG00000199024,-0.054320619,0.344706399
ENSG00000199038,-0.150363885,0.119290526
ENSG00000199094,-0.046699295,0.357287738
ENSG00000199133,-0.176084484,0.062666291
ENSG00000199179,0.005740815,0.903784132
ENSG00000199266,0.039985538,0.623905159
ENSG00000199325,0.015557109,0.767519495
ENSG00000199331,0.15254354,0.060963237
ENSG00000199332,0.191861079,0.154770878
ENSG00000199471,0.078268753,0.118489071
ENSG00000199719,-0.016993589,0.777840894
ENSG00000199753,-0.140891413,0.118357172
ENSG00000199804,-0.035609798,0.58485106
ENSG00000199906,-0.052337923,0.336975592
ENSG00000200059,-0.023125048,0.741007684
ENSG00000200087,0.069488646,0.314250248
ENSG00000200090,0.116055558,0.244843184
ENSG00000200152,-0.002671913,0.94197054
ENSG00000200154,0.051571609,0.574154609
ENSG00000200170,-0.00223445,0.960545128
ENSG00000200253,-0.004100577,0.946097389
ENSG00000200534,-0.02465288,0.805977284
ENSG00000200693,0.040230663,0.545471457
ENSG00000200714,-0.036111402,0.609827857
ENSG00000200879,0.048045791,0.39465542
ENSG00000200966,0.0373004,0.386252114
ENSG00000201138,0.003692893,0.955363625
ENSG00000201207,0.058748597,0.433809007
ENSG00000201217,-0.057656746,0.516025815
ENSG00000201302,0.077415574,0.372941061
ENSG00000201354,-0.05447147,0.340237204
ENSG00000201428,0.045797807,0.217604949
ENSG00000201492,-0.051112543,0.268514517
ENSG00000201499,0.047388122,0.572495392
ENSG00000201579,0.000242062,0.99779196
ENSG00000201672,-0.037888045,0.459222843
ENSG00000201678,-0.022632192,0.778601329
ENSG00000201684,0.089693115,0.092240272
ENSG00000201700,0.064764371,0.316259242
ENSG00000201772,-0.019417503,0.76440953
ENSG00000201813,0.018408047,0.700979924
ENSG00000201820,-0.01017776,0.857930795
ENSG00000201862,0.003692893,0.955363625
ENSG00000202000,-0.123289901,0.076237336
ENSG00000202058,0.010089594,0.886565662
ENSG00000202078,-0.035743808,0.653867993
ENSG00000202107,-0.007351221,0.932511567
ENSG00000202198,0.177930174,0.034753474
ENSG00000202314,-0.07036915,0.318863393
ENSG00000202343,-0.136016039,0.151543645
ENSG00000202358,-0.05573968,0.335582037
ENSG00000202382,0.065005887,0.08853036
ENSG00000202441,0.084693548,0.303136042
ENSG00000202474,-0.001153244,0.986578182
ENSG00000202533,-0.023380993,0.687660152
ENSG00000202566,0.031105322,0.658533028
ENSG00000203276,0.053660373,0.452429813
ENSG00000203301,0.17659826,0.078999748
ENSG00000203306,0.040850136,0.389612482
ENSG00000203321,0.060474267,0.302766953
ENSG00000203325,-0.024013965,0.616778122
ENSG00000203326,-0.084594071,0.519393905
ENSG00000203327,0.049254557,0.60306248
ENSG00000203356,-0.069096867,0.192220334
ENSG00000203362,0.008133022,0.914654274
ENSG00000203392,-0.27655973,0.087258313
ENSG00000203401,0.043310669,0.487427022
ENSG00000203403,0.014120244,0.834838435
ENSG00000203441,0.003955356,0.954908252
ENSG00000203446,0.116705798,0.05382384
ENSG00000203485,-0.313120213,0.003514332
ENSG00000203496,0.014270067,0.832131679
ENSG00000203497,0.129740348,0.310100996
ENSG00000203499,-0.041371967,0.706807062
ENSG00000203542,-0.002000994,0.967054867
ENSG00000203546,-0.018854139,0.774281646
ENSG00000203588,0.00416213,0.941657467
ENSG00000203589,-0.003134615,0.937699263
ENSG00000203602,-0.019739134,0.660610706
ENSG00000203614,0.001663837,0.970211632
ENSG00000203630,-0.003681628,0.94631682
ENSG00000203644,-0.360001268,0.043251496
ENSG00000203650,0.084111913,0.088205202
ENSG00000203666,-0.056553398,0.666993645
ENSG00000203667,0.064719601,0.593268152
ENSG00000203668,-0.278638026,0.055868624
ENSG00000203684,0.128841878,0.130832074
ENSG00000203685,-2.52039286,0.000111093
ENSG00000203691,0.034505733,0.701553621
ENSG00000203705,-0.158143712,0.198874357
ENSG00000203706,-0.036910534,0.668962053
ENSG00000203709,-0.62187058,0.000123051
ENSG00000203722,0.947090749,1.43E-05
ENSG00000203724,0.088776171,0.485243371
ENSG00000203727,0.948573994,2.48E-05
ENSG00000203734,0.052068491,0.406419333
ENSG00000203739,-0.071811792,0.540064144
ENSG00000203760,-0.173197858,0.218828623
ENSG00000203761,0.050388245,0.698195711
ENSG00000203772,-0.139579124,0.31386357
ENSG00000203778,0.227136339,0.024110345
ENSG00000203780,0.518790157,0.0068678
ENSG00000203786,0.003488048,0.931819365
ENSG00000203791,-0.030567597,0.81297856
ENSG00000203797,0.116314103,0.282048384
ENSG00000203799,-0.003852031,0.956861816
ENSG00000203801,-0.039107199,0.539999354
ENSG00000203805,0.812769069,0.009047176
ENSG00000203808,-0.485000194,0.024453601
ENSG00000203811,0.030328424,0.775138946
ENSG00000203812,-0.2306756,0.115956023
ENSG00000203813,-0.03090505,0.714704759
ENSG00000203814,0.035208128,0.785143107
ENSG00000203815,-0.070035223,0.570588577
ENSG00000203817,0.039400966,0.747274062
ENSG00000203819,-0.063130887,0.62386203
ENSG00000203825,-0.077919506,0.362388653
ENSG00000203827,0.10150675,0.31027803
ENSG00000203832,0.064035404,0.515514697
ENSG00000203835,0.029543267,0.815218974
ENSG00000203836,0.183327738,0.041367737
ENSG00000203843,0.045295408,0.653381003
ENSG00000203849,0.043920447,0.464487957
ENSG00000203852,0.030328424,0.775138946
ENSG00000203865,0.006251513,0.961168376
ENSG00000203867,-0.028929115,0.604310842
ENSG00000203871,0.053112505,0.577342971
ENSG00000203872,-0.037914124,0.747848154
ENSG00000203875,0.009487257,0.947073871
ENSG00000203876,0.026123531,0.727218977
ENSG00000203879,-0.122305321,0.105050437
ENSG00000203880,-0.018106953,0.849204639
ENSG00000203896,-0.065883781,0.609180247
ENSG00000203902,0.172232884,0.231118992
ENSG00000203914,0.014936898,0.798905597
ENSG00000203930,0.02589876,0.759755293
ENSG00000203943,0.948966065,0.00553836
ENSG00000203950,-0.131558351,0.085625882
ENSG00000203965,0.613666904,4.45E-05
ENSG00000203993,-0.021859858,0.860608546
ENSG00000203995,0.101310948,0.332587505
ENSG00000203999,-0.208769519,0.128097484
ENSG00000204052,-0.086152459,0.398495917
ENSG00000204054,-0.023482858,0.825948919
ENSG00000204055,0.476610758,0.024155242
ENSG00000204060,0.078496995,0.247731668
ENSG00000204065,-0.026569502,0.651931932
ENSG00000204070,0.08187154,0.368724716
ENSG00000204071,-0.510849028,0.020828557
ENSG00000204072,0.521640827,3.27E-05
ENSG00000204084,0.160076563,0.130896596
ENSG00000204086,0.00118359,0.978705886
ENSG00000204103,0.089783854,0.153656701
ENSG00000204104,-0.0141713,0.88660399
ENSG00000204113,-0.010445298,0.856466694
ENSG00000204116,0.19012952,0.0375371
ENSG00000204120,-0.071078614,0.38029787
ENSG00000204128,0.012194968,0.863335414
ENSG00000204130,-0.015707129,0.864870425
ENSG00000204131,0.094838686,0.418155581
ENSG00000204136,-0.073268934,0.387739577
ENSG00000204138,0.116897468,0.20762084
ENSG00000204147,0.206781239,0.15637021
ENSG00000204149,-0.053226566,0.624868675
ENSG00000204150,0.171016268,0.222955092
ENSG00000204152,-0.141139029,0.169071639
ENSG00000204160,-0.351663489,8.80E-05
ENSG00000204164,0.11952148,0.283031897
ENSG00000204169,0.08069954,0.475247522
ENSG00000204172,0.354623714,0.005849
ENSG00000204173,0.010788736,0.9200863
ENSG00000204174,0.089771343,0.215800347
ENSG00000204175,0.034213882,0.507083625
ENSG00000204176,0.005784611,0.961279955
ENSG00000204177,0.171007852,0.209390886
ENSG00000204178,0.134635877,0.212773123
ENSG00000204179,0.184616164,0.019014941
ENSG00000204186,0.090055146,0.367177456
ENSG00000204187,0.13055105,0.129117696
ENSG00000204209,0.024137397,0.876982582
ENSG00000204217,-0.026109783,0.784153713
ENSG00000204219,0.416366967,0.03141934
ENSG00000204220,-0.053513545,0.621988703
ENSG00000204227,0.151065624,0.142657289
ENSG00000204228,0.152710722,0.27775404
ENSG00000204231,0.05341699,0.606709876
ENSG00000204237,-0.136399703,0.262089589
ENSG00000204241,0.206385699,0.012111679
ENSG00000204248,0.182966479,0.198944348
ENSG00000204253,-0.074627461,0.456861731
ENSG00000204256,0.165808924,0.057791297
ENSG00000204257,0.179700316,0.206461484
ENSG00000204261,0.127461898,0.292601631
ENSG00000204262,-0.347654445,0.000105534
ENSG00000204264,0.111736804,0.295414553
ENSG00000204267,0.131079696,0.326966926
ENSG00000204271,0.096168049,0.421599979
ENSG00000204272,0.023196779,0.826322707
ENSG00000204291,0.583805779,0.012871144
ENSG00000204301,0.033328252,0.763884467
ENSG00000204304,0.330064123,0.001337781
ENSG00000204305,0.06474061,0.617845668
ENSG00000204308,0.130421806,0.243488354
ENSG00000204310,-0.159351985,0.081468086
ENSG00000204311,0.088230067,0.509018744
ENSG00000204314,0.44790351,0.005333058
ENSG00000204315,0.154799416,0.250118826
ENSG00000204316,0.034582598,0.767603336
ENSG00000204323,-0.014358212,0.824791203
ENSG00000204334,0.093913141,0.186406544
ENSG00000204335,0.227115404,0.008391833
ENSG00000204338,0.206320117,0.119284425
ENSG00000204344,-0.025753884,0.819672926
ENSG00000204348,0.083594485,0.517136757
ENSG00000204351,0.093708313,0.428296416
ENSG00000204352,-0.033463354,0.794410939
ENSG00000204356,0.110782204,0.265214655
ENSG00000204361,0.057295455,0.379427907
ENSG00000204362,-0.019638328,0.600514275
ENSG00000204366,0.812144043,2.79E-05
ENSG00000204370,-0.193856002,0.055725196
ENSG00000204371,0.46731765,4.48E-05
ENSG00000204377,-0.087052717,0.493737437
ENSG00000204380,-0.092458893,0.300432476
ENSG00000204381,0.112524569,0.360839713
ENSG00000204386,0.346571427,0.005207621
ENSG00000204387,0.003562856,0.966301047
ENSG00000204388,0.074114232,0.435717622
ENSG00000204389,0.046047793,0.633127892
ENSG00000204390,0.026870873,0.837162951
ENSG00000204392,0.181938178,0.172414548
ENSG00000204394,-0.071304192,0.537027142
ENSG00000204396,0.261461112,0.063887881
ENSG00000204397,0.406826186,0.017864833
ENSG00000204403,-0.06380939,0.408123423
ENSG00000204406,0.382142714,0.000284644
ENSG00000204410,0.221238114,0.139878815
ENSG00000204427,-0.026436508,0.832425708
ENSG00000204428,0.013875739,0.914803563
ENSG00000204429,0.013946597,0.813457655
ENSG00000204434,-0.046484375,0.397454505
ENSG00000204435,-0.198079091,0.111172807
ENSG00000204438,0.09143808,0.359909924
ENSG00000204439,-0.099873814,0.374916452
ENSG00000204442,0.087802429,0.466787541
ENSG00000204444,0.199957605,0.175833342
ENSG00000204446,0.038921868,0.602532414
ENSG00000204463,0.108667127,0.167422472
ENSG00000204469,-0.039616356,0.652448606
ENSG00000204485,-0.038013967,0.043747887
ENSG00000204498,0.173882695,0.126066522
ENSG00000204510,-0.03899449,0.036207213
ENSG00000204514,0.105423531,0.43391299
ENSG00000204516,-0.420743627,0.000771261
ENSG00000204518,-0.109277238,0.142005876
ENSG00000204519,0.020060764,0.878577029
ENSG00000204520,0.217113634,0.144417164
ENSG00000204524,0.10001915,0.455468382
ENSG00000204525,0.091428856,0.402140879
ENSG00000204531,0.044757286,0.486304822
ENSG00000204532,-0.060392883,0.258174633
ENSG00000204533,0.323627104,0.060556936
ENSG00000204536,0.268193007,0.010376841
ENSG00000204540,-0.017352526,0.884535655
ENSG00000204556,0.080273587,0.371499443
ENSG00000204560,-0.245523963,0.006983066
ENSG00000204564,-0.002254376,0.983898532
ENSG00000204568,0.014790935,0.885506511
ENSG00000204569,0.124321688,0.174297349
ENSG00000204574,0.024822586,0.823119461
ENSG00000204576,0.508287976,3.92E-05
ENSG00000204577,-0.055220916,0.392466673
ENSG00000204580,-0.006979555,0.95483709
ENSG00000204581,-0.033799533,0.742079177
ENSG00000204588,-0.048932596,0.667666437
ENSG00000204590,0.026458363,0.776208545
ENSG00000204592,-0.236668213,0.054132844
ENSG00000204599,0.238370258,0.059531867
ENSG00000204604,-0.234120349,0.12050446
ENSG00000204611,0.026676254,0.8087709
ENSG00000204618,0.007921514,0.944384018
ENSG00000204619,0.034143993,0.757237185
ENSG00000204620,-0.108237743,0.244827371
ENSG00000204622,0.01738029,0.856496254
ENSG00000204623,0.324836838,0.041711309
ENSG00000204624,-0.008455591,0.827752191
ENSG00000204628,0.033538699,0.759587999
ENSG00000204632,-0.080137969,0.539200525
ENSG00000204634,0.030036923,0.818984562
ENSG00000204642,0.043972125,0.695859194
ENSG00000204650,0.07930449,0.477116316
ENSG00000204652,0.02400117,0.810165723
ENSG00000204653,-0.009730775,0.898270304
ENSG00000204659,0.029251931,0.540417208
ENSG00000204666,0.189789624,0.022945326
ENSG00000204673,0.045098725,0.601067779
ENSG00000204677,-0.052278062,0.151637965
ENSG00000204681,-0.12561446,0.166974337
ENSG00000204682,0.067147333,0.600399942
ENSG00000204685,-0.231507822,0.105714295
ENSG00000204706,0.018018613,0.846193873
ENSG00000204713,0.030408943,0.742212544
ENSG00000204740,0.061477407,0.432082684
ENSG00000204745,-0.141818496,0.159155974
ENSG00000204758,-0.01500168,0.873692752
ENSG00000204764,-0.026724329,0.715745648
ENSG00000204767,0.404720995,0.036127294
ENSG00000204771,-0.223211239,0.034096056
ENSG00000204775,-0.126995979,0.341359525
ENSG00000204778,-0.110551895,0.374915883
ENSG00000204789,0.551151283,0.01017766
ENSG00000204790,0.030578789,0.798390099
ENSG00000204792,-0.004861679,0.91920815
ENSG00000204793,0.02302419,0.650090765
ENSG00000204794,0.134644623,0.327759401
ENSG00000204801,0.281342514,0.015588065
ENSG00000204802,0.549490482,0.0109903
ENSG00000204805,0.020522777,0.813535355
ENSG00000204807,0.001952055,0.973582158
ENSG00000204815,0.096927729,0.451153716
ENSG00000204816,0.239957251,0.036643364
ENSG00000204822,0.035689588,0.776797865
ENSG00000204828,0.025055959,0.678897163
ENSG00000204837,0.128658443,0.3317778
ENSG00000204839,-0.187454132,0.197183278
ENSG00000204842,-0.334727977,0.005581371
ENSG00000204843,-0.063423457,0.532739106
ENSG00000204851,0.007823318,0.93959712
ENSG00000204852,0.204924562,0.047026047
ENSG00000204856,-0.108876301,0.369836349
ENSG00000204859,0.007641502,0.942210406
ENSG00000204882,1.791848125,0.005982004
ENSG00000204894,0.003641572,0.880338264
ENSG00000204899,-0.230219399,0.085282727
ENSG00000204904,-0.024329095,0.636472427
ENSG00000204920,0.380243763,0.027410932
ENSG00000204922,0.021116908,0.872365873
ENSG00000204923,0.118044184,0.383085542
ENSG00000204929,0.034885918,0.576553466
ENSG00000204933,0.138088385,0.077273001
ENSG00000204934,0.241612657,0.104922627
ENSG00000204936,0.25990385,0.09379738
ENSG00000204941,0.01694767,0.720479358
ENSG00000204946,-0.173405026,0.16215702
ENSG00000204947,0.386047662,0.003949287
ENSG00000204954,-0.10415337,0.439149481
ENSG00000204956,0.217782456,0.148101977
ENSG00000204957,-0.002246691,0.975876765
ENSG00000204959,-0.003348168,0.975751072
ENSG00000204962,0.002555955,0.955544625
ENSG00000204963,-0.003903747,0.950459588
ENSG00000204967,-0.000925186,0.988930038
ENSG00000204969,0.013993632,0.791396552
ENSG00000204977,-0.189827581,0.049215493
ENSG00000204991,0.692913886,0.000128606
ENSG00000205002,-0.113035297,0.018190945
ENSG00000205037,0.315096474,0.022170413
ENSG00000205041,-0.05148541,0.680216295
ENSG00000205045,0.001320484,0.987996607
ENSG00000205047,0.022927721,0.860995675
ENSG00000205054,0.096646517,0.369542134
ENSG00000205060,-0.092462236,0.401272637
ENSG00000205078,-0.034147627,0.681627797
ENSG00000205084,0.180832931,0.195266051
ENSG00000205085,-0.320158598,0.057207552
ENSG00000205089,-0.015739474,0.795830503
ENSG00000205090,-0.034812232,0.791233555
ENSG00000205105,-0.076568436,0.504292953
ENSG00000205106,-0.01338414,0.862156706
ENSG00000205108,0.052687544,0.534879872
ENSG00000205111,-0.137750248,0.176170239
ENSG00000205129,0.023311054,0.83715143
ENSG00000205133,0.007749072,0.933997785
ENSG00000205138,-0.016441697,0.895515294
ENSG00000205143,-0.038936173,0.593880474
ENSG00000205147,-0.053266635,0.478177089
ENSG00000205155,-0.03165499,0.795232311
ENSG00000205181,0.163324907,0.213302858
ENSG00000205189,-0.442737553,0.006783926
ENSG00000205208,1.333392691,1.75E-12
ENSG00000205209,-0.020939165,0.834720687
ENSG00000205212,-0.025259115,0.630402862
ENSG00000205213,1.04301714,1.03E-07
ENSG00000205217,0.025987573,0.810130048
ENSG00000205220,-0.055942474,0.660532579
ENSG00000205221,-0.042309395,0.582316293
ENSG00000205236,0.064732096,0.468546236
ENSG00000205238,0.124605164,0.333588427
ENSG00000205240,-0.07310022,0.493583489
ENSG00000205246,0.041467023,0.746130432
ENSG00000205250,-0.250409604,0.038794959
ENSG00000205268,0.14419139,0.247380631
ENSG00000205269,-0.233982247,0.092152798
ENSG00000205271,0.254576512,0.103463101
ENSG00000205275,0.222953574,0.142998988
ENSG00000205277,-0.102301755,0.352552473
ENSG00000205281,0.2789847,0.065683828
ENSG00000205302,0.327722354,0.000150093
ENSG00000205309,0.13875066,0.312715581
ENSG00000205323,0.224518739,0.133410058
ENSG00000205334,-0.002912553,0.952997132
ENSG00000205336,0.087817899,0.461900506
ENSG00000205339,-0.157746495,0.01673987
ENSG00000205352,-0.44217876,2.68E-06
ENSG00000205356,-0.181429114,0.050647948
ENSG00000205362,-0.043381867,0.520361777
ENSG00000205363,0.18078806,0.166077925
ENSG00000205364,-2.352930399,4.58E-09
ENSG00000205403,0.054583679,0.553346802
ENSG00000205413,0.029627357,0.819027538
ENSG00000205414,-0.076796418,0.142220102
ENSG00000205423,-0.09687842,0.295848472
ENSG00000205426,-0.095753905,0.100155609
ENSG00000205436,0.045119441,0.514144114
ENSG00000205456,0.031283795,0.488135759
ENSG00000205457,0.033478013,0.469677773
ENSG00000205464,0.366208197,0.012427735
ENSG00000205476,0.462297004,0.016754312
ENSG00000205482,0.133685646,0.308695433
ENSG00000205485,0.101877975,0.448808372
ENSG00000205505,-0.042169167,0.739873083
ENSG00000205506,0.071149061,0.578638777
ENSG00000205508,-0.06679492,0.601762747
ENSG00000205509,-0.030947543,0.804493117
ENSG00000205517,-0.251193502,0.072957667
ENSG00000205531,0.059743638,0.396068749
ENSG00000205534,0.018978277,0.864975045
ENSG00000205542,0.126753526,0.305410149
ENSG00000205544,-0.070112839,0.589972543
ENSG00000205549,-0.04595657,0.42201136
ENSG00000205559,0.005213842,0.943334922
ENSG00000205562,0.062884702,0.357774589
ENSG00000205565,0.076644567,0.374688477
ENSG00000205571,-0.039607692,0.758842524
ENSG00000205572,-0.131659788,0.330115275
ENSG00000205578,-0.138519292,0.122083029
ENSG00000205579,-0.123043786,0.247586065
ENSG00000205580,-0.066803408,0.602892441
ENSG00000205581,0.502229462,2.96E-05
ENSG00000205583,0.089054471,0.416244271
ENSG00000205584,-0.010625601,0.851325975
ENSG00000205592,0.015896609,0.830030872
ENSG00000205593,0.015808846,0.90142063
ENSG00000205595,0.060392128,0.196593436
ENSG00000205609,0.066240918,0.619122688
ENSG00000205629,-0.035260027,0.697995131
ENSG00000205639,-0.138290756,0.317417795
ENSG00000205643,0.076250473,0.515196344
ENSG00000205659,-0.670891088,1.67E-06
ENSG00000205662,0.012507356,0.776563691
ENSG00000205663,0.083460745,0.340265669
ENSG00000205664,0.20081527,0.171266792
ENSG00000205670,-0.038979953,0.725743091
ENSG00000205683,0.682463857,0.00574294
ENSG00000205693,-0.090302765,0.211086613
ENSG00000205702,0.068560974,0.585426867
ENSG00000205707,0.173676936,0.176002734
ENSG00000205710,0.007373531,0.933090125
ENSG00000205726,-0.374807462,0.004532462
ENSG00000205730,-0.341137097,0.00364865
ENSG00000205740,0.051405321,0.272196967
ENSG00000205746,-0.193544583,0.176275044
ENSG00000205758,0.081451147,0.460133893
ENSG00000205763,0.160625162,0.217546003
ENSG00000205765,-0.393550404,8.32E-07
ENSG00000205771,0.40182606,0.036642162
ENSG00000205790,-0.00891619,0.879332115
ENSG00000205791,0.146632895,0.289593788
ENSG00000205795,0.061191155,0.589654638
ENSG00000205808,-0.05994069,0.626711924
ENSG00000205822,-0.098287348,0.183573926
ENSG00000205832,0.026313813,0.575757981
ENSG00000205835,-0.066326715,0.30419419
ENSG00000205838,-0.036656661,0.736138303
ENSG00000205861,0.34611784,0.0457342
ENSG00000205863,0.125850951,0.278437459
ENSG00000205871,0.145482215,0.164655926
ENSG00000205879,0.026548109,0.767123525
ENSG00000205885,0.162701703,0.223270134
ENSG00000205898,-0.139198195,0.084034769
ENSG00000205903,0.085572179,0.493601619
ENSG00000205913,0.1320061,0.236125636
ENSG00000205918,0.106065307,0.433714523
ENSG00000205929,0.017657682,0.809629496
ENSG00000205930,0.156603671,0.262432242
ENSG00000205937,-0.294862413,0.00096957
ENSG00000205940,0.008247755,0.938541233
ENSG00000205959,-0.025743932,0.81018829
ENSG00000205978,1.113520618,1.96E-11
ENSG00000205981,-0.27359684,0.007780217
ENSG00000206044,0.045184674,0.608145998
ENSG00000206052,1.054415872,7.68E-08
ENSG00000206053,-0.015686794,0.899095237
ENSG00000206077,-0.050638351,0.591632961
ENSG00000206082,0.103134284,0.428218778
ENSG00000206127,0.308233192,0.017752821
ENSG00000206140,-0.0882149,0.385673418
ENSG00000206145,0.045670564,0.460307096
ENSG00000206149,0.03192995,0.803724827
ENSG00000206168,0.025172773,0.681351748
ENSG00000206172,2.200325131,6.73E-05
ENSG00000206176,0.007706383,0.927782862
ENSG00000206190,-1.12590251,4.69E-05
ENSG00000206195,0.003292836,0.971414897
ENSG00000206228,-0.002329498,0.983839462
ENSG00000206337,0.144976026,0.135737421
ENSG00000206341,0.183621663,0.06613271
ENSG00000206344,0.156342988,0.19694281
ENSG00000206384,0.135043916,0.15980633
ENSG00000206417,-0.126800941,0.352853079
ENSG00000206418,-0.256007009,0.057558383
ENSG00000206503,0.191718219,0.149211904
ENSG00000206527,-0.569274469,9.46E-06
ENSG00000206530,0.481854605,0.002424545
ENSG00000206532,0.011295228,0.848274926
ENSG00000206535,0.007124126,0.957698128
ENSG00000206538,-1.256521751,3.86E-09
ENSG00000206559,0.157537709,0.237246461
ENSG00000206560,-0.6039163,2.14E-06
ENSG00000206561,0.918459595,0.000171204
ENSG00000206562,0.098662573,0.304450447
ENSG00000206567,0.002554344,0.9848468
ENSG00000206573,0.371090409,0.002657028
ENSG00000206585,0.079793059,0.270891712
ENSG00000206588,0.076779497,0.279559696
ENSG00000206596,0.084618197,0.224262817
ENSG00000206625,0.043931483,0.583481661
ENSG00000206630,-0.033106002,0.556931993
ENSG00000206634,-0.003129307,0.955185468
ENSG00000206652,0.101132821,0.192908239
ENSG00000206658,-0.228092025,0.050876736
ENSG00000206685,0.023688645,0.546397226
ENSG00000206706,-0.042800352,0.681441567
ENSG00000206712,-0.03975565,0.608480149
ENSG00000206737,0.137110717,0.096079309
ENSG00000206754,-0.032977915,0.602409976
ENSG00000206885,0.00907206,0.876200338
ENSG00000206892,0.051154871,0.351419997
ENSG00000206899,0.056494293,0.416471156
ENSG00000206926,0.006661949,0.88786951
ENSG00000206927,-0.052161963,0.617687136
ENSG00000206932,0.035745506,0.544779987
ENSG00000206965,0.022203437,0.739999171
ENSG00000207004,-0.001580478,0.964999128
ENSG00000207005,0.117073475,0.126551937
ENSG00000207031,0.003319574,0.951970717
ENSG00000207041,0.01804475,0.762939568
ENSG00000207063,0.003314305,0.936679158
ENSG00000207129,-0.001065406,0.985845677
ENSG00000207146,0.035663143,0.488553074
ENSG00000207234,0.009696885,0.858649511
ENSG00000207279,0.026547416,0.684643188
ENSG00000207291,0.004109343,0.933585305
ENSG00000207294,-0.004016903,0.966835164
ENSG00000207297,0.053453056,0.296156904
ENSG00000207340,0.017821007,0.733147508
ENSG00000207342,0.01923257,0.754007454
ENSG00000207357,-0.031038445,0.661780466
ENSG00000207383,0.010604783,0.861483217
ENSG00000207389,0.08850492,0.203317782
ENSG00000207418,0.079793059,0.270891712
ENSG00000207425,-0.079990615,0.496496578
ENSG00000207467,0.013654002,0.803304337
ENSG00000207507,0.018901592,0.760665931
ENSG00000207513,0.08850492,0.203317782
ENSG00000207523,-0.006751489,0.936099668
ENSG00000207524,0.000258709,0.998246124
ENSG00000207547,0.003952528,0.952274559
ENSG00000207554,0.036353736,0.674473037
ENSG00000207561,-0.530924936,0.00991097
ENSG00000207563,-0.229418122,0.016662645
ENSG00000207631,-0.046391411,0.465375184
ENSG00000207650,0.035098003,0.739989286
ENSG00000207652,0.01751238,0.881919516
ENSG00000207698,0.026208604,0.592282934
ENSG00000207721,-0.050567148,0.685299914
ENSG00000207741,0.081314932,0.24057021
ENSG00000207752,0.073015906,0.13151107
ENSG00000207770,0.032419707,0.781413673
ENSG00000207864,-0.085022691,0.333157495
ENSG00000207865,0.004385098,0.942516028
ENSG00000207870,-0.035369569,0.710048487
ENSG00000207949,0.223446655,0.141214995
ENSG00000207959,0.045177632,0.443259376
ENSG00000207971,-0.059442489,0.256042404
ENSG00000208005,0.027184708,0.727689424
ENSG00000208018,0.020403054,0.704591399
ENSG00000208024,-0.012286145,0.817052503
ENSG00000208028,0.062460214,0.356309885
ENSG00000208035,0.015873996,0.802996533
ENSG00000208317,-0.074410379,0.127229116
ENSG00000208772,-0.014263656,0.846957165
ENSG00000209482,0.001274258,0.985186262
ENSG00000210082,0.022128196,0.853336691
ENSG00000210135,-0.03686173,0.757098844
ENSG00000210140,-0.114986638,0.367489746
ENSG00000210144,0.075365934,0.263482729
ENSG00000210196,-0.024432336,0.84574754
ENSG00000211445,-3.663704883,3.50E-23
ENSG00000211448,-1.396982869,4.49E-06
ENSG00000211450,-0.106575954,0.362562487
ENSG00000211451,0.123625213,0.341167677
ENSG00000211452,0.105787144,0.133387471
ENSG00000211454,-0.210964881,0.108987508
ENSG00000211455,-0.556860149,9.08E-06
ENSG00000211456,-0.22982933,0.002664622
ENSG00000211459,0.055117937,0.643879655
ENSG00000211460,-0.067908817,0.483360474
ENSG00000211553,0.010138964,0.843488943
ENSG00000211574,1.163730059,0.003450854
ENSG00000211584,-0.188335617,0.094905754
ENSG00000211715,0.041919353,0.388386426
ENSG00000211725,0.020713265,0.737942571
ENSG00000211728,-0.025729984,0.589822789
ENSG00000211731,0.008058979,0.897360289
ENSG00000211772,-0.047837402,0.579780829
ENSG00000212027,-0.008600297,0.847374416
ENSG00000212084,-0.104658365,0.23263572
ENSG00000212123,-0.119456474,0.298323303
ENSG00000212124,-0.043395218,0.550166446
ENSG00000212125,-0.033238541,0.666216076
ENSG00000212127,-0.016704783,0.865134934
ENSG00000212232,-0.067865246,0.483258991
ENSG00000212237,-0.028247861,0.630373655
ENSG00000212242,-0.026093351,0.657684229
ENSG00000212304,0.049712978,0.490693479
ENSG00000212452,-0.025224683,0.644970145
ENSG00000212493,0.009632588,0.83316399
ENSG00000212541,-0.056400272,0.37883719
ENSG00000212588,-0.077946998,0.278108099
ENSG00000212607,-0.004068659,0.947694545
ENSG00000212664,0.062357251,0.587868728
ENSG00000212670,0.075079309,0.57145138
ENSG00000212673,0.051192988,0.43031337
ENSG00000212694,0.008650481,0.946176641
ENSG00000212719,0.160786979,0.248016088
ENSG00000212743,0.005836904,0.909202738
ENSG00000212747,0.022124523,0.828447405
ENSG00000212766,0.009430297,0.89070637
ENSG00000212769,0.079867454,0.38634291
ENSG00000212789,0.123463437,0.365861884
ENSG00000212802,0.098301167,0.271815681
ENSG00000212807,0.100982164,0.245212129
ENSG00000212829,0.002515797,0.983606596
ENSG00000212864,0.101541122,0.452062883
ENSG00000212884,0.045293012,0.496093039
ENSG00000212907,-0.15816413,0.164917197
ENSG00000212916,0.011931505,0.928746927
ENSG00000212932,0.30095502,0.057670404
ENSG00000212951,0.048181334,0.46401532
ENSG00000212952,0.020270535,0.70650068
ENSG00000212978,0.035666862,0.763447793
ENSG00000212994,0.01832576,0.852131026
ENSG00000212998,0.158527932,0.201729732
ENSG00000213013,0.023928802,0.608599303
ENSG00000213015,-0.138826803,0.175724355
ENSG00000213018,0.016422297,0.822088029
ENSG00000213020,0.110664775,0.365917197
ENSG00000213023,-0.072050493,0.254602192
ENSG00000213024,0.288588603,0.007271181
ENSG00000213025,-0.005310489,0.961526314
ENSG00000213036,-0.162745557,0.238416754
ENSG00000213047,0.039704954,0.749706611
ENSG00000213051,0.017591107,0.729911115
ENSG00000213057,0.069467992,0.416104079
ENSG00000213058,-0.000465254,0.966139914
ENSG00000213062,0.031784959,0.711856624
ENSG00000213064,-0.736248189,0.000198145
ENSG00000213066,0.217454009,0.093201434
ENSG00000213070,-0.005314574,0.927031379
ENSG00000213071,-0.105834425,0.21051423
ENSG00000213073,0.558912085,0.002264171
ENSG00000213077,0.099324301,0.330368784
ENSG00000213079,0.117335071,0.199108838
ENSG00000213080,-0.050915886,0.693286156
ENSG00000213082,-0.137935788,0.20152948
ENSG00000213085,0.030615783,0.795546312
ENSG00000213087,-0.027304623,0.627522564
ENSG00000213089,-0.010653894,0.915044366
ENSG00000213090,-0.045451958,0.599306787
ENSG00000213096,0.129833201,0.247530247
ENSG00000213104,0.009503628,0.926164712
ENSG00000213108,-0.025036998,0.765646964
ENSG00000213123,-0.112589053,0.33047265
ENSG00000213131,-0.020446278,0.866645803
ENSG00000213139,0.008870886,0.946796325
ENSG00000213144,0.016902186,0.896088325
ENSG00000213147,0.281210617,0.08724675
ENSG00000213149,-0.036822198,0.562032218
ENSG00000213152,-0.061930098,0.302536274
ENSG00000213160,-1.498748405,6.05E-07
ENSG00000213169,-0.14253174,0.113178999
ENSG00000213178,0.022294259,0.813031352
ENSG00000213185,0.132315377,0.099098118
ENSG00000213186,0.052754039,0.661732076
ENSG00000213189,0.002346413,0.985050102
ENSG00000213190,0.471182494,0.008582593
ENSG00000213194,0.069082982,0.429419555
ENSG00000213199,-0.256725028,0.102044308
ENSG00000213204,0.095604657,0.409707499
ENSG00000213205,-0.19054572,0.111855282
ENSG00000213212,-0.009217504,0.879263064
ENSG00000213213,-0.038068001,0.733950419
ENSG00000213214,-0.009191245,0.934502201
ENSG00000213221,-0.015502,0.7903744
ENSG00000213222,0.005487551,0.963532252
ENSG00000213225,-0.025245481,0.734220882
ENSG00000213228,-0.042648538,0.740436649
ENSG00000213234,-0.06080771,0.338898984
ENSG00000213235,0.285091355,0.083230748
ENSG00000213236,-0.004077728,0.9698334
ENSG00000213237,-0.048681475,0.5651722
ENSG00000213239,0.009540086,0.897708788
ENSG00000213240,0.073658879,0.576676967
ENSG00000213244,0.05962968,0.358881282
ENSG00000213246,-0.204430743,0.042857649
ENSG00000213250,0.003361804,0.98025336
ENSG00000213252,-0.112485508,0.396266913
ENSG00000213253,-0.134347199,0.233474375
ENSG00000213260,-0.11324636,0.398280192
ENSG00000213261,-0.011139411,0.930379829
ENSG00000213277,-0.066370772,0.358123444
ENSG00000213280,0.000706082,0.99708709
ENSG00000213281,-0.274006114,0.001884342
ENSG00000213285,0.320452354,0.064312525
ENSG00000213290,-0.055102043,0.523106635
ENSG00000213300,-0.018014955,0.878461799
ENSG00000213304,0.013163648,0.806013424
ENSG00000213309,-0.124714387,0.297207708
ENSG00000213315,0.033216353,0.679993902
ENSG00000213326,0.032542007,0.770455422
ENSG00000213333,0.058898379,0.390345179
ENSG00000213337,0.020465867,0.875657004
ENSG00000213338,0.030095193,0.65923685
ENSG00000213339,-0.143622699,0.239904254
ENSG00000213341,-0.30852931,0.004026666
ENSG00000213344,0.031702623,0.684053554
ENSG00000213347,0.066186894,0.615709451
ENSG00000213362,-0.046722899,0.663783386
ENSG00000213366,0.272182356,0.008906297
ENSG00000213371,-0.143416869,0.236233159
ENSG00000213380,0.077289823,0.495031619
ENSG00000213383,0.000350208,0.994797146
ENSG00000213390,-0.1404218,0.259746573
ENSG00000213394,0.050950925,0.37842913
ENSG00000213397,0.355758787,0.02026575
ENSG00000213398,-0.148583923,0.209791888
ENSG00000213399,0.043172522,0.729104861
ENSG00000213402,-1.140789361,0.002761126
ENSG00000213406,-0.129475684,0.235567584
ENSG00000213411,-0.003962381,0.938640709
ENSG00000213412,-0.069428948,0.420397265
ENSG00000213413,0.041069652,0.696304913
ENSG00000213420,1.154284291,0.001502145
ENSG00000213430,0.108460236,0.37269201
ENSG00000213432,-0.001674399,0.988343563
ENSG00000213433,0.114256216,0.283891753
ENSG00000213435,0.092544905,0.379579779
ENSG00000213442,-0.031592007,0.805631032
ENSG00000213443,0.015248249,0.904103025
ENSG00000213445,-0.482023242,0.001239746
ENSG00000213453,-0.099750436,0.450199889
ENSG00000213462,0.533623381,6.14E-05
ENSG00000213463,0.12324981,0.245989099
ENSG00000213465,-0.070638528,0.580425537
ENSG00000213467,0.098999248,0.327552884
ENSG00000213480,-0.027253852,0.59750203
ENSG00000213492,-0.034007404,0.729992921
ENSG00000213493,-0.78301058,0.004129722
ENSG00000213500,0.027090414,0.536909247
ENSG00000213509,0.018158328,0.810491624
ENSG00000213513,-0.028891905,0.550816606
ENSG00000213514,0.110984074,0.409488784
ENSG00000213516,-0.399446311,0.001085852
ENSG00000213523,-0.029133265,0.79911018
ENSG00000213526,-0.046299152,0.542640877
ENSG00000213533,0.028394217,0.816845534
ENSG00000213539,-0.002609276,0.958415901
ENSG00000213542,-0.120233508,0.199940926
ENSG00000213551,-0.061366148,0.615046038
ENSG00000213553,-0.005435173,0.967833783
ENSG00000213563,-0.255001668,0.048775612
ENSG00000213569,0.034397493,0.552590268
ENSG00000213574,-0.134169528,0.125491953
ENSG00000213585,-0.179818344,0.135821631
ENSG00000213588,0.113355869,0.339535569
ENSG00000213593,-0.191173479,0.064139717
ENSG00000213598,-0.0374001,0.716632255
ENSG00000213609,-0.05161625,0.598478756
ENSG00000213613,0.066584583,0.327148848
ENSG00000213614,-0.006851151,0.943891468
ENSG00000213619,0.05038831,0.605843112
ENSG00000213621,-0.000187954,0.996046633
ENSG00000213625,-0.336664926,0.001027723
ENSG00000213626,-1.166407492,0.00024413
ENSG00000213630,0.060085207,0.170843295
ENSG00000213638,-0.096948603,0.354809086
ENSG00000213639,-1.004696815,3.24E-08
ENSG00000213648,0.130557232,0.337495402
ENSG00000213650,-0.006043788,0.884376041
ENSG00000213654,0.014067993,0.914259979
ENSG00000213658,0.067493991,0.413839557
ENSG00000213672,0.026612021,0.806372823
ENSG00000213676,0.043099416,0.705897852
ENSG00000213683,-0.111419146,0.390231338
ENSG00000213684,0.050023426,0.418809302
ENSG00000213686,0.005874315,0.901978385
ENSG00000213689,0.066574497,0.614729301
ENSG00000213690,0.000569377,0.994751712
ENSG00000213693,0.087613072,0.433235156
ENSG00000213694,0.040586597,0.751533936
ENSG00000213695,-0.063504492,0.42505707
ENSG00000213699,-0.277927912,0.001324851
ENSG00000213700,0.024697171,0.829181131
ENSG00000213707,0.207138013,0.083529836
ENSG00000213713,-0.359533165,0.005068975
ENSG00000213714,0.001613935,0.971488324
ENSG00000213719,-0.045130962,0.562680209
ENSG00000213722,0.14442129,0.259155897
ENSG00000213740,-0.272054185,0.053589362
ENSG00000213741,0.003340865,0.981724138
ENSG00000213742,0.224132522,0.141460394
ENSG00000213750,0.00466166,0.897818857
ENSG00000213753,0.072117316,0.441945886
ENSG00000213757,0.007603464,0.947074344
ENSG00000213760,0.12186215,0.371333971
ENSG00000213762,0.152582799,0.193431652
ENSG00000213763,-1.145000222,9.52E-05
ENSG00000213770,-0.006694608,0.873358339
ENSG00000213772,-0.069899848,0.433803519
ENSG00000213777,0.075805438,0.409530557
ENSG00000213780,0.005594997,0.921936018
ENSG00000213782,0.125598328,0.358888735
ENSG00000213790,0.081776555,0.535895972
ENSG00000213793,0.117675502,0.308014767
ENSG00000213799,-0.01073502,0.927298012
ENSG00000213816,-0.12887393,0.110165772
ENSG00000213839,-0.113496823,0.360313743
ENSG00000213846,-0.297657407,0.060596334
ENSG00000213853,-0.642223974,6.14E-05
ENSG00000213856,-0.128788154,0.297952028
ENSG00000213859,-0.135538291,0.257194044
ENSG00000213860,0.105698077,0.292655972
ENSG00000213862,0.084774609,0.502996198
ENSG00000213863,0.05222952,0.534808221
ENSG00000213864,-0.121777601,0.149708874
ENSG00000213865,-0.083799191,0.518200869
ENSG00000213866,-0.002691,0.979820162
ENSG00000213881,0.007372288,0.953203108
ENSG00000213885,0.003474572,0.978720534
ENSG00000213888,0.550108965,0.014233981
ENSG00000213889,-0.268012431,0.062043963
ENSG00000213901,-0.16266767,0.245430477
ENSG00000213903,0.016941652,0.8977965
ENSG00000213904,0.104348095,0.182299223
ENSG00000213917,0.013422035,0.791726872
ENSG00000213918,0.479379155,0.001140499
ENSG00000213923,-0.128245652,0.150932583
ENSG00000213928,0.159959543,0.256431551
ENSG00000213930,0.432022354,0.002799507
ENSG00000213938,0.037058732,0.517973519
ENSG00000213939,-0.072126942,0.36206134
ENSG00000213942,0.058512429,0.501549999
ENSG00000213949,-0.501404993,0.002484688
ENSG00000213963,0.081001126,0.539820121
ENSG00000213965,-0.303057766,0.014057126
ENSG00000213967,0.053043724,0.535556552
ENSG00000213970,0.114294227,0.291841266
ENSG00000213971,0.149430356,0.241282626
ENSG00000213976,0.005393666,0.9446486
ENSG00000213977,-0.022601213,0.86140376
ENSG00000213981,0.013440961,0.779550943
ENSG00000213983,0.03254778,0.7507196
ENSG00000213985,-0.201813111,0.15927752
ENSG00000213988,0.336904903,0.054883197
ENSG00000213994,0.032950707,0.545923044
ENSG00000213995,-0.038718829,0.675880107
ENSG00000213996,-0.259774362,0.102734461
ENSG00000213999,-0.009951561,0.858808579
ENSG00000214006,0.000522482,0.992738332
ENSG00000214013,-0.059986025,0.602998603
ENSG00000214016,0.094459766,0.450205044
ENSG00000214018,-0.089025503,0.24364943
ENSG00000214019,0.086134251,0.266268669
ENSG00000214021,0.133793866,0.229945295
ENSG00000214022,0.006739875,0.946298833
ENSG00000214026,-0.059773219,0.558597441
ENSG00000214029,0.110781796,0.415669995
ENSG00000214043,0.027778336,0.679379493
ENSG00000214046,-0.067899192,0.530663756
ENSG00000214063,-0.088840952,0.350800588
ENSG00000214077,-0.353233382,0.049095228
ENSG00000214078,0.088761835,0.219763522
ENSG00000214087,0.039026982,0.707447539
ENSG00000214100,-0.016353895,0.709147202
ENSG00000214102,0.019060148,0.740523753
ENSG00000214106,0.405264626,0.017133689
ENSG00000214110,-0.11372387,0.194491279
ENSG00000214113,0.089311315,0.374778579
ENSG00000214114,-0.188539333,0.190015676
ENSG00000214121,-0.009196974,0.896416372
ENSG00000214132,-0.018725927,0.859506999
ENSG00000214135,0.106586062,0.332053238
ENSG00000214140,0.365960823,0.040533769
ENSG00000214160,-0.218972203,0.081856867
ENSG00000214174,0.47672629,0.001753356
ENSG00000214176,-0.2503283,0.052322546
ENSG00000214182,0.065749678,0.618017436
ENSG00000214184,0.327181045,0.013142604
ENSG00000214185,0.035044228,0.759713698
ENSG00000214189,0.053589325,0.514466375
ENSG00000214192,-0.148108625,0.265247668
ENSG00000214193,0.010138971,0.939217365
ENSG00000214194,-0.001407981,0.98773214
ENSG00000214198,-0.079950939,0.4512765
ENSG00000214199,-0.027217031,0.832337577
ENSG00000214203,-0.016217513,0.776029815
ENSG00000214212,1.054905143,0.002310682
ENSG00000214222,0.23264509,0.042823229
ENSG00000214223,-0.128936344,0.304077529
ENSG00000214226,-0.018448673,0.886048365
ENSG00000214239,-0.008486945,0.884690136
ENSG00000214243,-0.005564233,0.952642471
ENSG00000214244,0.036061459,0.447355315
ENSG00000214253,0.039039312,0.693222133
ENSG00000214263,0.012972978,0.83588061
ENSG00000214264,-0.120858023,0.198505844
ENSG00000214269,-0.048991467,0.572191409
ENSG00000214273,-0.013345105,0.788480455
ENSG00000214274,-1.038182177,3.27E-07
ENSG00000214279,0.289696824,0.069568639
ENSG00000214280,-0.104153713,0.404723524
ENSG00000214282,-0.048674928,0.425419056
ENSG00000214290,0.097984901,0.265645182
ENSG00000214293,-0.021886887,0.859234519
ENSG00000214300,-0.126528475,0.346350563
ENSG00000214309,0.040589741,0.736808402
ENSG00000214331,0.039507168,0.76358875
ENSG00000214338,0.050933881,0.638918196
ENSG00000214353,0.025059992,0.690584855
ENSG00000214357,0.314991329,0.065293846
ENSG00000214367,0.055750942,0.603951123
ENSG00000214376,-0.004080795,0.969270484
ENSG00000214389,-0.024485385,0.844679087
ENSG00000214391,0.69199501,0.002425177
ENSG00000214401,-0.106227629,0.348550069
ENSG00000214402,0.457963787,0.02699603
ENSG00000214413,-0.021695164,0.858214962
ENSG00000214425,0.122871713,0.366937931
ENSG00000214432,0.05134732,0.450446588
ENSG00000214433,0.020127699,0.708565752
ENSG00000214439,0.100287786,0.407916434
ENSG00000214455,0.046602024,0.66988147
ENSG00000214460,-0.08825522,0.300824478
ENSG00000214485,0.000227985,0.99762638
ENSG00000214491,-0.015260368,0.798760216
ENSG00000214517,-0.142076022,0.257910652
ENSG00000214530,0.389583005,0.031473449
ENSG00000214534,-0.083833152,0.141780959
ENSG00000214535,-0.14139788,0.295868995
ENSG00000214541,-0.037008668,0.551034532
ENSG00000214544,-0.020740154,0.837605295
ENSG00000214548,0.509351642,1.55E-08
ENSG00000214552,-0.03540699,0.437585892
ENSG00000214553,0.032279388,0.562167513
ENSG00000214558,-0.013521451,0.900591173
ENSG00000214562,-0.007405958,0.944850391
ENSG00000214575,0.543722976,0.01058018
ENSG00000214578,0.118387465,0.340941477
ENSG00000214584,-0.008871676,0.850184601
ENSG00000214593,0.050552844,0.468566138
ENSG00000214595,-0.103233641,0.335290927
ENSG00000214612,-0.001474882,0.983362544
ENSG00000214617,0.002422862,0.979465227
ENSG00000214646,-0.191497601,0.137257897
ENSG00000214653,-0.083396995,0.522967407
ENSG00000214654,-0.008156339,0.947640416
ENSG00000214655,0.011794817,0.90122021
ENSG00000214659,0.008630565,0.901745903
ENSG00000214688,0.057549942,0.46767415
ENSG00000214694,0.191331463,0.164426868
ENSG00000214706,-0.024682642,0.828629321
ENSG00000214708,0.070603315,0.237601246
ENSG00000214711,0.079204524,0.45341595
ENSG00000214717,-0.278036215,0.008978313
ENSG00000214719,-0.073889645,0.406169917
ENSG00000214725,-0.057632353,0.473639912
ENSG00000214753,-0.164095283,0.134731324
ENSG00000214756,0.18427275,0.20102495
ENSG00000214760,0.002113604,0.973938563
ENSG00000214765,0.186790712,0.180133447
ENSG00000214770,0.09765962,0.159643242
ENSG00000214776,0.077514525,0.215186744
ENSG00000214783,-0.055364669,0.645468908
ENSG00000214784,0.046776896,0.690427096
ENSG00000214810,-0.162971709,0.238021921
ENSG00000214814,3.015655322,2.13E-11
ENSG00000214820,0.183266108,0.199697003
ENSG00000214821,-0.029614581,0.52793251
ENSG00000214826,0.468621815,0.011434228
ENSG00000214827,-0.068982001,0.536545509
ENSG00000214832,0.029839319,0.773222797
ENSG00000214837,0.342495665,0.052239417
ENSG00000214846,-0.053636121,0.536050489
ENSG00000214851,0.059374585,0.25322697
ENSG00000214855,0.012957776,0.796220123
ENSG00000214857,-0.067240136,0.401797521
ENSG00000214867,0.063733458,0.176619645
ENSG00000214872,0.011217307,0.881307487
ENSG00000214881,-0.011008394,0.91925666
ENSG00000214892,-0.044410223,0.31620658
ENSG00000214900,-0.062444551,0.481817456
ENSG00000214914,0.003799543,0.972064124
ENSG00000214917,-0.017756487,0.703663335
ENSG00000214922,0.335361309,0.047672163
ENSG00000214940,-0.271085013,0.011477144
ENSG00000214941,0.188941131,0.153959956
ENSG00000214944,-1.022269145,1.21E-08
ENSG00000214954,-0.075618015,0.5189103
ENSG00000214960,-0.035650382,0.764979705
ENSG00000214961,0.121835685,0.154179598
ENSG00000214967,-0.267518003,0.011057595
ENSG00000214973,0.008092406,0.946360866
ENSG00000214975,-0.058380782,0.580682999
ENSG00000214980,-0.067884798,0.36100317
ENSG00000214982,0.005329409,0.961240145
ENSG00000215003,-0.007373364,0.891128077
ENSG00000215006,-0.147377546,0.285006885
ENSG00000215007,0.011506964,0.790023494
ENSG00000215012,-0.289073838,0.042582496
ENSG00000215014,0.008083679,0.940931853
ENSG00000215018,-1.767021418,0.002272581
ENSG00000215021,-0.065761812,0.524854251
ENSG00000215022,0.095138351,0.398942971
ENSG00000215030,-0.032096404,0.799993607
ENSG00000215033,-0.155668935,0.079477544
ENSG00000215039,-0.037765578,0.765726301
ENSG00000215041,0.03385977,0.755421583
ENSG00000215065,-0.058959472,0.278141736
ENSG00000215067,0.036449408,0.780366525
ENSG00000215068,0.121991324,0.372221949
ENSG00000215086,0.124670895,0.362157698
ENSG00000215093,0.023097473,0.841835568
ENSG00000215097,-0.046995945,0.426486739
ENSG00000215102,0.14305873,0.253552272
ENSG00000215105,0.226666584,0.131854377
ENSG00000215114,0.228031724,0.059913246
ENSG00000215126,-0.052856301,0.61214699
ENSG00000215142,-0.037994136,0.465246005
ENSG00000215146,0.005941168,0.948929065
ENSG00000215154,0.145183945,0.287895306
ENSG00000215156,-0.006506408,0.89416262
ENSG00000215158,0.116462603,0.363700487
ENSG00000215186,0.072965771,0.069284945
ENSG00000215190,0.437580527,0.01479237
ENSG00000215193,-0.013363247,0.887847613
ENSG00000215196,0.587834722,0.007394722
ENSG00000215199,-0.059337523,0.491730308
ENSG00000215210,0.122063646,0.351333619
ENSG00000215221,0.030544172,0.623664564
ENSG00000215237,0.047563324,0.556863516
ENSG00000215241,0.397396707,0.037790385
ENSG00000215244,-0.015253408,0.850430687
ENSG00000215246,-0.184938527,0.074632416
ENSG00000215251,-0.494927162,0.001442362
ENSG00000215252,0.009177712,0.943358585
ENSG00000215256,0.033687251,0.772702468
ENSG00000215262,0.126660227,0.17735972
ENSG00000215268,-0.144607134,0.150297337
ENSG00000215270,0.002094987,0.983695012
ENSG00000215271,-0.178284566,0.127411993
ENSG00000215277,0.016316863,0.857590225
ENSG00000215283,0.018626781,0.8020469
ENSG00000215284,-0.083010251,0.287728448
ENSG00000215301,-0.18704441,0.161388388
ENSG00000215302,0.034428424,0.775573965
ENSG00000215304,0.065683682,0.347864686
ENSG00000215305,-0.014608517,0.9054864
ENSG00000215319,-0.0016502,0.978855129
ENSG00000215326,-0.025247921,0.677601121
ENSG00000215349,-0.049294102,0.588616516
ENSG00000215354,-0.073524838,0.283670146
ENSG00000215373,-0.048698082,0.386548679
ENSG00000215374,-0.147429347,0.288512268
ENSG00000215375,0.148180481,0.183473453
ENSG00000215386,1.301176879,1.60E-09
ENSG00000215388,0.118190873,0.117232494
ENSG00000215394,-0.015877189,0.848450642
ENSG00000215399,-0.109991908,0.104135261
ENSG00000215414,0.013817449,0.908930548
ENSG00000215417,-0.156005214,0.170073489
ENSG00000215421,-0.016042668,0.887192047
ENSG00000215424,0.041919755,0.749044847
ENSG00000215440,-0.261230161,0.083547427
ENSG00000215447,0.381505458,0.013100252
ENSG00000215458,0.192792705,0.038285692
ENSG00000215480,-0.043901175,0.636750598
ENSG00000215481,-2.123288263,0.0002502
ENSG00000215482,0.036779479,0.611570505
ENSG00000215483,-0.030442315,0.587309886
ENSG00000215492,-0.185673366,0.200975789
ENSG00000215493,0.540632794,0.01729188
ENSG00000215504,0.078570238,0.173560276
ENSG00000215513,0.04749574,0.691867981
ENSG00000215527,0.031758562,0.735488721
ENSG00000215548,-0.010982308,0.931271362
ENSG00000215571,-0.034997336,0.544252401
ENSG00000215572,0.000735821,0.990657446
ENSG00000215608,0.360675727,0.009393507
ENSG00000215615,-0.013673382,0.853407851
ENSG00000215630,0.477546914,0.014131386
ENSG00000215642,0.014588398,0.905338017
ENSG00000215699,-0.09638846,0.311789423
ENSG00000215700,-0.397857588,2.89E-07
ENSG00000215705,-0.040364253,0.548544535
ENSG00000215712,-0.007888699,0.931154956
ENSG00000215717,-0.106822644,0.24096647
ENSG00000215719,0.034747678,0.760382299
ENSG00000215749,0.002129022,0.9864814
ENSG00000215750,-0.059950136,0.631684881
ENSG00000215769,-0.337748711,0.054053652
ENSG00000215781,0.00090911,0.995406245
ENSG00000215784,0.038741352,0.767490867
ENSG00000215788,0.237156603,0.115094378
ENSG00000215790,0.318528589,0.038712154
ENSG00000215795,0.052799649,0.471813282
ENSG00000215817,-0.008114398,0.947006925
ENSG00000215835,-0.069747547,0.596419704
ENSG00000215840,-0.002647711,0.951131759
ENSG00000215845,-0.027518263,0.719040826
ENSG00000215859,0.092160909,0.268059819
ENSG00000215860,0.645453027,0.012000063
ENSG00000215861,0.027067978,0.82765562
ENSG00000215863,-0.188824953,0.195513446
ENSG00000215864,-0.018615544,0.849749438
ENSG00000215871,0.016631676,0.814069558
ENSG00000215883,0.142121028,0.258900063
ENSG00000215895,0.042554179,0.718013027
ENSG00000215908,-0.024159065,0.847442585
ENSG00000215912,0.278962684,0.035883655
ENSG00000215914,0.165855993,0.234388534
ENSG00000215915,-0.067160097,0.599396539
ENSG00000215933,0.001765454,0.985270954
ENSG00000216197,-0.061877674,0.393320038
ENSG00000216285,-0.038679036,0.757602511
ENSG00000216331,0.00903104,0.902165216
ENSG00000216360,0.013108217,0.778256697
ENSG00000216412,0.048017237,0.385381538
ENSG00000216480,-0.019031851,0.737361708
ENSG00000216588,0.10825966,0.180651936
ENSG00000216624,0.013857543,0.808041201
ENSG00000216639,-0.026172314,0.614994394
ENSG00000216657,-0.04991762,0.58794127
ENSG00000216740,-0.04109394,0.461954445
ENSG00000216775,0.556013088,0.007625613
ENSG00000216809,0.053884302,0.641610765
ENSG00000216819,-0.053691604,0.637080752
ENSG00000216829,0.303046452,0.010460709
ENSG00000216854,0.0046799,0.922902138
ENSG00000216866,0.048419178,0.71196067
ENSG00000216895,-0.199259536,0.178077072
ENSG00000216906,0.112398145,0.253083959
ENSG00000216937,-0.012246025,0.918978225
ENSG00000217027,-0.013632734,0.902051636
ENSG00000217060,-0.016503555,0.865630812
ENSG00000217075,-0.032619565,0.66341203
ENSG00000217094,-0.182828446,0.207151979
ENSG00000217128,-0.000576132,0.994350092
ENSG00000217130,-0.017129581,0.864910865
ENSG00000217165,0.013873045,0.916120691
ENSG00000217241,-0.023995148,0.844399255
ENSG00000217258,0.017391896,0.779260398
ENSG00000217261,-0.431649784,0.027201301
ENSG00000217325,-0.169532232,0.199122595
ENSG00000217416,-0.486350476,0.001167058
ENSG00000217555,0.035930317,0.754965299
ENSG00000217624,0.086323223,0.48983953
ENSG00000217648,0.600643512,0.012092395
ENSG00000217716,-0.035398217,0.766375125
ENSG00000217769,0.088460525,0.457314091
ENSG00000217835,0.250940659,0.112053341
ENSG00000217929,0.02545319,0.74288675
ENSG00000217930,-0.114761694,0.364721165
ENSG00000217950,-0.038199504,0.725731308
ENSG00000218027,0.205792494,0.03784994
ENSG00000218052,-0.037367261,0.768066086
ENSG00000218069,0.025139785,0.702661391
ENSG00000218175,-0.091781426,0.491040905
ENSG00000218208,0.006501824,0.953877849
ENSG00000218226,-0.268662139,0.092964841
ENSG00000218227,-0.023050747,0.856925419
ENSG00000218265,0.028448692,0.608693465
ENSG00000218283,-0.228372188,0.002363087
ENSG00000218305,-0.431253426,0.030342571
ENSG00000218336,0.170426295,0.230666955
ENSG00000218350,-0.040810255,0.701756479
ENSG00000218358,-0.029831119,0.617805727
ENSG00000218416,-0.028721767,0.700870233
ENSG00000218418,-0.111688127,0.236113203
ENSG00000218422,-0.080264678,0.234517496
ENSG00000218426,0.081099393,0.494773945
ENSG00000218497,0.24703256,0.047511548
ENSG00000218510,-0.023694711,0.853771434
ENSG00000218512,0.047474893,0.2875065
ENSG00000218537,-0.087679391,0.282547641
ENSG00000218582,-0.14926417,0.183161683
ENSG00000218586,-0.052907306,0.616390342
ENSG00000218631,0.019668805,0.777759295
ENSG00000218676,0.019052922,0.72789602
ENSG00000218739,-0.096442862,0.229547909
ENSG00000218839,0.220017299,0.086373093
ENSG00000218890,0.030714495,0.652962453
ENSG00000218891,0.163835445,0.18034219
ENSG00000218896,0.024783988,0.649407433
ENSG00000218980,-0.037584233,0.697399716
ENSG00000218996,-0.159094945,0.211787541
ENSG00000219023,-0.095435751,0.430421287
ENSG00000219085,0.009429164,0.921650835
ENSG00000219088,-0.112057087,0.013448877
ENSG00000219102,-0.078967768,0.390959987
ENSG00000219133,0.044948697,0.63205665
ENSG00000219200,0.098969139,0.453694953
ENSG00000219201,-0.304964372,0.002202612
ENSG00000219274,-0.014892121,0.754822558
ENSG00000219392,-0.0409983,0.438064763
ENSG00000219395,-0.07193112,0.321915291
ENSG00000219410,0.002216307,0.973058123
ENSG00000219430,0.006054088,0.870206481
ENSG00000219438,-0.005863485,0.811039901
ENSG00000219451,-0.080453463,0.483033041
ENSG00000219470,-0.031333677,0.77547941
ENSG00000219481,0.659759217,1.03E-05
ENSG00000219507,-0.11831591,0.3785007
ENSG00000219545,0.133090179,0.218786829
ENSG00000219553,-0.013016817,0.760591145
ENSG00000219565,-3.063793871,0.000517249
ENSG00000219607,0.085927935,0.516966731
ENSG00000219626,0.055043945,0.674309487
ENSG00000219642,0.0934893,0.487317077
ENSG00000219665,0.025994579,0.842890657
ENSG00000219682,-0.239333273,0.102622601
ENSG00000219693,0.072905853,0.582623268
ENSG00000219747,0.229996214,0.113176685
ENSG00000219755,-0.016247719,0.888421622
ENSG00000219773,0.111657709,0.368754718
ENSG00000219814,0.281805874,0.08676071
ENSG00000219891,0.269801439,0.095099013
ENSG00000219928,-0.18516246,0.201411471
ENSG00000219932,0.070808656,0.593661212
ENSG00000219992,-0.112010435,0.285949197
ENSG00000220023,0.007458543,0.937405026
ENSG00000220032,0.018679302,0.860137968
ENSG00000220157,-0.026654763,0.810060826
ENSG00000220161,0.047955079,0.448065003
ENSG00000220201,-0.045041208,0.643901669
ENSG00000220205,-0.354952731,0.01430904
ENSG00000220305,-0.048298905,0.556691576
ENSG00000220323,-0.090571621,0.489459448
ENSG00000220412,-0.065423891,0.5325749
ENSG00000220472,-0.021361252,0.841328844
ENSG00000220494,-0.064033414,0.294963117
ENSG00000220563,0.953103777,0.006851375
ENSG00000220583,-0.070972848,0.562680025
ENSG00000220614,0.002096608,0.964434
ENSG00000220685,0.048791827,0.250488058
ENSG00000220695,0.050458832,0.221972806
ENSG00000220744,0.029701746,0.726637224
ENSG00000220749,0.03996626,0.753242276
ENSG00000220773,0.058932547,0.034957995
ENSG00000220785,0.543096024,0.001901456
ENSG00000220793,0.045494525,0.673208668
ENSG00000220804,0.071853313,0.554454477
ENSG00000220842,0.067592498,0.543376175
ENSG00000220848,-0.175849927,0.220615171
ENSG00000220867,0.098408528,0.15081241
ENSG00000220875,0.045148602,0.526110713
ENSG00000220920,-0.056938488,0.491585175
ENSG00000220924,-0.010820354,0.838158594
ENSG00000220937,-0.03947834,0.538263524
ENSG00000221164,0.018672336,0.667157282
ENSG00000221184,0.007711412,0.935833832
ENSG00000221246,0.054933146,0.206129038
ENSG00000221247,0.063985829,0.318305546
ENSG00000221299,-0.042039853,0.531083338
ENSG00000221340,-0.078170326,0.320323682
ENSG00000221500,-0.013207276,0.81500401
ENSG00000221502,0.030134664,0.52338294
ENSG00000221539,-0.02437711,0.661330554
ENSG00000221598,-0.00475668,0.947660537
ENSG00000221625,-0.108133463,0.413608946
ENSG00000221643,-0.01032266,0.879082552
ENSG00000221716,-0.03450851,0.525413053
ENSG00000221740,0.014665383,0.792185681
ENSG00000221743,-0.025976529,0.699041568
ENSG00000221817,0.000588453,0.997852189
ENSG00000221818,0.001269635,NA
ENSG00000221821,0.113493178,0.404697789
ENSG00000221823,-0.131552583,0.278681864
ENSG00000221826,0.035702909,0.518790287
ENSG00000221829,0.808278515,4.28E-05
ENSG00000221838,0.286680616,0.028728328
ENSG00000221843,0.523978575,0.015722607
ENSG00000221852,-0.099964777,0.089787725
ENSG00000221866,-2.345256794,NA
ENSG00000221869,-1.465555258,1.43E-20
ENSG00000221878,0.069807059,0.387120537
ENSG00000221883,0.109813015,0.373946399
ENSG00000221886,-0.040634555,0.752533848
ENSG00000221887,-0.058179912,0.323801445
ENSG00000221890,-0.034764558,0.78076908
ENSG00000221909,0.185981421,0.098820334
ENSG00000221914,-0.071132609,0.533008109
ENSG00000221916,-0.00635114,0.924753293
ENSG00000221923,0.129571547,0.348269107
ENSG00000221926,0.488502386,0.005688917
ENSG00000221930,-0.230327904,0.048569178
ENSG00000221944,0.178299606,0.21648883
ENSG00000221947,-0.047652742,0.538527981
ENSG00000221949,0.008986686,0.934826344
ENSG00000221953,0.079767195,0.479111385
ENSG00000221955,-0.060521827,0.642412589
ENSG00000221963,0.210385371,0.103746735
ENSG00000221968,-0.947341159,1.61E-08
ENSG00000221970,0.070154833,0.437062888
ENSG00000221978,-0.258023434,0.005337913
ENSG00000221983,0.045380322,0.700457225
ENSG00000221988,0.081087661,0.521329181
ENSG00000221990,0.116696596,0.387944636
ENSG00000221994,0.751927887,0.003511508
ENSG00000221995,0.265896595,0.094890232
ENSG00000222005,0.130014058,0.096729251
ENSG00000222009,0.53543153,0.002711305
ENSG00000222011,0.326493045,0.037008485
ENSG00000222014,-0.071065904,0.590763468
ENSG00000222018,0.127770133,0.332964954
ENSG00000222019,0.031463742,0.735305091
ENSG00000222020,0.008618891,0.924723971
ENSG00000222031,0.093412161,0.108085189
ENSG00000222035,0.071985178,0.181117513
ENSG00000222038,-0.015124251,0.761509018
ENSG00000222041,-0.125847504,0.340052171
ENSG00000222043,-0.019203632,0.735862818
ENSG00000222046,0.001459574,0.990644662
ENSG00000222047,0.059034438,0.353188852
ENSG00000222100,-0.010175723,0.833043812
ENSG00000222108,0.152764301,0.149162417
ENSG00000222112,-0.39420402,0.03860501
ENSG00000222301,0.035357226,0.559234879
ENSG00000222317,-0.041592507,0.430685276
ENSG00000222345,-0.093227648,0.312809939
ENSG00000222365,0.043582789,0.548108802
ENSG00000222389,-0.066634486,0.276736239
ENSG00000222406,0.048082287,0.504727222
ENSG00000222448,-0.003315167,0.95120182
ENSG00000222788,0.006535555,0.887476999
ENSG00000222894,0.038676479,0.560926273
ENSG00000222898,-0.051726983,0.457417011
ENSG00000222937,0.034300745,0.602415166
ENSG00000222939,-0.167001448,0.000958786
ENSG00000223249,0.030225497,0.721419278
ENSG00000223298,-0.027442873,0.708125207
ENSG00000223309,0.027750458,0.557524478
ENSG00000223313,0.020281294,0.769135928
ENSG00000223343,0.011664927,0.840268249
ENSG00000223345,0.037875976,0.769325887
ENSG00000223356,0.068670773,0.269218232
ENSG00000223361,-0.161393758,0.245633956
ENSG00000223374,-0.044701089,0.566338387
ENSG00000223380,-0.244518463,0.044051809
ENSG00000223382,0.120990514,0.120434368
ENSG00000223393,-0.020512191,0.740591992
ENSG00000223396,-0.097838422,0.330227376
ENSG00000223401,-1.04468087,7.10E-05
ENSG00000223403,0.266876393,0.09372588
ENSG00000223414,0.009404744,0.699324561
ENSG00000223416,0.035039349,0.758752162
ENSG00000223417,-0.019947778,0.197108771
ENSG00000223427,-0.021450392,0.822938059
ENSG00000223442,-0.039820241,0.544076706
ENSG00000223443,-0.000995923,0.983129929
ENSG00000223458,1.131057423,0.006819079
ENSG00000223459,0.113611513,0.237715856
ENSG00000223466,0.107881588,0.050318809
ENSG00000223473,-0.074260312,0.52270371
ENSG00000223474,-0.074334172,0.303450731
ENSG00000223477,-0.148921173,0.16309794
ENSG00000223478,-0.037270081,0.744939143
ENSG00000223482,-0.046447417,0.704364354
ENSG00000223485,-0.00716505,0.940103183
ENSG00000223496,0.251958648,0.082675207
ENSG00000223501,0.003999616,0.960569851
ENSG00000223502,-0.013245583,0.795341602
ENSG00000223508,0.354549389,0.03531069
ENSG00000223509,0.052451599,0.670704632
ENSG00000223510,-0.084890773,0.192947742
ENSG00000223518,0.004171564,0.937012443
ENSG00000223519,0.377167164,0.043200009
ENSG00000223522,0.002082494,0.973728621
ENSG00000223529,0.036245909,0.782037613
ENSG00000223542,-0.068787702,0.325662206
ENSG00000223546,0.104790878,0.43999534
ENSG00000223547,0.016456484,0.894987096
ENSG00000223551,0.026161012,0.840590772
ENSG00000223559,0.365235604,0.046761873
ENSG00000223561,-0.004916284,0.935048999
ENSG00000223566,-0.055696352,0.599290978
ENSG00000223571,-0.025917196,0.524662798
ENSG00000223573,-0.095751508,0.155536669
ENSG00000223583,-0.028172761,0.682492025
ENSG00000223586,-0.077755645,0.103114461
ENSG00000223609,0.015931833,0.738418261
ENSG00000223612,-0.252514773,0.032516051
ENSG00000223638,-0.055928903,NA
ENSG00000223652,-0.009654772,0.929788712
ENSG00000223653,-0.09202197,0.228879347
ENSG00000223658,-0.111885728,0.298223265
ENSG00000223668,-0.039890593,0.581365476
ENSG00000223685,0.113662164,0.183987405
ENSG00000223697,0.014513658,0.858228286
ENSG00000223698,0.00138001,0.976615757
ENSG00000223704,0.045490682,0.614013428
ENSG00000223705,0.116545144,0.314137251
ENSG00000223711,0.022945203,0.624044799
ENSG00000223722,0.001309579,NA
ENSG00000223723,-0.045950208,0.530932287
ENSG00000223745,0.233647832,0.098961444
ENSG00000223749,0.171796013,0.214895134
ENSG00000223756,0.467075557,0.001900268
ENSG00000223759,0.098172156,0.465711523
ENSG00000223764,1.529239926,6.90E-05
ENSG00000223768,0.213591874,0.080592589
ENSG00000223773,0.051662913,0.688560864
ENSG00000223774,-0.051231605,0.313268597
ENSG00000223779,0.053845382,0.480935659
ENSG00000223786,0.120810939,0.020361027
ENSG00000223797,0.105306504,0.43107217
ENSG00000223799,0.002375,0.981813968
ENSG00000223802,1.311097966,0.004399231
ENSG00000223803,0.037631015,0.720761025
ENSG00000223804,-0.149477689,0.28713683
ENSG00000223811,2.141261273,0.002040741
ENSG00000223820,0.880553951,0.00585798
ENSG00000223821,-0.003205859,0.942345544
ENSG00000223825,-0.019970988,0.861080715
ENSG00000223834,0.055370969,0.113564934
ENSG00000223839,0.002938693,0.952370738
ENSG00000223842,0.008142969,0.907134422
ENSG00000223855,0.010219513,0.883880151
ENSG00000223861,0.028607006,0.744439663
ENSG00000223864,0.075263235,0.472877613
ENSG00000223865,0.058074287,0.505860556
ENSG00000223875,0.04812958,0.554147432
ENSG00000223877,0.024135517,0.799885184
ENSG00000223878,0.10212887,0.225217974
ENSG00000223885,-0.042322969,0.317555045
ENSG00000223886,-0.01116726,0.895283693
ENSG00000223891,0.07309067,0.581303961
ENSG00000223922,0.04528327,0.411168681
ENSG00000223930,-0.138727953,0.217412585
ENSG00000223947,-0.062104868,0.270039088
ENSG00000223949,1.576944394,7.34E-05
ENSG00000223959,0.13924455,0.239283695
ENSG00000223960,0.057880866,0.648999573
ENSG00000223969,-0.092966136,0.307404852
ENSG00000223972,-0.010055073,0.900569535
ENSG00000223981,-0.025346244,0.751266143
ENSG00000223984,0.041701995,0.627478399
ENSG00000224004,0.005794202,0.932313568
ENSG00000224005,0.012668342,0.862801327
ENSG00000224011,-0.004820103,0.938982727
ENSG00000224014,0.021381567,0.641176378
ENSG00000224017,-0.08916906,0.244389112
ENSG00000224020,0.027169068,0.660998794
ENSG00000224023,0.183536697,0.060672972
ENSG00000224025,-0.019260185,0.68796742
ENSG00000224032,0.067800601,0.609247358
ENSG00000224040,0.071450977,0.556641666
ENSG00000224043,0.048290363,0.649114041
ENSG00000224046,-0.024840762,0.783653245
ENSG00000224048,0.034099478,0.435168886
ENSG00000224051,0.010400794,0.907177612
ENSG00000224057,0.027125157,0.724496114
ENSG00000224058,0.092565755,0.386674205
ENSG00000224063,0.078639297,0.323685717
ENSG00000224066,0.004168549,0.949485385
ENSG00000224072,0.061820556,0.258651953
ENSG00000224078,0.175654131,0.053321717
ENSG00000224080,-1.943903537,0.000167595
ENSG00000224081,0.113474684,0.350004179
ENSG00000224086,0.021447137,0.869097035
ENSG00000224093,0.021350153,0.73739216
ENSG00000224094,0.083483541,0.349526639
ENSG00000224097,0.063629821,0.374178854
ENSG00000224113,0.054770751,0.58908953
ENSG00000224114,-0.002224392,0.956541643
ENSG00000224116,0.025130804,0.789489535
ENSG00000224124,-1.015064588,0.004941712
ENSG00000224126,-0.209677279,0.160272723
ENSG00000224132,-0.00729111,0.90508269
ENSG00000224138,-0.147213638,0.252556143
ENSG00000224152,0.141723534,0.259519534
ENSG00000224155,-0.251703468,0.081124998
ENSG00000224163,0.140300444,0.195070573
ENSG00000224165,0.512985514,0.021337639
ENSG00000224172,-0.012800516,0.793993325
ENSG00000224174,-0.021860649,0.810218947
ENSG00000224183,3.00E-06,0.998949671
ENSG00000224186,-0.043367045,0.738844009
ENSG00000224195,0.045133606,0.483641366
ENSG00000224201,0.316006618,0.050922232
ENSG00000224208,0.024110466,0.700817133
ENSG00000224216,0.012093718,0.920337446
ENSG00000224217,0.039023031,0.58031037
ENSG00000224218,0.04158634,0.339609957
ENSG00000224226,0.001609482,0.990483974
ENSG00000224228,-0.163054836,0.051340237
ENSG00000224232,-0.004929785,0.882126904
ENSG00000224237,-0.037704701,0.359941227
ENSG00000224238,0.122377624,0.077117426
ENSG00000224239,0.042179643,0.589089491
ENSG00000224251,-0.132411492,0.283488586
ENSG00000224259,0.36872954,0.043420816
ENSG00000224261,0.011095607,0.927558464
ENSG00000224273,-0.097332778,0.202418019
ENSG00000224281,-0.022959302,0.832523494
ENSG00000224287,0.203971446,0.168984728
ENSG00000224295,0.171978874,0.135817293
ENSG00000224316,-0.000175042,0.996409928
ENSG00000224321,-0.123347162,0.150741398
ENSG00000224331,0.036946805,0.457630809
ENSG00000224334,-0.069540097,0.513246371
ENSG00000224356,-0.066960996,0.132451283
ENSG00000224358,0.07979553,0.376450039
ENSG00000224376,-0.118719699,0.339163105
ENSG00000224382,0.00327582,0.944175423
ENSG00000224383,0.03916033,0.550675093
ENSG00000224389,0.245533103,0.107714065
ENSG00000224397,-0.159677983,0.228051655
ENSG00000224401,-0.159187266,0.145334195
ENSG00000224411,0.293452425,0.048402666
ENSG00000224413,-0.028655792,0.590418136
ENSG00000224415,-0.074004983,0.530715159
ENSG00000224418,0.091668098,0.124075574
ENSG00000224420,-0.043212828,0.479161477
ENSG00000224424,0.367603787,0.040984143
ENSG00000224429,-0.075317265,0.310070498
ENSG00000224431,0.096625549,0.434393535
ENSG00000224448,0.019257596,0.814451953
ENSG00000224452,0.062530395,0.277511214
ENSG00000224460,0.103249498,0.261683872
ENSG00000224468,-0.951609513,0.000135339
ENSG00000224470,-0.375644067,0.00160312
ENSG00000224474,0.025642153,0.751480028
ENSG00000224479,-0.032452578,0.638008599
ENSG00000224490,0.011808467,0.827088244
ENSG00000224505,0.09171214,0.254903624
ENSG00000224531,-0.519358539,4.13E-05
ENSG00000224533,0.048527692,0.678571301
ENSG00000224536,-0.032729571,0.524041541
ENSG00000224543,0.006390112,0.961759194
ENSG00000224546,0.061819913,0.524087018
ENSG00000224549,0.010583154,0.864491787
ENSG00000224550,-0.006279702,0.934875305
ENSG00000224555,0.024985805,0.649621402
ENSG00000224566,0.048416488,0.423350697
ENSG00000224577,-0.031271798,0.587062512
ENSG00000224578,-0.109154743,0.395976237
ENSG00000224592,0.024633076,0.531281451
ENSG00000224594,0.133475319,0.324382086
ENSG00000224596,0.111932564,0.407279697
ENSG00000224597,-0.168116798,0.233318836
ENSG00000224599,-0.051529993,0.653057973
ENSG00000224609,0.088868919,0.143409096
ENSG00000224614,0.045000392,0.290995341
ENSG00000224616,0.071453551,0.561581978
ENSG00000224628,-0.08167078,0.200461697
ENSG00000224629,0.060724075,0.377025039
ENSG00000224631,-0.044821402,0.726003346
ENSG00000224635,0.039150907,0.499548268
ENSG00000224646,0.013385784,0.839257599
ENSG00000224658,-0.021097005,0.70457333
ENSG00000224660,-0.0236628,0.8532114
ENSG00000224668,-0.019130678,0.883861913
ENSG00000224677,-0.044629235,0.716566927
ENSG00000224680,0.01083723,0.92106521
ENSG00000224687,-0.124178758,0.206266487
ENSG00000224688,0.06293418,0.605783812
ENSG00000224689,-0.011435433,0.839422621
ENSG00000224690,-0.015900288,0.85488447
ENSG00000224699,0.044698276,0.660832937
ENSG00000224712,-0.248845553,0.051747308
ENSG00000224713,-0.11667724,0.389688685
ENSG00000224722,-0.049611258,0.68986199
ENSG00000224725,-0.0047455,0.94087949
ENSG00000224727,0.006532676,0.892649359
ENSG00000224728,0.078855543,0.405284586
ENSG00000224729,0.090273454,0.378239063
ENSG00000224738,0.002060703,0.985367289
ENSG00000224743,-0.069889642,0.491281902
ENSG00000224745,0.087519897,0.278892789
ENSG00000224746,0.047331134,0.380889537
ENSG00000224747,0.03648758,0.411316671
ENSG00000224769,0.013149303,0.919943892
ENSG00000224773,0.005747093,0.87515481
ENSG00000224775,-0.005450643,0.923065171
ENSG00000224781,0.043531141,0.57404617
ENSG00000224799,0.014399443,0.764679521
ENSG00000224800,-0.087550285,0.201834793
ENSG00000224805,-0.089355239,0.167667953
ENSG00000224812,0.025300785,0.736888919
ENSG00000224818,0.279891385,0.044247993
ENSG00000224829,-0.056982288,0.56621104
ENSG00000224831,-0.112698805,0.232112828
ENSG00000224834,-0.03114186,0.542826968
ENSG00000224837,0.09077019,0.464787444
ENSG00000224838,0.02464105,0.688644306
ENSG00000224839,-0.011592423,0.89593907
ENSG00000224843,-0.058420422,0.547624679
ENSG00000224848,0.041904667,0.497583416
ENSG00000224854,0.032934745,0.558303925
ENSG00000224855,-0.016878976,0.760589454
ENSG00000224858,0.056044404,0.659022136
ENSG00000224861,0.081232795,0.485472312
ENSG00000224870,-0.043188996,0.735186387
ENSG00000224877,0.082579006,0.52157119
ENSG00000224882,-0.057019121,0.589360268
ENSG00000224885,0.090960606,0.051796806
ENSG00000224886,-0.062439246,0.629063043
ENSG00000224888,-0.079772684,0.439027702
ENSG00000224892,0.159488647,0.246511944
ENSG00000224897,-0.114760637,0.315461973
ENSG00000224905,-0.058303005,0.536349664
ENSG00000224908,0.168353772,0.082362553
ENSG00000224914,0.054381362,0.619447345
ENSG00000224934,0.166555581,0.23542056
ENSG00000224936,0.066176971,0.293526125
ENSG00000224940,-0.030109651,0.642495939
ENSG00000224945,-0.761908331,3.82E-05
ENSG00000224950,0.102949722,0.14132723
ENSG00000224956,0.099065754,0.457594246
ENSG00000224957,0.056577541,0.497593097
ENSG00000224958,0.017676536,0.875870612
ENSG00000224959,0.045831784,0.611734418
ENSG00000224971,0.122808665,0.358327432
ENSG00000224975,-0.067777593,0.562011982
ENSG00000224976,-0.056232202,0.66684713
ENSG00000224993,-0.057839978,0.599275188
ENSG00000224997,-0.117765043,0.281493791
ENSG00000225014,-0.110852452,0.233330484
ENSG00000225015,0.030557525,0.500527522
ENSG00000225022,-0.056091891,0.668518984
ENSG00000225026,0.055474554,0.436682847
ENSG00000225031,0.064424262,0.452983947
ENSG00000225032,-0.760267433,0.003731436
ENSG00000225039,-0.00831695,0.870007724
ENSG00000225051,0.05478061,0.377983378
ENSG00000225057,0.004747977,0.922861929
ENSG00000225067,0.065182234,0.453418423
ENSG00000225071,0.045136037,0.69197436
ENSG00000225075,0.039738589,0.437427087
ENSG00000225077,-0.012738019,0.805576127
ENSG00000225080,0.049242686,0.682729392
ENSG00000225092,0.10500533,0.106021209
ENSG00000225093,-0.104706538,0.360189341
ENSG00000225094,-0.028527089,0.669750772
ENSG00000225096,0.011042442,0.822900251
ENSG00000225098,-0.069142498,0.118320144
ENSG00000225099,-0.0190762,0.723929033
ENSG00000225108,-0.009828655,0.786776398
ENSG00000225113,-0.084143883,0.237105179
ENSG00000225119,0.140006958,0.31583962
ENSG00000225125,0.21433252,0.086689117
ENSG00000225131,0.056348155,0.613499325
ENSG00000225135,-0.603021057,0.001495589
ENSG00000225137,-0.128354273,0.19401306
ENSG00000225138,0.054842936,0.649176004
ENSG00000225151,0.632576574,0.000504317
ENSG00000225159,0.029750401,0.812438249
ENSG00000225170,0.003462214,0.97985993
ENSG00000225177,-0.026245686,0.790582942
ENSG00000225178,3.97E-05,0.999232423
ENSG00000225190,0.030295505,0.754203067
ENSG00000225193,0.011755071,0.793819386
ENSG00000225194,0.010541362,0.875862558
ENSG00000225200,-0.027631543,0.830088371
ENSG00000225205,-0.058124075,0.525983104
ENSG00000225206,-0.041394309,0.73778971
ENSG00000225210,0.022440053,0.802223887
ENSG00000225216,0.005850412,0.923790258
ENSG00000225217,1.640462978,0.003908119
ENSG00000225234,0.167184739,0.198343123
ENSG00000225241,0.076825628,0.528157039
ENSG00000225259,0.296499021,0.00968254
ENSG00000225264,0.025601978,0.766973132
ENSG00000225265,0.173212772,0.165471094
ENSG00000225273,0.16817421,0.222110442
ENSG00000225278,-0.003235658,0.948546257
ENSG00000225279,0.145774694,0.024288486
ENSG00000225282,0.016110936,0.780784061
ENSG00000225302,0.118656839,0.246581677
ENSG00000225313,-0.966193664,0.000279536
ENSG00000225331,0.008529507,0.923384526
ENSG00000225335,-0.018459182,0.804042068
ENSG00000225338,-0.070292073,0.536235282
ENSG00000225342,-0.007780094,0.896429719
ENSG00000225361,-0.000350518,0.995222261
ENSG00000225362,0.040135705,0.620006686
ENSG00000225373,0.254971032,0.028923238
ENSG00000225377,0.120762338,0.369135969
ENSG00000225383,-1.242771414,0.004767002
ENSG00000225393,0.146726587,0.235229735
ENSG00000225398,0.320903,0.055501719
ENSG00000225399,0.099408668,0.266858233
ENSG00000225400,0.036800677,0.540595266
ENSG00000225405,0.0011753,0.988472136
ENSG00000225406,-0.004350483,0.956455252
ENSG00000225411,0.075574228,0.395546476
ENSG00000225415,1.298876515,6.10E-06
ENSG00000225416,0.018957159,0.761070797
ENSG00000225419,-0.093330565,0.39003595
ENSG00000225422,-0.391830117,0.004669365
ENSG00000225434,-6.13E-05,0.992524527
ENSG00000225439,-0.007305579,0.953479197
ENSG00000225447,0.059480427,0.338916246
ENSG00000225465,-0.013685048,0.79231856
ENSG00000225470,0.253806971,0.10466237
ENSG00000225471,0.101077931,0.391393126
ENSG00000225472,0.002747972,0.968635097
ENSG00000225484,-0.118871451,0.377212087
ENSG00000225485,-0.18155885,0.137023997
ENSG00000225492,0.048539132,0.709257324
ENSG00000225498,-0.06880176,0.143422261
ENSG00000225506,-0.056945255,0.434448935
ENSG00000225507,0.023666327,0.833271205
ENSG00000225511,0.169311321,0.172027194
ENSG00000225518,0.041633164,0.612254079
ENSG00000225526,-0.094908347,0.261555682
ENSG00000225527,-0.086289272,0.01406638
ENSG00000225531,0.020318941,0.648477403
ENSG00000225532,-0.034530857,0.628553066
ENSG00000225535,-0.078061313,0.305148238
ENSG00000225544,-0.286122213,0.025335494
ENSG00000225554,0.061765529,0.551696274
ENSG00000225556,0.023272263,0.727119212
ENSG00000225558,0.02317623,0.72413096
ENSG00000225573,-0.138551426,0.312192606
ENSG00000225578,-0.038218018,0.678835946
ENSG00000225580,-0.067548319,0.557063788
ENSG00000225591,-0.025974957,0.583159161
ENSG00000225603,-0.068757976,0.296352849
ENSG00000225611,-0.073566923,0.094982618
ENSG00000225614,-0.053446002,0.680346191
ENSG00000225616,-0.009006294,0.86955239
ENSG00000225630,-0.129933591,0.267823929
ENSG00000225643,0.009916804,0.872088699
ENSG00000225648,-0.04949968,0.67374256
ENSG00000225655,0.135643972,0.299404359
ENSG00000225663,-0.106085849,0.390647523
ENSG00000225674,-0.130530856,0.342480317
ENSG00000225684,-0.006872338,0.942838062
ENSG00000225693,0.019317933,0.702210724
ENSG00000225695,-0.032300931,0.755391121
ENSG00000225697,-0.847422137,1.24E-07
ENSG00000225705,-0.068916612,0.42104468
ENSG00000225706,-0.003896415,0.966898007
ENSG00000225710,-0.073965398,0.45358833
ENSG00000225725,0.037033169,0.778171649
ENSG00000225733,-0.236295034,0.040259972
ENSG00000225739,-0.018051675,0.704730085
ENSG00000225746,-0.051245751,0.687615206
ENSG00000225756,0.09662654,0.317947327
ENSG00000225760,-0.048417209,0.684907947
ENSG00000225762,-0.012820883,0.758588482
ENSG00000225766,0.037012581,0.775649173
ENSG00000225770,-0.040028885,0.442213244
ENSG00000225774,-0.000735472,0.989310686
ENSG00000225778,0.034944486,0.619529646
ENSG00000225783,1.470868788,0.00077338
ENSG00000225784,-0.00214822,0.98363176
ENSG00000225790,-0.135809408,0.16471747
ENSG00000225791,-0.258116533,0.050537971
ENSG00000225793,0.085355352,0.37839558
ENSG00000225805,0.016672548,0.787698005
ENSG00000225806,0.030392241,0.682380722
ENSG00000225808,-0.006017864,0.930410665
ENSG00000225822,-0.0391708,0.528908397
ENSG00000225828,0.039638422,0.76011158
ENSG00000225830,0.254229072,0.025199175
ENSG00000225855,0.079544861,0.546310032
ENSG00000225868,0.025136417,0.629181638
ENSG00000225871,-0.009825546,0.928875443
ENSG00000225880,0.002811419,0.983791558
ENSG00000225883,-0.014473993,0.905968072
ENSG00000225886,0.012391824,0.783694995
ENSG00000225891,0.055007863,0.32433488
ENSG00000225892,-0.09246327,0.481300637
ENSG00000225912,-0.004924693,0.968888463
ENSG00000225913,-0.04569397,0.485625891
ENSG00000225914,-0.001933992,0.974551147
ENSG00000225920,0.037062243,0.724176543
ENSG00000225921,-0.034658616,0.789160239
ENSG00000225934,-0.032909296,0.600402188
ENSG00000225938,0.066181866,0.156616668
ENSG00000225953,-0.080130781,0.421106211
ENSG00000225963,-0.077312367,0.474173781
ENSG00000225968,0.0880084,0.1470444
ENSG00000225969,0.027771313,0.677947338
ENSG00000225971,0.017012919,0.742455211
ENSG00000225972,-0.1976603,0.111963511
ENSG00000225973,0.073962224,0.571670847
ENSG00000225975,0.054105578,0.660471684
ENSG00000225976,0.146844574,0.266408872
ENSG00000225978,-0.037257019,0.624342037
ENSG00000225981,0.009373135,0.898681403
ENSG00000226002,0.160888257,0.122826949
ENSG00000226007,0.004265412,0.9676615
ENSG00000226008,0.023758657,0.645053109
ENSG00000226009,-0.027122591,0.624884025
ENSG00000226015,-0.089382497,0.501099568
ENSG00000226026,-0.167564357,0.153780534
ENSG00000226029,0.181661717,0.202199653
ENSG00000226031,-0.080775605,0.111869845
ENSG00000226038,-0.047734124,0.398494463
ENSG00000226040,0.053474601,0.407930462
ENSG00000226049,-0.110679011,0.277821199
ENSG00000226051,0.004544915,0.934361737
ENSG00000226054,0.043963746,0.728102856
ENSG00000226055,0.023574161,0.76999247
ENSG00000226065,-0.029774978,0.764185133
ENSG00000226067,0.155520039,0.244357661
ENSG00000226068,-0.025550363,0.633299864
ENSG00000226081,-0.00120786,0.982412995
ENSG00000226084,0.068489645,0.534296945
ENSG00000226085,0.010642631,0.937955065
ENSG00000226086,0.004563939,0.946917161
ENSG00000226088,-0.025519367,0.64225185
ENSG00000226091,0.000134424,0.999688972
ENSG00000226098,0.020392685,0.691572013
ENSG00000226102,-0.141482531,0.305231537
ENSG00000226121,-1.216473712,2.89E-08
ENSG00000226124,0.11523983,0.269109195
ENSG00000226125,0.016908525,0.762488382
ENSG00000226137,0.556346156,2.65E-09
ENSG00000226141,0.010903,0.814669092
ENSG00000226160,0.010273829,0.902568688
ENSG00000226167,-0.064275243,0.398105353
ENSG00000226174,0.123939858,0.32851629
ENSG00000226179,0.089178992,0.481053673
ENSG00000226180,0.050416966,0.409532248
ENSG00000226194,-0.011018759,0.876181631
ENSG00000226200,0.827544323,0.000152827
ENSG00000226209,0.012329542,0.784383003
ENSG00000226210,0.046756515,0.719460894
ENSG00000226220,0.023659075,0.727113509
ENSG00000226221,0.15649517,0.198174941
ENSG00000226237,0.119091636,0.373234595
ENSG00000226241,0.040792045,0.501875051
ENSG00000226243,-0.119855987,0.328723456
ENSG00000226245,0.018015178,0.823769704
ENSG00000226259,-0.046532133,0.701969773
ENSG00000226266,0.014935634,0.861646665
ENSG00000226268,0.019945694,0.870062831
ENSG00000226278,-0.003644853,NA
ENSG00000226279,0.020836853,0.644059188
ENSG00000226284,-0.062461939,0.427968703
ENSG00000226287,-0.296812623,0.042263984
ENSG00000226310,0.013455953,0.849721414
ENSG00000226312,-0.212942683,0.06382173
ENSG00000226314,0.386297434,0.035133925
ENSG00000226318,0.005159162,0.962713765
ENSG00000226321,0.200228527,0.043995184
ENSG00000226327,0.047294688,0.488859917
ENSG00000226328,-0.649542698,0.001322473
ENSG00000226329,-0.091670009,0.486051551
ENSG00000226332,0.034846382,0.745515962
ENSG00000226334,-0.019769917,0.813385968
ENSG00000226335,0.135369341,0.310034796
ENSG00000226352,-0.087616205,0.300863917
ENSG00000226360,0.036197578,0.783621099
ENSG00000226361,0.083214414,0.504079818
ENSG00000226380,-0.035884355,0.76409885
ENSG00000226381,-0.071590506,0.588295316
ENSG00000226383,0.023062295,0.572072376
ENSG00000226386,-0.002144888,0.972246814
ENSG00000226393,-0.008212536,0.914665072
ENSG00000226396,-0.003254422,0.939332372
ENSG00000226415,-0.070871697,0.577777019
ENSG00000226416,0.06979737,0.269491088
ENSG00000226419,0.001165573,0.993803597
ENSG00000226430,0.036681062,0.446832145
ENSG00000226432,0.006277761,0.962410256
ENSG00000226445,0.18642859,0.148258829
ENSG00000226450,-0.070187457,0.394665133
ENSG00000226453,0.124820657,0.005686092
ENSG00000226457,-0.03079509,0.561190805
ENSG00000226465,-0.059241839,0.320925004
ENSG00000226469,-0.042596362,0.600979203
ENSG00000226471,0.037437046,0.719181255
ENSG00000226478,-0.006161175,0.958331929
ENSG00000226479,-0.075946331,0.447058566
ENSG00000226491,0.045546258,0.437969477
ENSG00000226496,0.026956714,0.613526709
ENSG00000226498,0.029194519,0.230323491
ENSG00000226505,-0.019818793,0.668996149
ENSG00000226510,-0.007480111,0.917271566
ENSG00000226516,0.330229311,0.053504182
ENSG00000226521,-0.05020654,0.549017975
ENSG00000226524,0.074275743,0.491829654
ENSG00000226525,-0.019784462,0.874595881
ENSG00000226526,0.07237901,0.191388185
ENSG00000226544,-0.106745265,0.302732158
ENSG00000226549,0.078914646,0.213671885
ENSG00000226557,-0.028353858,0.628467042
ENSG00000226564,-0.06322685,0.580501964
ENSG00000226574,0.033464315,0.648209488
ENSG00000226578,0.048637509,0.446016472
ENSG00000226604,0.00566628,0.878357544
ENSG00000226608,0.47861777,0.010858541
ENSG00000226609,-0.015303641,0.785827858
ENSG00000226622,0.163657407,0.200381091
ENSG00000226645,-0.042638497,0.438275897
ENSG00000226648,-0.055272293,0.468504268
ENSG00000226666,-0.078339106,0.315507048
ENSG00000226674,-0.029680389,0.596935503
ENSG00000226677,-0.023127956,0.692503258
ENSG00000226686,-0.031872986,0.651289672
ENSG00000226688,0.124318508,0.334976625
ENSG00000226696,0.078675103,0.543131374
ENSG00000226699,-0.018566449,0.722389783
ENSG00000226701,0.024070897,0.751228014
ENSG00000226711,0.158084709,0.261486611
ENSG00000226723,-0.220395458,0.140708384
ENSG00000226738,0.078476487,0.030326841
ENSG00000226742,-0.153193355,0.275465106
ENSG00000226752,0.019022672,0.862800691
ENSG00000226754,-0.003429959,0.969120982
ENSG00000226756,0.018188188,0.773894172
ENSG00000226757,-0.290055181,0.038730928
ENSG00000226763,0.017216202,0.859412754
ENSG00000226781,0.028128776,0.829955641
ENSG00000226784,-0.029670598,0.813711139
ENSG00000226789,-0.018133023,0.770868446
ENSG00000226790,-0.043762228,0.558492958
ENSG00000226800,-0.049111066,0.601903893
ENSG00000226803,0.049479922,0.68280358
ENSG00000226816,-0.032163151,0.528563646
ENSG00000226819,0.092150439,0.219766212
ENSG00000226823,0.059536793,0.61129603
ENSG00000226824,-0.095446252,0.370189045
ENSG00000226833,0.042830667,0.646406354
ENSG00000226835,-0.088932414,0.274899648
ENSG00000226849,-0.026583345,0.629017886
ENSG00000226851,-0.051977974,0.577473773
ENSG00000226853,0.067030919,0.441180856
ENSG00000226855,0.085948994,0.516770386
ENSG00000226856,0.006606031,0.844703578
ENSG00000226864,-5.06E-05,0.99724308
ENSG00000226874,0.031462712,0.616229018
ENSG00000226880,0.005702648,0.912188907
ENSG00000226881,0.024864525,0.618536735
ENSG00000226885,0.052569029,0.668078819
ENSG00000226887,-1.975511402,0.001349583
ENSG00000226891,-0.026973893,0.727645818
ENSG00000226900,-0.106878912,0.077207868
ENSG00000226904,0.062603368,0.220107265
ENSG00000226920,-0.006802117,0.93972029
ENSG00000226935,-0.017699503,0.777264309
ENSG00000226937,-0.109760526,0.163187542
ENSG00000226943,-0.028608672,0.498854132
ENSG00000226944,0.005848449,0.929330301
ENSG00000226945,-0.018247968,0.791723824
ENSG00000226948,0.01822808,0.758402703
ENSG00000226950,-1.088461155,1.82E-10
ENSG00000226958,0.037474216,0.744061026
ENSG00000226964,-0.910210167,1.79E-09
ENSG00000226965,0.076578222,0.322279505
ENSG00000226970,-0.047342287,0.695751046
ENSG00000226971,-0.042369346,0.602107358
ENSG00000226972,0.036750725,0.50749782
ENSG00000226976,0.020575362,0.84845937
ENSG00000226981,-0.097997537,0.461135247
ENSG00000226982,0.029409216,0.646285393
ENSG00000226986,0.016924297,0.776087356
ENSG00000226992,0.04023393,0.72115122
ENSG00000227001,-0.197368406,0.17430552
ENSG00000227006,0.049089095,0.567761948
ENSG00000227008,-0.002451556,0.975808194
ENSG00000227013,-0.010570359,0.847435211
ENSG00000227014,-0.190103637,0.055251218
ENSG00000227018,0.065729733,0.600768227
ENSG00000227028,0.12732122,0.298506168
ENSG00000227034,-0.04176732,0.14550588
ENSG00000227036,-0.155551031,0.262144142
ENSG00000227040,-0.14212063,0.137697685
ENSG00000227051,1.120726984,7.21E-20
ENSG00000227053,0.003012648,0.952490817
ENSG00000227057,0.003538903,0.976523118
ENSG00000227060,0.268480312,0.02435786
ENSG00000227063,0.080751393,0.432512123
ENSG00000227069,-0.038284969,0.499820785
ENSG00000227073,0.037820915,0.77221184
ENSG00000227077,0.005990286,0.962424792
ENSG00000227080,0.008391432,0.905914267
ENSG00000227081,-0.001373335,0.980689448
ENSG00000227082,0.088308458,0.164619093
ENSG00000227097,0.057439963,0.645015104
ENSG00000227107,-0.002931096,0.954922304
ENSG00000227110,0.153205353,0.140218577
ENSG00000227113,0.002388747,0.956427977
ENSG00000227117,0.039627216,0.355922567
ENSG00000227120,1.238821646,0.005258181
ENSG00000227124,-0.081058335,0.530910845
ENSG00000227136,0.352026549,0.033825243
ENSG00000227141,-0.254312591,0.003618159
ENSG00000227145,0.030126433,0.543946476
ENSG00000227159,0.025872229,0.771707909
ENSG00000227184,-0.227878536,0.063416253
ENSG00000227192,0.163413655,0.08275084
ENSG00000227193,-0.006373549,0.917735913
ENSG00000227194,-0.023480542,0.775425144
ENSG00000227199,-0.003112065,0.975704882
ENSG00000227203,-0.009533137,0.860818626
ENSG00000227210,0.02574797,0.68422579
ENSG00000227212,0.035563912,0.707162684
ENSG00000227214,-0.050233319,0.459734572
ENSG00000227216,-0.006462395,0.929099501
ENSG00000227218,0.023731284,0.701907038
ENSG00000227220,0.108302603,0.156590362
ENSG00000227230,0.03406133,0.572635976
ENSG00000227232,0.093869613,0.423674249
ENSG00000227233,0.051514783,0.568133808
ENSG00000227242,-0.223191389,0.139600835
ENSG00000227245,-0.033173912,0.481807159
ENSG00000227252,0.086614321,0.490284312
ENSG00000227262,0.007020707,0.862823302
ENSG00000227268,1.354865096,4.88E-05
ENSG00000227285,0.019469072,0.882283389
ENSG00000227288,0.00910999,0.926375705
ENSG00000227295,-0.099549784,0.457164046
ENSG00000227311,-0.038131145,0.589165762
ENSG00000227329,0.021207932,0.83220186
ENSG00000227337,0.042304924,0.617363402
ENSG00000227339,-0.018275297,0.715502043
ENSG00000227344,0.075378109,0.571572809
ENSG00000227345,-0.05134552,0.624511898
ENSG00000227347,-0.084347028,0.525245018
ENSG00000227354,0.078973678,0.48876811
ENSG00000227355,0.00466811,0.91130823
ENSG00000227359,-0.006342368,0.939145604
ENSG00000227372,0.188887285,0.047722584
ENSG00000227374,-0.01588361,0.769285512
ENSG00000227376,-0.095234602,0.476955836
ENSG00000227398,0.403459498,0.034402642
ENSG00000227408,-0.08599675,0.244230581
ENSG00000227417,0.004919153,0.905766956
ENSG00000227438,0.040791329,0.703744619
ENSG00000227447,0.002682904,0.978317456
ENSG00000227449,0.250398396,0.027984521
ENSG00000227450,0.045135612,0.433583973
ENSG00000227456,0.090905689,0.183201077
ENSG00000227471,0.137032695,0.014535009
ENSG00000227473,-0.158636624,0.262150281
ENSG00000227477,-0.003029021,0.9644322
ENSG00000227482,-0.105530769,0.277034488
ENSG00000227486,-0.074027146,0.474770457
ENSG00000227492,-0.039341298,0.446988793
ENSG00000227495,0.013235827,0.862981597
ENSG00000227496,-0.389620372,0.033613702
ENSG00000227500,-0.015217096,0.854624486
ENSG00000227507,0.044007594,0.359322304
ENSG00000227517,0.550425464,0.017390507
ENSG00000227518,0.530853026,0.008786366
ENSG00000227525,0.074352067,0.542345131
ENSG00000227533,0.209594491,0.151604716
ENSG00000227536,0.032035683,0.626225988
ENSG00000227540,-0.041095645,0.687560918
ENSG00000227542,0.067479603,0.484960012
ENSG00000227543,0.010008015,0.914088395
ENSG00000227544,-0.079321579,0.44199381
ENSG00000227558,0.207979136,0.134862244
ENSG00000227574,0.000523142,0.989660648
ENSG00000227586,-0.006155068,0.89240533
ENSG00000227591,0.067914653,0.220707217
ENSG00000227603,0.035416911,0.716256757
ENSG00000227606,0.031078037,0.5998235
ENSG00000227615,-0.014632557,NA
ENSG00000227620,0.073440799,0.201082062
ENSG00000227632,0.056160969,0.670397856
ENSG00000227638,-0.015513896,0.835656065
ENSG00000227653,-0.194548706,0.14777391
ENSG00000227666,-0.044482075,0.442648237
ENSG00000227671,0.108787761,0.30547655
ENSG00000227684,0.01704355,0.766389625
ENSG00000227689,0.006717449,0.90234323
ENSG00000227698,0.045995144,0.505408662
ENSG00000227700,0.076192972,0.458785796
ENSG00000227725,0.1856114,0.133818117
ENSG00000227726,-0.000492192,0.992037162
ENSG00000227733,0.165096732,0.248612274
ENSG00000227740,-0.00728309,0.855236872
ENSG00000227741,0.144179464,0.181179035
ENSG00000227744,-0.094767173,0.244265483
ENSG00000227758,-0.032041398,0.445121653
ENSG00000227775,0.391801911,0.009711353
ENSG00000227778,-0.068466748,0.576916655
ENSG00000227781,-0.012498947,0.909469941
ENSG00000227799,0.035568947,0.718298934
ENSG00000227811,-0.029764005,0.617062249
ENSG00000227825,0.168268732,0.079046799
ENSG00000227827,-0.218601628,0.128872812
ENSG00000227848,-0.029356211,0.618264715
ENSG00000227850,0.044787487,0.67141778
ENSG00000227855,0.025179387,0.844457638
ENSG00000227879,0.061470166,0.601481288
ENSG00000227888,0.113409672,0.284908251
ENSG00000227896,0.00038772,0.99890442
ENSG00000227906,0.038188423,0.617017727
ENSG00000227908,0.069161339,0.395397601
ENSG00000227921,-0.054860343,0.385619086
ENSG00000227922,0.092333498,0.25619655
ENSG00000227934,-0.013996063,0.804348182
ENSG00000227939,0.177365148,0.172971583
ENSG00000227946,-0.233259299,0.118794138
ENSG00000227953,0.134786838,0.326880786
ENSG00000227954,-0.254871304,0.102460223
ENSG00000227959,0.064525353,0.32389656
ENSG00000227973,-0.156153789,0.113274244
ENSG00000227986,0.007523104,0.927576272
ENSG00000227992,-0.009082989,0.92559208
ENSG00000228002,0.001913532,0.974565352
ENSG00000228007,0.119743421,0.381580213
ENSG00000228010,0.097278036,0.343720939
ENSG00000228013,0.108066867,0.204362395
ENSG00000228022,0.010245328,0.832617955
ENSG00000228028,-0.040918922,0.331049795
ENSG00000228031,0.020264292,0.7367025
ENSG00000228034,-0.015262641,0.656787989
ENSG00000228035,0.25266311,0.091333701
ENSG00000228039,0.068287465,0.462387177
ENSG00000228043,0.01597996,0.854251916
ENSG00000228049,0.191235285,0.18098142
ENSG00000228050,-0.022545126,0.848664554
ENSG00000228053,-0.017576762,0.802475713
ENSG00000228057,0.139705561,0.294973154
ENSG00000228063,0.027985632,0.581827663
ENSG00000228065,0.017491553,0.750703886
ENSG00000228071,0.092563422,0.482867941
ENSG00000228078,0.021612371,0.7618316
ENSG00000228084,0.079100349,0.333163231
ENSG00000228106,-0.00840435,0.945536354
ENSG00000228107,0.092201096,0.185591029
ENSG00000228109,0.551361145,0.012511408
ENSG00000228110,0.033978061,0.772026194
ENSG00000228126,0.023645379,0.761299526
ENSG00000228137,-0.039624294,0.538551118
ENSG00000228142,0.001540909,0.977299296
ENSG00000228146,0.029961119,0.658004771
ENSG00000228150,-0.010491426,0.87802215
ENSG00000228157,0.063856083,0.358104939
ENSG00000228158,-0.349923194,0.05082418
ENSG00000228169,0.005991795,0.885073628
ENSG00000228172,-0.026689089,0.62127008
ENSG00000228175,0.062148537,0.22216854
ENSG00000228192,0.126760457,0.180268837
ENSG00000228196,-0.03842083,0.650055801
ENSG00000228201,0.050531503,0.520238966
ENSG00000228205,-0.012858961,0.898668927
ENSG00000228212,-0.016636906,0.571533044
ENSG00000228214,-0.014999217,0.780313237
ENSG00000228217,-0.206669206,0.159879715
ENSG00000228218,0.231215202,0.121801893
ENSG00000228221,-0.266722817,0.094163628
ENSG00000228223,-0.205625628,0.156451468
ENSG00000228224,-0.034001586,0.752311353
ENSG00000228232,0.012083381,0.857699936
ENSG00000228237,0.086992912,0.184789214
ENSG00000228238,-0.038233074,0.449935723
ENSG00000228242,0.005588407,0.945487988
ENSG00000228243,0.451459155,0.024611145
ENSG00000228251,0.073829671,0.106977825
ENSG00000228253,-0.048242913,0.702896443
ENSG00000228265,0.07091833,0.545142809
ENSG00000228274,0.366023908,0.041467007
ENSG00000228283,0.002728722,0.978803523
ENSG00000228285,-0.011378125,0.8478041
ENSG00000228288,0.144653667,0.285694382
ENSG00000228290,-0.189341874,0.103864029
ENSG00000228293,-0.019219635,0.69147139
ENSG00000228294,-0.019920917,0.637565276
ENSG00000228300,0.010445572,0.927723371
ENSG00000228302,-0.046534242,0.566489308
ENSG00000228305,-0.289415808,0.077046675
ENSG00000228307,-0.032080057,0.493460624
ENSG00000228323,0.070791648,0.234763
ENSG00000228327,0.444077422,0.026009109
ENSG00000228328,-0.071624743,0.401200092
ENSG00000228330,-0.051611187,0.618923093
ENSG00000228331,0.080976485,0.168501365
ENSG00000228335,0.068084831,0.281999156
ENSG00000228340,0.027987496,0.675567538
ENSG00000228343,-0.290835243,0.049020724
ENSG00000228348,0.032412016,0.641374417
ENSG00000228352,0.033848273,0.631011128
ENSG00000228360,-0.035565985,0.535956952
ENSG00000228363,0.029929794,0.7279876
ENSG00000228389,0.024924521,0.726656287
ENSG00000228393,-0.008758673,0.937405755
ENSG00000228395,0.039682064,0.703220983
ENSG00000228397,-0.022804795,0.691070371
ENSG00000228407,-0.108653727,0.271314654
ENSG00000228409,-0.116842077,0.375466661
ENSG00000228430,-0.056462338,0.250118426
ENSG00000228434,0.029571362,0.754397079
ENSG00000228436,0.199407199,0.177355905
ENSG00000228439,0.05390861,0.683498224
ENSG00000228444,0.10702968,0.175730517
ENSG00000228446,-0.046598333,0.480318222
ENSG00000228451,0.139996597,0.302220149
ENSG00000228452,0.294385876,0.077800384
ENSG00000228459,0.013929511,0.76954352
ENSG00000228463,0.139307274,0.3149901
ENSG00000228474,0.078339574,0.419207728
ENSG00000228477,0.020241962,0.837655998
ENSG00000228485,0.032127162,0.606783207
ENSG00000228486,0.026001391,0.838904754
ENSG00000228487,0.046466107,0.181444489
ENSG00000228492,0.006256199,0.960853474
ENSG00000228495,0.167723618,0.049927338
ENSG00000228499,-0.009708918,0.779708653
ENSG00000228501,0.065716401,0.451296527
ENSG00000228502,-0.0067877,0.942538276
ENSG00000228506,-0.016379692,0.894402721
ENSG00000228510,0.03710005,0.622109597
ENSG00000228519,-0.01148497,0.927859815
ENSG00000228526,0.023993452,0.621831447
ENSG00000228532,0.113036993,0.358291825
ENSG00000228536,0.052010444,0.134877907
ENSG00000228544,0.237864326,0.114860723
ENSG00000228549,-0.043247208,0.391487702
ENSG00000228554,0.017226947,0.75978403
ENSG00000228561,-0.111473707,0.339111673
ENSG00000228570,0.035789837,0.77389967
ENSG00000228577,-0.011441659,0.801013892
ENSG00000228589,-0.119973885,0.262089353
ENSG00000228594,-0.159894235,0.237010711
ENSG00000228601,-0.125054611,0.348351059
ENSG00000228606,-0.280582577,0.047082699
ENSG00000228612,-0.381913999,0.030556
ENSG00000228623,0.02883244,0.809936086
ENSG00000228624,0.032113468,0.749067849
ENSG00000228626,0.025021344,0.562344047
ENSG00000228638,0.036836279,0.777942142
ENSG00000228649,0.031347406,0.785329737
ENSG00000228653,0.074186582,0.306782165
ENSG00000228663,0.008179153,0.906841512
ENSG00000228665,-0.002931002,0.965734335
ENSG00000228672,-0.113672575,0.397041804
ENSG00000228674,-0.047193864,0.405991953
ENSG00000228692,-0.098967037,0.05179661
ENSG00000228695,0.009635741,0.941429819
ENSG00000228696,0.106284938,0.415518487
ENSG00000228701,-0.008377632,0.909819904
ENSG00000228702,0.033567811,0.586789956
ENSG00000228709,-0.014129359,0.863270476
ENSG00000228716,0.140213366,0.314168063
ENSG00000228741,0.100964512,0.191394263
ENSG00000228748,-0.040342214,0.588739624
ENSG00000228753,-0.053232871,0.650501563
ENSG00000228763,0.019120799,0.65853161
ENSG00000228766,0.031281678,0.771798442
ENSG00000228775,0.274918812,0.083544297
ENSG00000228782,0.097627223,0.461489571
ENSG00000228784,0.155885032,0.046366852
ENSG00000228787,-0.035378498,0.484025637
ENSG00000228791,-0.060981053,0.446993964
ENSG00000228794,-0.241406587,0.092482375
ENSG00000228797,-0.330172606,0.028445094
ENSG00000228798,1.318681305,0.002778846
ENSG00000228801,0.712481154,0.002921835
ENSG00000228808,-0.000344364,0.992793909
ENSG00000228816,0.002198527,0.969487461
ENSG00000228818,0.013993233,0.895962085
ENSG00000228828,0.01761428,0.753807469
ENSG00000228834,0.002321841,0.967564258
ENSG00000228839,-0.092022294,0.24217286
ENSG00000228852,0.057377459,0.580834439
ENSG00000228857,0.065733145,0.448623157
ENSG00000228868,0.241051946,0.104736916
ENSG00000228878,-0.073737843,0.550492628
ENSG00000228882,0.143635905,0.176953998
ENSG00000228887,0.020771693,0.831969861
ENSG00000228889,0.209032148,0.128540214
ENSG00000228897,0.001874982,0.976822922
ENSG00000228903,0.051322801,0.694461941
ENSG00000228906,0.057768492,0.420675564
ENSG00000228914,0.056895546,0.45663985
ENSG00000228915,-0.026436135,0.693833318
ENSG00000228925,0.148800087,0.152833682
ENSG00000228929,0.003797445,0.976931216
ENSG00000228941,0.033157239,0.644790317
ENSG00000228960,-0.034827668,0.771179098
ENSG00000228962,0.085710416,0.302602195
ENSG00000228981,-0.023059218,0.858669835
ENSG00000228986,-0.099477238,0.167925333
ENSG00000228989,-0.102829054,0.443661286
ENSG00000228998,0.129224522,0.329531454
ENSG00000229007,0.074656679,0.357648042
ENSG00000229017,0.126102954,0.184567966
ENSG00000229018,-0.084248554,0.526807755
ENSG00000229020,-0.000702928,0.988071645
ENSG00000229029,-0.071849002,0.190952424
ENSG00000229036,0.424894217,0.019160557
ENSG00000229043,0.397583194,0.020621602
ENSG00000229081,-0.309916578,0.045500053
ENSG00000229083,-0.038489681,0.623988634
ENSG00000229091,0.048655958,0.404609845
ENSG00000229097,-0.132186448,0.324768155
ENSG00000229107,-0.076793968,0.558007746
ENSG00000229116,1.085230587,0.002204925
ENSG00000229117,0.040980082,0.725997554
ENSG00000229119,-0.059956728,0.648403414
ENSG00000229122,0.020166798,0.814710871
ENSG00000229124,-0.070127685,0.509550449
ENSG00000229127,-0.081026356,0.46288593
ENSG00000229129,-0.016198884,0.65528764
ENSG00000229132,-0.016841513,0.890558931
ENSG00000229133,-0.0594321,0.485289089
ENSG00000229137,0.008024369,0.869976923
ENSG00000229152,0.089464492,0.504620658
ENSG00000229153,-0.114619302,0.244341644
ENSG00000229160,0.009651131,0.855222195
ENSG00000229161,-0.030994354,0.728921769
ENSG00000229178,0.134236443,0.133154092
ENSG00000229180,-0.034061936,0.792193079
ENSG00000229183,0.061027012,0.373771151
ENSG00000229186,0.038435913,0.765020263
ENSG00000229204,0.049428386,0.526249523
ENSG00000229207,0.022167516,0.690921201
ENSG00000229211,-0.090919632,0.294170606
ENSG00000229212,0.467952448,0.014274034
ENSG00000229214,0.054234476,0.594677694
ENSG00000229222,0.03895736,0.462181158
ENSG00000229227,-0.0895401,0.191728715
ENSG00000229236,-0.055637059,0.31715895
ENSG00000229251,-0.184121496,0.203549802
ENSG00000229256,0.081174014,0.510638133
ENSG00000229266,-0.15573878,0.052519479
ENSG00000229267,-0.009356012,0.932415827
ENSG00000229273,0.235431558,0.126255643
ENSG00000229291,-0.073276506,0.204559525
ENSG00000229292,-0.016886903,0.235898553
ENSG00000229298,0.016025676,0.712708169
ENSG00000229320,-0.121014753,0.368379234
ENSG00000229325,0.173023583,0.119918327
ENSG00000229332,-0.035003685,0.188331874
ENSG00000229334,-0.058139441,0.507069092
ENSG00000229344,-0.062369417,0.633180969
ENSG00000229348,-0.008755094,0.880296813
ENSG00000229349,-0.201347185,0.118210154
ENSG00000229358,-0.092101574,0.490584414
ENSG00000229368,-0.197729929,0.080468883
ENSG00000229373,-0.043777113,0.30601368
ENSG00000229376,0.049065284,0.691908257
ENSG00000229388,0.004435114,0.949197489
ENSG00000229413,-0.030170708,0.784705726
ENSG00000229417,0.1011711,0.176581052
ENSG00000229419,-0.130442947,0.23697976
ENSG00000229425,0.051606698,0.559564881
ENSG00000229431,0.137357527,0.262947989
ENSG00000229447,0.033633464,0.589068949
ENSG00000229465,-0.016198884,0.65528764
ENSG00000229472,0.04208123,0.653608468
ENSG00000229474,0.850125876,0.002966379
ENSG00000229481,0.273099062,0.026263021
ENSG00000229487,0.016616512,0.811800582
ENSG00000229498,-0.082208739,0.135054016
ENSG00000229503,-0.053048985,0.641598859
ENSG00000229509,-0.007477107,0.92120013
ENSG00000229512,0.011757443,0.850232217
ENSG00000229539,-0.070842539,0.327160989
ENSG00000229562,0.062339004,0.255375417
ENSG00000229563,0.07113967,0.442189271
ENSG00000229567,-0.007294772,0.906953243
ENSG00000229582,0.064923528,0.350583575
ENSG00000229586,0.008854251,0.882236343
ENSG00000229589,0.015197229,0.88297822
ENSG00000229598,0.008573344,0.910095594
ENSG00000229604,-0.01654759,0.762920168
ENSG00000229605,-0.045246865,0.67853211
ENSG00000229619,-0.58216108,0.002713153
ENSG00000229625,0.211072166,0.009544416
ENSG00000229631,0.315567209,0.035402982
ENSG00000229635,-0.017119227,0.705796304
ENSG00000229638,0.07762121,0.539573371
ENSG00000229644,-1.022306304,1.22E-09
ENSG00000229645,-0.374310069,0.028882166
ENSG00000229647,-2.378633215,0.000787862
ENSG00000229656,-0.137693973,0.194124332
ENSG00000229657,-0.289012787,0.055097948
ENSG00000229659,0.017417687,0.876416973
ENSG00000229666,-0.048381859,0.505407494
ENSG00000229676,0.069339251,0.273600385
ENSG00000229689,0.088860014,0.464702945
ENSG00000229692,-0.080846261,0.541518575
ENSG00000229700,0.039755422,0.395007051
ENSG00000229715,-0.04596032,0.578505401
ENSG00000229720,0.079456023,0.253574013
ENSG00000229728,0.017456051,0.848640986
ENSG00000229729,-0.085403781,0.515603975
ENSG00000229776,0.329622005,0.034102112
ENSG00000229780,-0.043540193,0.565187028
ENSG00000229789,-0.137885282,0.25535675
ENSG00000229801,-0.069194908,0.485538119
ENSG00000229806,0.035978061,0.563108415
ENSG00000229807,0.00341204,NA
ENSG00000229808,0.067740156,0.153508684
ENSG00000229809,0.161545208,0.190963979
ENSG00000229816,-0.053240529,0.643528066
ENSG00000229828,-0.146074081,0.284387654
ENSG00000229833,-0.434535775,0.025643915
ENSG00000229839,0.019321528,0.744456458
ENSG00000229841,0.045466175,0.697619737
ENSG00000229847,0.003304403,0.90107454
ENSG00000229848,0.046595017,0.594430049
ENSG00000229852,0.38624317,0.015685083
ENSG00000229859,0.134788144,0.096154479
ENSG00000229867,0.035615041,0.631346564
ENSG00000229873,-0.15228303,0.217278527
ENSG00000229874,0.223136553,0.079272034
ENSG00000229886,0.052220984,0.353887209
ENSG00000229891,0.062683687,0.47493347
ENSG00000229894,-0.079739357,0.326217314
ENSG00000229897,0.037880878,0.741731888
ENSG00000229901,0.089171876,0.050619502
ENSG00000229915,0.019005503,0.740705065
ENSG00000229917,0.008629934,0.886491396
ENSG00000229927,-0.747602498,0.001145732
ENSG00000229930,0.106927866,0.14705066
ENSG00000229931,0.547007274,0.018404
ENSG00000229932,-0.000552634,0.995116029
ENSG00000229939,-0.068790561,0.589796288
ENSG00000229944,-0.02937165,0.769425008
ENSG00000229950,0.106730667,0.180637556
ENSG00000229951,-0.102547653,0.287357249
ENSG00000229956,0.18465109,0.115176903
ENSG00000229980,-0.019497385,0.828362963
ENSG00000229994,-0.012471465,0.917994519
ENSG00000230002,-0.049757281,0.372040465
ENSG00000230006,0.101929618,0.095889653
ENSG00000230018,-2.197328499,9.25E-07
ENSG00000230021,-0.009727055,0.917145534
ENSG00000230024,0.114096387,0.046355091
ENSG00000230037,0.001084144,0.99181239
ENSG00000230042,0.018835307,0.79116219
ENSG00000230045,-0.021761457,0.625739339
ENSG00000230055,-0.33595858,0.007362671
ENSG00000230067,0.023866516,0.802602536
ENSG00000230069,0.139302343,0.072888991
ENSG00000230071,-0.023100311,0.686772409
ENSG00000230074,-0.009502112,0.940277172
ENSG00000230076,0.022942701,0.856462928
ENSG00000230082,0.029742378,0.668216343
ENSG00000230084,-0.448699292,0.028127359
ENSG00000230091,0.322403911,0.061467728
ENSG00000230092,0.011297932,0.877636873
ENSG00000230099,-0.086235243,0.148596638
ENSG00000230124,0.354131131,0.034901678
ENSG00000230146,0.058099937,0.529478815
ENSG00000230148,-0.427433944,0.031674628
ENSG00000230149,0.099574173,0.121211249
ENSG00000230154,-0.196675581,0.083376926
ENSG00000230163,-0.074746076,0.523141249
ENSG00000230170,0.000245536,0.999201193
ENSG00000230177,-0.044840503,0.578969186
ENSG00000230183,-0.023159229,0.845602209
ENSG00000230185,0.03198831,0.635807861
ENSG00000230186,-0.015578278,0.785631473
ENSG00000230188,0.00295091,0.958419868
ENSG00000230189,-0.016932097,0.886686549
ENSG00000230191,0.015933441,0.760473792
ENSG00000230195,-0.149755913,0.169529041
ENSG00000230197,0.046663472,0.300128576
ENSG00000230199,0.114920791,0.389966629
ENSG00000230202,0.016681345,0.892903448
ENSG00000230204,0.031977879,0.804458307
ENSG00000230207,0.123702269,0.32403948
ENSG00000230210,-0.349350268,0.042657188
ENSG00000230212,-0.075895857,0.243878724
ENSG00000230216,-0.615291811,0.014784611
ENSG00000230221,0.035039041,0.712558141
ENSG00000230224,0.092199389,0.398683114
ENSG00000230255,0.021474321,0.702809855
ENSG00000230266,-0.068244044,0.524986628
ENSG00000230267,0.018680733,0.833060915
ENSG00000230280,-0.006318345,0.936135769
ENSG00000230290,-0.021644551,0.646017907
ENSG00000230291,0.065628696,0.37423016
ENSG00000230295,0.201254976,0.041115583
ENSG00000230304,0.00159564,0.990277873
ENSG00000230306,0.031230941,0.480595354
ENSG00000230310,0.008880624,0.774018688
ENSG00000230311,-0.014376801,0.909025809
ENSG00000230319,-0.02621872,0.775838403
ENSG00000230325,-0.018055373,0.767669616
ENSG00000230330,0.086546263,0.517043662
ENSG00000230333,-0.494580353,0.016650005
ENSG00000230337,-0.042637635,0.428632034
ENSG00000230358,0.02213407,0.84168998
ENSG00000230359,0.00291288,0.97571634
ENSG00000230364,-0.005274397,0.962760531
ENSG00000230368,0.07940636,0.385120366
ENSG00000230373,-0.023135123,0.850232846
ENSG00000230383,0.100217411,0.452633487
ENSG00000230395,-0.089021241,0.493081789
ENSG00000230397,0.112663458,0.408745864
ENSG00000230409,0.290567681,0.000425939
ENSG00000230415,0.10193591,0.373114629
ENSG00000230417,1.422238499,3.25E-06
ENSG00000230424,0.09390524,0.274549354
ENSG00000230435,-0.076294818,0.376077632
ENSG00000230438,0.03250225,0.657783922
ENSG00000230439,-0.037411433,0.388147209
ENSG00000230445,0.129383509,0.118709954
ENSG00000230453,0.048562802,0.411139976
ENSG00000230454,0.142281881,0.280629632
ENSG00000230455,0.019015032,0.875002835
ENSG00000230457,-0.028060306,0.751910456
ENSG00000230479,0.059101508,0.219182064
ENSG00000230487,0.300338065,0.018190252
ENSG00000230490,0.132789295,0.169311564
ENSG00000230499,-0.009080779,0.920525907
ENSG00000230508,0.026111619,0.728361625
ENSG00000230510,0.208569723,0.155505468
ENSG00000230513,0.028640678,0.820748583
ENSG00000230551,0.09098173,0.46407479
ENSG00000230555,0.021884541,0.859159942
ENSG00000230561,-0.053410212,0.580264951
ENSG00000230562,0.1178017,0.384658043
ENSG00000230563,0.053293543,0.612065843
ENSG00000230565,0.210789886,0.115515513
ENSG00000230567,-0.006613985,0.953100318
ENSG00000230568,0.050987007,0.278204364
ENSG00000230572,-0.000819697,0.988052588
ENSG00000230578,0.019480164,0.880520589
ENSG00000230580,0.013444253,0.787011206
ENSG00000230583,0.000280979,0.996812156
ENSG00000230587,-0.611840715,0.013833517
ENSG00000230590,0.234853907,0.120429986
ENSG00000230592,-0.016687184,0.829916222
ENSG00000230593,-0.097637258,0.225431178
ENSG00000230596,0.00747746,0.8818606
ENSG00000230606,0.514936538,0.000137884
ENSG00000230612,0.028543057,0.585021907
ENSG00000230615,0.486624634,0.020662423
ENSG00000230623,0.230727941,0.045116071
ENSG00000230626,-0.233761567,0.123918919
ENSG00000230629,-0.077961027,0.540346944
ENSG00000230630,0.155752957,0.240816709
ENSG00000230633,-0.180100374,0.12982558
ENSG00000230650,-0.000732216,0.989322641
ENSG00000230655,-4.82E-05,0.998480016
ENSG00000230658,0.003436617,0.954331476
ENSG00000230662,0.012585105,0.849189141
ENSG00000230665,0.04010047,0.656607138
ENSG00000230667,-0.031624279,0.723742622
ENSG00000230673,-0.063531804,0.357233109
ENSG00000230699,0.08671438,0.217912309
ENSG00000230712,-0.257502935,0.022192311
ENSG00000230715,-0.122982958,0.368623559
ENSG00000230721,0.023090638,0.743891439
ENSG00000230724,0.142461008,0.307374894
ENSG00000230730,-0.037968979,0.370058592
ENSG00000230732,0.058072091,0.317195553
ENSG00000230733,-0.516057123,8.51E-06
ENSG00000230734,0.001462436,0.98014632
ENSG00000230736,-0.043516354,0.475444358
ENSG00000230747,0.002977316,0.955928885
ENSG00000230749,0.058520649,0.445388947
ENSG00000230750,0.04170771,0.511149429
ENSG00000230753,0.016149049,0.801649399
ENSG00000230756,-0.229352913,0.05704563
ENSG00000230772,0.023551382,0.702002553
ENSG00000230777,-0.047951082,0.618886938
ENSG00000230793,0.000460322,0.995201726
ENSG00000230795,0.025720883,0.740889533
ENSG00000230797,0.090079824,0.475008228
ENSG00000230804,0.110683081,0.145357516
ENSG00000230812,0.401057725,0.037095773
ENSG00000230823,-0.007694782,0.887239663
ENSG00000230832,-0.028798902,0.497205518
ENSG00000230836,0.090498483,0.096693547
ENSG00000230838,0.006492671,0.894194206
ENSG00000230844,0.108521011,0.422893639
ENSG00000230847,0.0301357,0.694656972
ENSG00000230850,0.02188623,0.808467334
ENSG00000230856,-0.128322853,0.3373424
ENSG00000230869,0.123170636,0.320188632
ENSG00000230870,0.043285587,0.613662328
ENSG00000230872,-0.039412127,0.583479656
ENSG00000230880,0.035193164,0.494975764
ENSG00000230882,-0.011742162,0.759369539
ENSG00000230896,0.112546463,0.385321832
ENSG00000230897,-0.013350367,0.9067589
ENSG00000230903,-0.010324382,0.93397404
ENSG00000230912,0.090113149,0.146785822
ENSG00000230918,0.056436627,0.450965166
ENSG00000230928,0.081524744,0.439692878
ENSG00000230929,-0.045387165,0.499816764
ENSG00000230939,0.049788256,0.448003837
ENSG00000230943,0.040767185,0.366589295
ENSG00000230953,0.271211932,0.085422748
ENSG00000230979,0.060671563,0.645696724
ENSG00000230982,0.108426948,0.413048809
ENSG00000230989,-0.115344412,0.14909377
ENSG00000230997,0.006677757,0.93088587
ENSG00000231006,-0.124068004,0.362529983
ENSG00000231007,0.066144103,0.56036872
ENSG00000231010,-0.043502524,0.515575226
ENSG00000231025,-0.108986683,0.416394213
ENSG00000231028,0.27831663,0.033917401
ENSG00000231035,0.053184119,0.541126814
ENSG00000231043,-0.026829903,0.829970825
ENSG00000231050,0.0251122,0.637681124
ENSG00000231064,0.094220757,0.459135275
ENSG00000231066,0.001972128,0.97598516
ENSG00000231074,0.178390048,0.158629776
ENSG00000231081,-0.008540938,0.873975772
ENSG00000231084,-0.040173524,0.713429021
ENSG00000231104,0.031397626,0.699012748
ENSG00000231105,-0.01333861,0.818027275
ENSG00000231106,-0.060582674,0.58610714
ENSG00000231113,-0.089660303,0.48151411
ENSG00000231119,0.015922843,0.80889072
ENSG00000231120,-0.0302524,0.549450251
ENSG00000231121,0.127639737,0.039953168
ENSG00000231125,-0.007331419,0.932718451
ENSG00000231133,0.008624296,0.85666399
ENSG00000231154,0.009137568,0.926948869
ENSG00000231160,0.219201552,0.119649832
ENSG00000231167,-0.064914662,0.608232901
ENSG00000231170,-0.084402782,0.179349986
ENSG00000231177,-0.011264093,0.867721117
ENSG00000231185,-0.006316018,0.940676703
ENSG00000231187,0.022955134,0.841551472
ENSG00000231196,0.035002189,0.553400741
ENSG00000231205,0.082431825,0.526606121
ENSG00000231209,-0.025467555,0.757102331
ENSG00000231212,-0.002963331,0.961920615
ENSG00000231233,0.019684466,0.676569444
ENSG00000231234,-0.065616767,0.612781897
ENSG00000231242,0.538616929,0.003278018
ENSG00000231244,0.05426424,0.648881165
ENSG00000231245,-0.030859021,0.61746641
ENSG00000231246,-2.984108714,0.000146569
ENSG00000231249,0.124392275,0.257056483
ENSG00000231258,-0.092164719,0.488337833
ENSG00000231259,-0.119929056,0.301714763
ENSG00000231290,0.251049641,0.029737452
ENSG00000231298,-0.285213949,0.014321343
ENSG00000231305,0.084200245,0.462850775
ENSG00000231312,-0.400586539,0.012780803
ENSG00000231313,-0.071183709,0.524293326
ENSG00000231327,0.001524896,0.981844602
ENSG00000231329,0.00102391,0.980750279
ENSG00000231340,0.019391945,0.80590003
ENSG00000231341,-0.256688768,0.097537354
ENSG00000231342,0.030095193,0.65923685
ENSG00000231345,0.09030395,0.270891471
ENSG00000231346,0.151869576,0.172502271
ENSG00000231351,0.023539185,0.849252252
ENSG00000231360,0.138311725,0.272676022
ENSG00000231365,-0.013924825,0.912948124
ENSG00000231367,0.063350452,0.350278014
ENSG00000231369,-0.080505829,0.48275197
ENSG00000231389,0.007774834,0.921414425
ENSG00000231393,0.00836266,0.843104574
ENSG00000231394,-0.007456826,0.84675398
ENSG00000231407,-0.09818125,0.434445987
ENSG00000231409,-0.003752765,0.974995034
ENSG00000231414,0.022150823,0.864132822
ENSG00000231424,-0.048837521,0.36681818
ENSG00000231434,0.033648815,0.794939134
ENSG00000231437,-0.091217723,0.261241897
ENSG00000231441,-0.024407445,0.696474736
ENSG00000231443,0.082267028,0.479763596
ENSG00000231445,0.105481472,0.268304993
ENSG00000231448,-0.018285994,0.725656584
ENSG00000231464,0.025634699,0.823516226
ENSG00000231466,0.17656693,0.076205959
ENSG00000231468,0.031874091,0.581241695
ENSG00000231500,0.008038619,0.979185798
ENSG00000231503,-0.056876002,0.651400051
ENSG00000231512,-0.028209538,0.581582866
ENSG00000231528,0.007784669,0.937963459
ENSG00000231530,0.02712038,0.687504519
ENSG00000231535,-0.042550552,0.494093671
ENSG00000231549,-0.043468049,0.612913135
ENSG00000231551,0.152579863,0.212564852
ENSG00000231561,0.08295861,0.115641975
ENSG00000231563,0.114196102,0.227053418
ENSG00000231569,-0.007527539,0.850606496
ENSG00000231574,-0.811506701,0.004425279
ENSG00000231579,-0.065137806,0.605080161
ENSG00000231584,0.045373389,0.704959592
ENSG00000231587,0.023153872,0.723114164
ENSG00000231595,-0.021685943,0.822151705
ENSG00000231607,0.022381301,0.837858806
ENSG00000231609,0.019826805,0.876124308
ENSG00000231611,-0.067271411,0.520186311
ENSG00000231612,0.044870746,0.231590058
ENSG00000231616,0.019646782,0.72621144
ENSG00000231628,0.001943585,0.981130385
ENSG00000231632,-0.370146396,0.037496621
ENSG00000231652,-0.018903186,0.865994351
ENSG00000231663,0.102038911,0.358246936
ENSG00000231665,-0.036688493,0.574251405
ENSG00000231672,0.14032473,0.151834706
ENSG00000231684,-0.000299055,0.993852234
ENSG00000231686,-0.006219325,0.959684876
ENSG00000231690,-0.012827537,0.825463149
ENSG00000231701,0.011632723,0.92377317
ENSG00000231709,0.032906703,0.672541539
ENSG00000231711,0.100829224,0.449575119
ENSG00000231721,-0.187584035,0.17891029
ENSG00000231728,0.102123253,0.205482626
ENSG00000231731,0.011244001,0.893706533
ENSG00000231734,0.198446512,0.139679956
ENSG00000231742,-0.018426347,0.847556884
ENSG00000231747,-0.201146894,0.134562961
ENSG00000231752,-0.004161954,0.940105325
ENSG00000231760,0.013290028,0.760980617
ENSG00000231767,-0.186191341,0.189464756
ENSG00000231768,0.165502166,0.222859075
ENSG00000231770,0.23144508,0.118382612
ENSG00000231784,0.095925552,0.275519806
ENSG00000231789,0.129760854,0.343977943
ENSG00000231793,-0.10525056,0.185047566
ENSG00000231817,0.145735894,0.074503156
ENSG00000231821,0.079366388,0.287497202
ENSG00000231822,-0.05921992,0.64289949
ENSG00000231831,-0.013512106,0.815083253
ENSG00000231841,0.128151951,0.305461841
ENSG00000231852,0.240137829,0.008583181
ENSG00000231856,-0.084691946,0.320157786
ENSG00000231865,-0.002094702,0.964816563
ENSG00000231889,-0.085965108,0.515575417
ENSG00000231890,-0.013828869,0.880200283
ENSG00000231908,-0.040370285,0.574861391
ENSG00000231924,0.070190168,0.277971272
ENSG00000231925,-0.031085341,0.769349504
ENSG00000231943,0.33855743,0.055377178
ENSG00000231948,0.011372478,0.893714318
ENSG00000231952,0.084681565,0.524042424
ENSG00000231969,0.019385645,0.810030147
ENSG00000231970,0.05290651,0.464890943
ENSG00000231971,-0.057377648,0.442274538
ENSG00000231982,0.028506196,0.698375389
ENSG00000231989,0.114153213,0.398880876
ENSG00000231991,-0.653191805,9.55E-11
ENSG00000231995,0.520891364,0.013808628
ENSG00000231999,-0.06477003,0.487818798
ENSG00000232000,0.184212341,0.068908301
ENSG00000232004,-0.255733399,0.105648009
ENSG00000232013,-0.016976128,0.768539683
ENSG00000232018,0.024225849,0.789823282
ENSG00000232019,0.029471157,0.635149814
ENSG00000232021,0.003151298,0.952532802
ENSG00000232024,0.001214811,0.992175741
ENSG00000232037,-0.020752613,0.66536075
ENSG00000232040,0.024004136,0.778490238
ENSG00000232043,-0.035277218,0.604528826
ENSG00000232046,0.055854081,0.608355708
ENSG00000232059,-0.023853597,0.624646294
ENSG00000232060,0.038624391,0.763108873
ENSG00000232063,0.014588156,0.891116035
ENSG00000232070,0.049380014,0.548694783
ENSG00000232079,-0.000608867,0.976959052
ENSG00000232082,-0.150216069,0.166424546
ENSG00000232093,-0.053549153,0.443443342
ENSG00000232098,-0.107355093,0.363059534
ENSG00000232104,0.132708888,0.189688949
ENSG00000232111,0.004628075,NA
ENSG00000232112,-0.269275334,0.02993635
ENSG00000232116,0.101943598,0.395793863
ENSG00000232119,0.121736719,0.289318807
ENSG00000232134,-0.050666114,0.651425328
ENSG00000232150,0.246538077,0.058710494
ENSG00000232160,-0.090541434,0.460043869
ENSG00000232163,0.012204116,0.821000723
ENSG00000232176,-0.05259117,0.530774906
ENSG00000232186,-0.012037551,0.890161403
ENSG00000232187,-0.066581026,0.560198744
ENSG00000232196,0.016201433,0.748045473
ENSG00000232202,0.066044819,0.348374481
ENSG00000232210,0.004446362,0.948937955
ENSG00000232218,0.007758355,0.881951627
ENSG00000232224,0.151681678,0.212166024
ENSG00000232229,0.11054056,0.392259832
ENSG00000232233,0.110530026,0.144140721
ENSG00000232260,-0.023927538,0.638866612
ENSG00000232270,0.039389705,0.763178596
ENSG00000232273,-0.064110043,0.272725738
ENSG00000232274,-0.002950325,0.974142334
ENSG00000232284,0.317272283,0.064926402
ENSG00000232295,0.000994709,0.987058114
ENSG00000232300,0.056758253,0.644795301
ENSG00000232320,-0.168184512,0.209255988
ENSG00000232334,-0.000394685,0.993689551
ENSG00000232341,0.054876333,0.6545934
ENSG00000232344,-0.071636552,0.459187987
ENSG00000232346,-0.0152243,0.83742971
ENSG00000232352,0.098178685,0.230581528
ENSG00000232363,0.045423967,0.588770285
ENSG00000232368,0.22186,0.139709737
ENSG00000232372,0.119909969,0.339770411
ENSG00000232377,0.019961899,0.691478801
ENSG00000232380,-0.108939966,0.218626991
ENSG00000232385,-0.016383753,0.883452668
ENSG00000232386,0.042794778,0.23933002
ENSG00000232387,-0.013181076,0.895903443
ENSG00000232388,-0.101807983,0.314359043
ENSG00000232389,0.039178441,0.644313083
ENSG00000232411,-0.039970712,0.528444481
ENSG00000232415,-0.089525519,0.291460691
ENSG00000232434,-0.005917986,0.958133182
ENSG00000232439,-0.033202138,0.721899136
ENSG00000232442,0.069815871,0.581670924
ENSG00000232445,-0.028224833,0.686321411
ENSG00000232450,-0.225688334,0.088474694
ENSG00000232453,0.081181001,0.52788637
ENSG00000232454,0.017636439,0.839007937
ENSG00000232457,-0.007621443,0.892387351
ENSG00000232460,0.00201276,0.988204903
ENSG00000232470,0.047687492,0.565259161
ENSG00000232472,0.015379722,0.903028444
ENSG00000232480,0.265124089,0.016221289
ENSG00000232485,0.021021744,0.813028081
ENSG00000232492,0.005113904,0.930930484
ENSG00000232499,0.01197549,0.927155623
ENSG00000232504,0.047164701,0.437663273
ENSG00000232517,0.067226371,0.498585218
ENSG00000232527,0.10160781,0.436000698
ENSG00000232528,-0.028249957,0.643382893
ENSG00000232531,0.328014096,0.046594933
ENSG00000232533,-0.191213781,0.121328567
ENSG00000232545,-0.001895684,0.984237782
ENSG00000232546,0.029913883,0.646626628
ENSG00000232553,-0.00198956,0.976503423
ENSG00000232559,-0.142456671,0.279004427
ENSG00000232561,-0.052920232,0.655916116
ENSG00000232567,-0.033242635,0.683389426
ENSG00000232573,0.029730374,0.795122839
ENSG00000232586,0.047463995,0.4346288
ENSG00000232593,0.031658407,0.772338999
ENSG00000232600,0.068375721,0.573379014
ENSG00000232606,-0.012668873,0.7829999
ENSG00000232611,0.229191155,0.117072302
ENSG00000232615,-0.129025058,0.284193086
ENSG00000232618,0.06982485,0.064975975
ENSG00000232630,-0.066788492,0.592399071
ENSG00000232637,0.161058076,0.180540241
ENSG00000232640,0.135516863,0.239903863
ENSG00000232645,0.040053598,0.591816714
ENSG00000232648,-0.090260618,0.335977755
ENSG00000232653,0.309379216,0.008594214
ENSG00000232676,-0.042642546,0.499351113
ENSG00000232677,0.126622605,0.348588185
ENSG00000232678,0.068779571,0.348809403
ENSG00000232679,-0.003109097,0.961145283
ENSG00000232686,0.002334923,0.952897883
ENSG00000232694,-0.006238071,0.868916087
ENSG00000232699,0.383639187,0.035196775
ENSG00000232702,0.129596023,0.340983424
ENSG00000232706,-0.089011558,0.447506028
ENSG00000232710,-0.017603851,0.717878078
ENSG00000232712,0.013372211,0.879616294
ENSG00000232713,-0.024759785,0.738736109
ENSG00000232725,0.162199405,0.170473711
ENSG00000232729,0.074051129,0.365057418
ENSG00000232742,-0.26367167,0.031112718
ENSG00000232745,0.018101798,0.710027311
ENSG00000232759,0.035334414,0.514833158
ENSG00000232774,0.06517693,0.524315091
ENSG00000232775,-0.033018603,0.735688076
ENSG00000232788,-0.189887532,0.061442036
ENSG00000232801,0.076366047,0.47239935
ENSG00000232807,-0.238307926,0.122344915
ENSG00000232811,0.000636649,0.995138053
ENSG00000232815,0.072532584,0.472635328
ENSG00000232818,-0.017485776,0.861942928
ENSG00000232821,-0.095024763,0.36962501
ENSG00000232833,0.03048871,0.74501767
ENSG00000232838,-0.085989533,0.270876332
ENSG00000232842,0.04242858,0.569070699
ENSG00000232850,-0.019744697,0.824340597
ENSG00000232852,0.115059956,0.266761177
ENSG00000232855,-0.309483225,0.067040795
ENSG00000232858,-0.006337882,0.918720143
ENSG00000232859,0.244792833,0.081579426
ENSG00000232860,0.082367484,0.385696175
ENSG00000232871,1.511129081,0.005674565
ENSG00000232878,-0.008266655,0.847213958
ENSG00000232882,-0.224191844,0.107352589
ENSG00000232888,0.027889423,0.821321761
ENSG00000232907,0.021793772,0.692621899
ENSG00000232909,-0.186628855,0.092271451
ENSG00000232912,-0.050993858,0.452146829
ENSG00000232926,-0.043230124,0.600180149
ENSG00000232927,0.026581708,0.684189349
ENSG00000232931,0.244834036,0.097625288
ENSG00000232938,0.387152372,0.010124866
ENSG00000232940,0.07532176,0.455507622
ENSG00000232951,0.055135267,0.490127896
ENSG00000232952,0.148955274,0.288794579
ENSG00000232956,-0.067127767,0.610125801
ENSG00000232973,0.003552115,0.974390945
ENSG00000232977,0.111512378,0.385328615
ENSG00000232995,0.039713137,0.710195289
ENSG00000233003,0.088973207,0.477926954
ENSG00000233005,0.035778029,0.533431455
ENSG00000233006,0.011164671,0.909935632
ENSG00000233008,-0.001156029,0.978991011
ENSG00000233013,0.217725708,0.111513912
ENSG00000233016,0.087244643,0.504396599
ENSG00000233024,-0.234334337,0.04937431
ENSG00000233025,0.051698783,0.490399208
ENSG00000233029,0.062236419,0.435299549
ENSG00000233030,0.329277466,0.024338863
ENSG00000233045,0.00405997,0.966360929
ENSG00000233056,0.016628197,0.71819071
ENSG00000233057,-0.024032903,0.763125289
ENSG00000233058,-0.002951779,0.978125467
ENSG00000233070,-0.035466589,0.46574762
ENSG00000233081,-0.030399752,0.627489749
ENSG00000233084,0.29788106,0.063485214
ENSG00000233087,-0.079139322,0.548511881
ENSG00000233094,0.033001446,0.723672925
ENSG00000233098,0.014762191,0.853775539
ENSG00000233101,-0.022903339,0.828244637
ENSG00000233111,-0.049373558,0.637485749
ENSG00000233115,-0.020749884,0.786757706
ENSG00000233117,-3.364662887,6.39E-16
ENSG00000233122,0.031239174,0.784250165
ENSG00000233132,0.018995183,0.731182001
ENSG00000233133,-0.04137659,0.68747268
ENSG00000233137,0.051619958,0.49137139
ENSG00000233143,0.010608079,0.815201388
ENSG00000233147,-0.075285725,0.277864357
ENSG00000233155,0.056624881,0.41075452
ENSG00000233170,-0.044822363,0.662489265
ENSG00000233172,0.053644725,0.368129942
ENSG00000233175,0.032833813,0.558256918
ENSG00000233176,0.003097194,0.957675789
ENSG00000233178,0.198502597,0.176862619
ENSG00000233184,0.369297609,0.033835432
ENSG00000233198,-0.014726196,0.87527595
ENSG00000233205,0.06518486,0.61678074
ENSG00000233218,-0.049543883,0.461795724
ENSG00000233223,0.050702456,0.691994296
ENSG00000233225,-0.189321401,0.191117839
ENSG00000233229,0.098537887,0.298277856
ENSG00000233230,0.205874379,0.166769509
ENSG00000233231,0.058761515,0.599989917
ENSG00000233232,0.18358212,0.171370316
ENSG00000233237,-0.297881408,0.075136433
ENSG00000233247,0.289128657,0.014298344
ENSG00000233250,-0.056088185,0.346436416
ENSG00000233251,0.048709241,0.532145489
ENSG00000233254,0.003182405,0.981802225
ENSG00000233266,0.116885081,0.232473973
ENSG00000233270,-0.020169984,0.875336377
ENSG00000233276,-0.306624506,0.016272377
ENSG00000233280,0.587915515,1.18E-05
ENSG00000233295,-0.02235383,0.75276477
ENSG00000233297,0.040619185,0.756029113
ENSG00000233308,0.055802123,0.195296378
ENSG00000233320,0.270365365,0.047276625
ENSG00000233325,-0.015029864,0.888603933
ENSG00000233327,0.003465377,0.971243898
ENSG00000233328,-0.130970179,0.337990677
ENSG00000233330,-0.128168022,0.288890207
ENSG00000233337,-0.005436137,0.959162628
ENSG00000233347,0.145374449,0.172666427
ENSG00000233368,0.024031045,0.787290251
ENSG00000233369,-0.06561554,0.619041906
ENSG00000233380,-0.037041368,0.748063395
ENSG00000233381,-0.019829604,0.877572862
ENSG00000233382,0.035561615,0.753938389
ENSG00000233384,0.085801532,0.038379843
ENSG00000233396,-0.235123124,0.121879645
ENSG00000233406,-0.052157846,0.602452086
ENSG00000233411,-0.013472161,0.798511792
ENSG00000233416,0.001152282,0.992253318
ENSG00000233426,0.001734644,0.984683774
ENSG00000233429,-0.251804715,0.101984064
ENSG00000233435,-0.008011661,0.893569455
ENSG00000233436,0.00113314,0.98709991
ENSG00000233438,0.036756815,0.556069229
ENSG00000233452,-0.004269397,0.967684974
ENSG00000233461,0.140485555,0.314048082
ENSG00000233476,0.152316352,0.158818576
ENSG00000233487,0.049728056,0.480076524
ENSG00000233493,-0.013421583,0.804873543
ENSG00000233503,-0.022873821,0.850165585
ENSG00000233509,-0.003360696,0.956103528
ENSG00000233514,0.104269718,0.258498282
ENSG00000233521,0.100815535,0.108398214
ENSG00000233523,-0.018001096,0.820193755
ENSG00000233527,-0.00977601,0.938668907
ENSG00000233543,0.005063509,0.934402718
ENSG00000233547,-0.106160396,0.079643325
ENSG00000233554,0.032416589,0.789556151
ENSG00000233555,0.126529222,0.297013344
ENSG00000233559,0.011866959,0.877440957
ENSG00000233560,6.37E-05,0.999776322
ENSG00000233585,0.05447654,0.676589619
ENSG00000233588,0.082816126,0.535635841
ENSG00000233593,-0.031547305,0.709166321
ENSG00000233594,0.030961068,0.563203787
ENSG00000233597,-0.028762702,0.640552561
ENSG00000233602,0.025937271,0.718272795
ENSG00000233608,-0.665360066,1.64E-06
ENSG00000233614,-0.016811529,0.835505574
ENSG00000233621,0.02033876,0.874341489
ENSG00000233622,-0.006344844,0.953669293
ENSG00000233627,0.329622005,0.034102112
ENSG00000233630,0.439408525,0.024894971
ENSG00000233631,0.078498882,0.536587433
ENSG00000233652,0.051031907,0.525316706
ENSG00000233653,0.04000584,0.733938703
ENSG00000233654,0.011118341,0.836107372
ENSG00000233665,-0.007185963,0.884724503
ENSG00000233668,-0.030175829,0.569891085
ENSG00000233673,0.006529178,0.961230146
ENSG00000233682,0.097286986,0.103763051
ENSG00000233690,-0.123023829,0.094642318
ENSG00000233695,0.09020339,0.360403122
ENSG00000233740,0.039699881,0.628845188
ENSG00000233747,-0.014368877,0.853454515
ENSG00000233750,0.019529014,0.875471307
ENSG00000233757,0.130598903,0.297213738
ENSG00000233762,0.051428379,0.584108686
ENSG00000233765,0.071269645,0.293156513
ENSG00000233771,0.016041978,0.901557309
ENSG00000233778,0.031013073,0.691504505
ENSG00000233780,0.004432089,0.944111495
ENSG00000233786,-0.042496393,0.726902073
ENSG00000233799,0.015138418,0.839939272
ENSG00000233802,-0.019947778,0.197108771
ENSG00000233806,-0.094722716,0.308638465
ENSG00000233812,-0.043174492,0.598528223
ENSG00000233817,0.017784473,0.80778868
ENSG00000233818,0.049749239,0.349660883
ENSG00000233822,0.002882595,0.980461767
ENSG00000233830,-0.058015488,0.571541663
ENSG00000233837,0.055982926,0.648202477
ENSG00000233845,0.035526087,0.447984153
ENSG00000233846,-0.001272696,0.990663656
ENSG00000233858,0.011935092,0.760147941
ENSG00000233859,-0.389144841,0.011393131
ENSG00000233860,0.028004663,0.700024394
ENSG00000233862,-0.011010472,0.866962621
ENSG00000233864,0.000343415,0.998757465
ENSG00000233868,-0.155124168,0.271478613
ENSG00000233870,0.193876243,0.169513295
ENSG00000233871,-0.093941343,0.266574827
ENSG00000233885,0.07281896,0.427307242
ENSG00000233892,0.056570856,0.467493871
ENSG00000233895,0.122431024,0.368612266
ENSG00000233901,0.862332581,7.16E-06
ENSG00000233903,-0.059976704,0.496302935
ENSG00000233912,-0.025902783,0.53016287
ENSG00000233913,0.009603663,0.941405433
ENSG00000233927,0.032659096,0.799502864
ENSG00000233937,-0.240054093,0.117867432
ENSG00000233954,0.045579211,0.723744523
ENSG00000233961,-0.104052753,0.376818998
ENSG00000233966,-0.154417246,0.234666835
ENSG00000233967,0.00010057,0.999451413
ENSG00000233974,-0.028801847,0.58749753
ENSG00000233991,0.062906458,0.406358776
ENSG00000233994,-0.02558637,0.841561724
ENSG00000233995,-0.07912509,0.389413521
ENSG00000234004,-0.075004696,0.459203064
ENSG00000234009,0.018005144,0.88352742
ENSG00000234028,0.668288242,0.008142557
ENSG00000234031,-0.03285294,0.504427499
ENSG00000234036,-0.014324665,0.838016917
ENSG00000234038,0.064964358,0.438054568
ENSG00000234042,0.031434713,0.75442701
ENSG00000234043,0.028230914,0.619886288
ENSG00000234062,0.069280359,0.459920164
ENSG00000234072,0.154308283,0.262444792
ENSG00000234080,-0.00445301,0.915438401
ENSG00000234084,0.115883689,0.281564153
ENSG00000234093,0.028001295,0.709448287
ENSG00000234106,0.087198331,0.504734715
ENSG00000234118,-0.137702287,0.173299329
ENSG00000234127,-0.021773399,0.795854588
ENSG00000234129,0.030249706,0.719626814
ENSG00000234130,-9.18E-05,0.997940562
ENSG00000234145,-0.345039871,0.036680115
ENSG00000234155,0.082399199,0.310065322
ENSG00000234156,-0.015155132,0.799551717
ENSG00000234160,-0.021465741,0.856930703
ENSG00000234161,0.006615368,0.898666557
ENSG00000234171,-0.01983172,0.876830651
ENSG00000234175,-0.060862189,0.567444028
ENSG00000234176,0.081569714,0.394352126
ENSG00000234222,0.019157527,0.815365224
ENSG00000234225,-0.119236854,0.31989401
ENSG00000234231,-0.212637726,0.083767309
ENSG00000234241,-0.061062199,0.637547272
ENSG00000234252,-0.030970627,0.52761635
ENSG00000234263,0.040981439,0.476514465
ENSG00000234268,-0.024188538,0.806008169
ENSG00000234281,0.00226199,0.976804646
ENSG00000234284,0.178973846,0.198676003
ENSG00000234287,-0.013344666,0.902573103
ENSG00000234289,-0.02903836,0.818771443
ENSG00000234290,0.176388351,0.211567124
ENSG00000234295,0.092258111,0.476970252
ENSG00000234297,0.43472248,0.030221003
ENSG00000234298,-0.029858674,0.51802755
ENSG00000234320,0.011874997,0.794761026
ENSG00000234322,0.234730585,0.088794584
ENSG00000234327,-0.107672653,0.381288926
ENSG00000234329,-0.025286152,0.770283503
ENSG00000234332,0.016550684,0.754256201
ENSG00000234335,-0.006564489,0.917000083
ENSG00000234336,0.014453424,0.89331845
ENSG00000234337,-0.12257229,0.209108255
ENSG00000234338,0.056354979,0.61212185
ENSG00000234345,-0.002783454,0.957347958
ENSG00000234350,0.057777847,0.394031137
ENSG00000234352,-0.007232671,0.877873794
ENSG00000234353,0.022038036,0.741623406
ENSG00000234354,0.023536722,0.83988629
ENSG00000234362,-0.181165263,0.131484746
ENSG00000234367,0.010129437,0.932909773
ENSG00000234369,0.011954412,0.906452945
ENSG00000234371,0.001823169,0.974307499
ENSG00000234380,-0.101417938,0.436297059
ENSG00000234383,0.028030096,0.782373483
ENSG00000234390,0.03624803,0.772788909
ENSG00000234405,-0.072910016,0.289149876
ENSG00000234409,-0.219495208,0.095538798
ENSG00000234419,0.107681036,0.407586489
ENSG00000234420,0.116020461,0.381713662
ENSG00000234424,-0.026868537,0.675695365
ENSG00000234432,0.053907488,0.65283942
ENSG00000234444,0.142961381,0.252868664
ENSG00000234449,0.084667923,0.384521447
ENSG00000234456,-0.190514904,0.030082853
ENSG00000234459,-0.130873581,0.142734776
ENSG00000234465,0.031901628,0.805471413
ENSG00000234478,-0.014786663,0.784243418
ENSG00000234491,-0.01289612,0.8591377
ENSG00000234492,0.087128279,0.221207598
ENSG00000234494,0.152941945,0.276566099
ENSG00000234498,-0.029594291,0.82104219
ENSG00000234500,0.104066513,0.381237808
ENSG00000234509,0.100179888,0.076253037
ENSG00000234513,0.040659888,0.584576772
ENSG00000234518,0.058978531,0.651633324
ENSG00000234536,0.076553829,0.355911776
ENSG00000234537,0.286497804,0.065356395
ENSG00000234545,0.153415669,0.153126394
ENSG00000234546,0.258535909,0.100507281
ENSG00000234558,0.058427365,0.658809886
ENSG00000234567,-0.038778387,0.642426035
ENSG00000234571,0.065164703,0.391765195
ENSG00000234584,0.013568809,0.737335348
ENSG00000234585,-0.026848116,0.826484024
ENSG00000234589,-0.030103139,0.771059726
ENSG00000234604,-0.007588582,0.895273956
ENSG00000234608,0.047198732,0.713843643
ENSG00000234614,0.037788284,0.688793419
ENSG00000234616,0.207716298,0.099467887
ENSG00000234617,-0.138198707,0.161942066
ENSG00000234618,-0.008844025,0.915910691
ENSG00000234629,0.031866291,0.541790805
ENSG00000234630,0.047411008,0.563770555
ENSG00000234636,-0.039848014,0.564334757
ENSG00000234643,0.05256538,0.675465592
ENSG00000234645,-0.096596732,0.201536405
ENSG00000234648,0.012390089,0.926535687
ENSG00000234664,0.160954281,0.254488005
ENSG00000234678,-0.003638426,0.962785106
ENSG00000234684,0.367654265,0.035077225
ENSG00000234694,-0.019722988,0.747809516
ENSG00000234698,-0.041486364,0.460827348
ENSG00000234699,0.01009474,0.903845071
ENSG00000234702,-0.154261174,0.241429202
ENSG00000234705,0.008562902,0.857713846
ENSG00000234709,0.026072227,0.771948363
ENSG00000234719,-0.040597853,0.739855323
ENSG00000234740,-0.001044984,0.988154919
ENSG00000234741,-0.000405026,0.997593103
ENSG00000234742,0.050771242,0.69314365
ENSG00000234743,-0.182284165,0.203464222
ENSG00000234745,0.112432197,0.406855119
ENSG00000234750,-0.01516017,0.771540872
ENSG00000234754,-0.035327064,0.641818031
ENSG00000234756,-0.009247468,0.902056557
ENSG00000234764,-0.075457938,0.56815163
ENSG00000234769,0.115892153,0.300699239
ENSG00000234771,-0.250955728,0.097942477
ENSG00000234773,0.019549566,0.702901253
ENSG00000234776,-0.109093392,0.174535453
ENSG00000234779,0.071093091,0.539251343
ENSG00000234782,-0.015238983,0.89550505
ENSG00000234797,-0.022123578,0.854281583
ENSG00000234801,-0.046939646,0.683480482
ENSG00000234807,0.087273277,0.31431507
ENSG00000234810,-0.001226127,0.990489692
ENSG00000234814,0.250598328,0.092479866
ENSG00000234817,0.128334526,0.217993064
ENSG00000234819,-0.010640663,0.855020541
ENSG00000234825,0.179444778,0.166948001
ENSG00000234840,-0.013824667,0.870073889
ENSG00000234851,0.016634333,0.872395411
ENSG00000234857,0.017643298,0.726343338
ENSG00000234880,-0.322676652,0.003701141
ENSG00000234882,0.197311581,0.157047767
ENSG00000234883,0.295724593,0.06579385
ENSG00000234899,0.104996542,0.183492941
ENSG00000234902,-0.007680685,0.883502035
ENSG00000234911,0.018493464,0.794651379
ENSG00000234912,-0.082643631,0.534048204
ENSG00000234917,-0.015634186,0.812722611
ENSG00000234925,-0.002667137,0.965408803
ENSG00000234936,-0.024784925,0.698191184
ENSG00000234949,-0.049319186,0.313221431
ENSG00000234964,-0.164542942,0.243083025
ENSG00000234969,0.002692264,0.965241066
ENSG00000234972,0.055967609,0.672004024
ENSG00000234975,-0.041078321,0.742399929
ENSG00000234978,0.061261518,0.472969086
ENSG00000234981,-0.029225491,0.65570475
ENSG00000234997,0.041678555,0.346555733
ENSG00000234998,0.038656327,0.706842685
ENSG00000235001,-0.029975451,0.81535825
ENSG00000235008,-0.050525096,0.444751119
ENSG00000235016,0.064362101,0.545074314
ENSG00000235027,0.083216248,0.377118802
ENSG00000235033,-0.531894209,0.017344087
ENSG00000235034,0.015674844,0.778314903
ENSG00000235036,0.148235982,0.277297614
ENSG00000235043,0.009075583,0.945777425
ENSG00000235045,-0.007650144,0.912253315
ENSG00000235065,-0.076052223,0.423134081
ENSG00000235072,-0.097054847,0.074464096
ENSG00000235078,-0.086089365,0.142904928
ENSG00000235079,-0.009467472,0.880283705
ENSG00000235082,0.066415196,0.613020846
ENSG00000235084,-0.014764402,0.906515132
ENSG00000235092,0.098688878,0.460753176
ENSG00000235098,-0.075463191,0.495402796
ENSG00000235100,-0.038418954,0.452997557
ENSG00000235105,-0.694449984,0.001632651
ENSG00000235106,0.166741156,0.12965302
ENSG00000235109,1.595599796,7.39E-07
ENSG00000235117,-0.004383449,0.928909964
ENSG00000235121,-0.074976675,0.196888171
ENSG00000235138,-0.032937368,0.690437535
ENSG00000235159,0.028964231,0.650623867
ENSG00000235162,0.061327769,0.634592328
ENSG00000235169,0.294469968,0.069285366
ENSG00000235173,-0.016342335,0.881368164
ENSG00000235174,-0.064217212,0.542622578
ENSG00000235175,0.040041041,0.449356738
ENSG00000235180,0.143788904,0.135434263
ENSG00000235194,0.204041281,0.126774938
ENSG00000235209,0.172070832,0.10151886
ENSG00000235217,0.449688361,0.017538299
ENSG00000235225,0.016992274,0.837803686
ENSG00000235231,-0.018349827,0.759236594
ENSG00000235238,0.227255303,0.032294479
ENSG00000235241,-0.066103915,0.209292035
ENSG00000235245,0.043711044,0.717724176
ENSG00000235254,-0.158398945,0.222303237
ENSG00000235257,0.292885305,0.071209963
ENSG00000235272,-0.099044701,0.413890312
ENSG00000235290,0.030400785,0.639874639
ENSG00000235297,0.017032327,0.777497926
ENSG00000235298,-0.029538165,0.645827517
ENSG00000235308,0.008934971,0.869146319
ENSG00000235313,0.003289917,0.971056628
ENSG00000235314,-0.732249364,0.007710541
ENSG00000235316,0.09983312,0.459513898
ENSG00000235326,0.020508459,0.814419757
ENSG00000235328,-0.024718174,0.586989186
ENSG00000235351,-0.049859324,0.42051484
ENSG00000235354,0.01494375,0.853725904
ENSG00000235355,-0.011616818,0.855180487
ENSG00000235363,-0.083946666,0.527258088
ENSG00000235370,0.061119579,0.612876389
ENSG00000235371,-0.023659232,0.715865909
ENSG00000235373,0.296328412,0.073459356
ENSG00000235374,-0.164555462,0.233693838
ENSG00000235376,0.097423719,0.436081514
ENSG00000235381,0.018915451,0.8679368
ENSG00000235385,0.050776864,0.41696017
ENSG00000235386,0.529331783,0.002652529
ENSG00000235387,-0.078186363,0.386432782
ENSG00000235398,-0.082546154,0.519587829
ENSG00000235408,-0.022182266,0.66478171
ENSG00000235411,-0.085936706,0.426023864
ENSG00000235419,0.007282634,0.901917742
ENSG00000235421,0.006681398,0.938831574
ENSG00000235423,0.438124999,0.021161537
ENSG00000235426,-0.010273192,0.839643737
ENSG00000235428,-0.240088963,0.112723773
ENSG00000235436,-0.065863354,0.470784588
ENSG00000235437,-0.111906158,0.293614254
ENSG00000235438,0.061417957,0.58662626
ENSG00000235449,-0.004792966,0.953046752
ENSG00000235453,0.064344731,0.547062275
ENSG00000235454,-0.14680105,0.293380902
ENSG00000235459,0.051609693,0.642260523
ENSG00000235472,-0.043863838,0.549460089
ENSG00000235475,0.053701584,0.578581917
ENSG00000235477,0.069077011,0.59492917
ENSG00000235486,-0.071724993,0.556140973
ENSG00000235489,0.090696839,0.324439777
ENSG00000235497,-0.050208653,0.399031278
ENSG00000235499,-0.04260012,0.631793122
ENSG00000235500,0.029774697,0.569586565
ENSG00000235501,-0.350502193,0.043337322
ENSG00000235505,0.236545864,0.110396543
ENSG00000235508,0.001863123,0.989993444
ENSG00000235510,-0.13387201,0.035814275
ENSG00000235513,1.975702751,4.90E-08
ENSG00000235527,0.015286699,0.743771732
ENSG00000235530,-0.009349236,0.910185069
ENSG00000235531,0.07446242,0.528049726
ENSG00000235545,-0.00483219,0.958893207
ENSG00000235552,0.064442143,0.556853311
ENSG00000235554,0.041743739,0.747448941
ENSG00000235555,0.099237536,0.355998598
ENSG00000235559,-0.05545539,0.443750705
ENSG00000235560,0.049054089,0.603048506
ENSG00000235563,0.188861029,0.075957338
ENSG00000235565,0.011463644,0.911124639
ENSG00000235568,0.107741263,0.132219476
ENSG00000235587,0.011752219,0.924936085
ENSG00000235590,-0.004866662,0.954751706
ENSG00000235602,0.053140875,0.458699075
ENSG00000235609,0.144786915,0.215299644
ENSG00000235613,0.075954937,0.158680733
ENSG00000235618,-0.010816372,0.931600135
ENSG00000235636,-0.260127898,0.094037771
ENSG00000235649,0.952875152,0.000530713
ENSG00000235652,0.335445771,0.032764508
ENSG00000235655,0.174458776,0.006518757
ENSG00000235664,-0.021186106,0.744316486
ENSG00000235677,0.006726431,0.925766861
ENSG00000235681,0.062330762,0.499060068
ENSG00000235683,-0.095973585,0.35276093
ENSG00000235703,0.133757653,0.325014432
ENSG00000235706,0.042920488,0.7408127
ENSG00000235720,0.141800575,0.31017447
ENSG00000235721,-0.031013725,0.60066696
ENSG00000235724,-0.074220447,0.33656002
ENSG00000235734,0.430722371,0.004811074
ENSG00000235750,-0.03557228,0.302242781
ENSG00000235768,-0.006589818,0.896181826
ENSG00000235770,0.058072014,0.645938759
ENSG00000235776,-0.030152666,0.814822998
ENSG00000235781,0.053378037,0.397898244
ENSG00000235782,0.034862258,0.410780852
ENSG00000235790,0.052325235,0.590046579
ENSG00000235795,0.005333019,0.934753214
ENSG00000235802,0.071218669,0.068834624
ENSG00000235806,0.014412961,0.801760021
ENSG00000235812,0.02335138,0.703289256
ENSG00000235821,0.034947272,0.65033821
ENSG00000235823,0.585011596,0.002639461
ENSG00000235828,-0.044138729,0.438373332
ENSG00000235831,0.078932449,0.175095795
ENSG00000235847,-0.081827318,0.265901547
ENSG00000235859,-0.008865877,0.941780454
ENSG00000235863,-0.462911072,0.003537992
ENSG00000235865,0.216900697,0.1250994
ENSG00000235878,0.082036637,0.528248646
ENSG00000235884,0.050984569,0.622008922
ENSG00000235885,-0.16881654,0.005151073
ENSG00000235890,0.046592424,0.616453895
ENSG00000235893,0.05560073,0.222591081
ENSG00000235897,0.02205951,0.731713376
ENSG00000235899,0.0128494,0.752250149
ENSG00000235903,0.075892934,0.216496187
ENSG00000235904,-0.009505035,0.937363681
ENSG00000235908,-0.037777782,0.492464185
ENSG00000235912,-0.10309845,0.428676886
ENSG00000235919,0.067002705,0.524020691
ENSG00000235927,-1.002263361,0.000110693
ENSG00000235944,0.263663406,0.100300866
ENSG00000235946,0.225764262,0.068844419
ENSG00000235954,0.144496554,0.251803537
ENSG00000235955,0.039658343,0.536863953
ENSG00000235957,0.089847124,0.502647464
ENSG00000235958,-0.010818623,0.860155257
ENSG00000235959,1.238821646,0.005258181
ENSG00000235961,0.353797571,0.036057266
ENSG00000235997,-0.079525058,0.35653056
ENSG00000235999,0.067949882,0.599754499
ENSG00000236002,-0.022082421,0.788667052
ENSG00000236008,-0.02720507,0.641832983
ENSG00000236013,-0.301473398,0.024794349
ENSG00000236015,0.031967138,0.747555328
ENSG00000236017,0.05868667,0.628189124
ENSG00000236018,0.104590795,0.192483105
ENSG00000236021,0.045524179,0.355523477
ENSG00000236022,0.065545351,0.17679393
ENSG00000236029,-0.039945401,0.446673211
ENSG00000236031,0.005043794,0.931023257
ENSG00000236036,-0.002876382,0.930118121
ENSG00000236039,-0.026793023,0.539939585
ENSG00000236044,0.011367781,0.809607778
ENSG00000236047,0.047231609,0.280416743
ENSG00000236048,-0.077574788,0.045315387
ENSG00000236049,0.003877698,0.938983143
ENSG00000236051,0.000884743,0.983982453
ENSG00000236058,-0.003873395,0.974409188
ENSG00000236060,-0.5129832,7.99E-05
ENSG00000236066,-0.03158814,0.584029613
ENSG00000236078,0.099193577,0.083039244
ENSG00000236083,-0.021209126,0.852199408
ENSG00000236086,0.048061795,0.384523681
ENSG00000236088,-0.105075852,0.422031372
ENSG00000236090,-0.03569377,0.458392018
ENSG00000236091,-0.026280658,0.638688909
ENSG00000236094,-0.013451044,0.816423348
ENSG00000236098,0.030956979,0.573286823
ENSG00000236104,0.612086739,5.53E-09
ENSG00000236107,-0.042983629,0.488747818
ENSG00000236111,0.007318073,0.87286171
ENSG00000236114,-0.003419556,0.964058178
ENSG00000236123,0.211851935,0.018899247
ENSG00000236136,-0.11421778,0.107563994
ENSG00000236138,-0.01738879,0.824771906
ENSG00000236144,-0.31305699,0.040226428
ENSG00000236152,-0.082499778,0.311610759
ENSG00000236157,0.0815214,0.242041703
ENSG00000236165,0.053681174,0.266784783
ENSG00000236166,0.228634364,0.017126968
ENSG00000236173,0.125526734,0.00625206
ENSG00000236184,0.040574917,0.548974438
ENSG00000236199,-0.13193779,0.285914386
ENSG00000236200,0.004025633,0.955233648
ENSG00000236204,0.130209729,0.338410972
ENSG00000236209,0.064829588,0.228675579
ENSG00000236229,0.054442811,0.511881713
ENSG00000236233,0.137092747,0.208719076
ENSG00000236234,0.077888549,0.365972234
ENSG00000236255,0.73135415,0.002817621
ENSG00000236257,0.071325505,0.444822443
ENSG00000236264,-0.275424097,0.072512729
ENSG00000236266,0.04426656,0.316134508
ENSG00000236269,-0.003221851,0.953877244
ENSG00000236287,0.212634511,0.028887665
ENSG00000236296,-0.112169205,0.321156473
ENSG00000236297,0.006626915,0.891415421
ENSG00000236304,0.135932822,0.305790102
ENSG00000236305,0.014545715,0.774000528
ENSG00000236308,-0.025063028,0.653043344
ENSG00000236312,0.015040697,0.866430384
ENSG00000236319,0.004709263,0.926449084
ENSG00000236330,0.000213121,0.999829739
ENSG00000236333,0.198072144,0.119840581
ENSG00000236334,-0.010795977,0.894293887
ENSG00000236337,-0.032310531,0.610223936
ENSG00000236349,0.109104312,0.399361595
ENSG00000236360,-0.073969218,0.562728961
ENSG00000236364,-0.021246062,0.830668082
ENSG00000236383,0.184585345,0.158042178
ENSG00000236393,-0.017630864,0.805295733
ENSG00000236397,0.006186311,0.948874515
ENSG00000236404,0.332925742,0.054289663
ENSG00000236411,0.029620358,0.664966963
ENSG00000236423,0.018717169,0.865197177
ENSG00000236431,0.100230265,0.337826723
ENSG00000236432,-0.016330949,0.898847073
ENSG00000236438,0.542986406,0.014465206
ENSG00000236439,0.080450955,0.548613362
ENSG00000236444,-0.060041035,0.38425976
ENSG00000236449,-0.001704657,0.97211877
ENSG00000236456,-0.031750868,0.745929064
ENSG00000236467,-0.007531507,0.896775346
ENSG00000236480,0.018182463,0.761012055
ENSG00000236489,0.010271715,0.811540194
ENSG00000236493,0.086184372,0.459234143
ENSG00000236496,0.035820545,0.738196082
ENSG00000236526,-0.082378612,0.395885568
ENSG00000236529,-0.049696308,0.404982677
ENSG00000236532,-0.073140003,0.435847121
ENSG00000236533,0.007004604,0.90706476
ENSG00000236534,0.137565945,0.283911726
ENSG00000236536,0.032933617,0.5277357
ENSG00000236537,0.052905091,0.613655731
ENSG00000236539,-0.05556704,0.513759874
ENSG00000236540,-0.316717379,0.054208468
ENSG00000236548,-0.266694386,0.072707716
ENSG00000236552,-0.00029058,0.995332936
ENSG00000236562,-0.027237232,0.761711386
ENSG00000236565,-0.026843165,0.83263781
ENSG00000236570,-0.089463445,0.37750552
ENSG00000236575,-0.088534847,0.467921676
ENSG00000236577,-0.048743044,0.429582925
ENSG00000236581,-0.089853373,0.164996311
ENSG00000236603,-0.012443193,0.922326778
ENSG00000236609,0.213036938,0.152820414
ENSG00000236617,0.026003921,0.611099217
ENSG00000236618,-0.005312794,0.952312387
ENSG00000236624,0.115609821,0.343094142
ENSG00000236670,0.005479561,0.92514234
ENSG00000236671,0.142787899,0.20519468
ENSG00000236675,-0.004379552,0.964916058
ENSG00000236679,0.268878461,0.095062846
ENSG00000236682,0.069816181,0.416866242
ENSG00000236683,0.105041793,0.271981254
ENSG00000236686,-0.557121404,0.017457542
ENSG00000236698,-0.175569266,0.202040736
ENSG00000236699,0.075613503,0.182100434
ENSG00000236708,0.059243281,0.266290394
ENSG00000236710,-0.055108758,0.460333805
ENSG00000236711,0.035384814,0.419219798
ENSG00000236714,-0.048546659,0.285944608
ENSG00000236735,-0.013814083,0.829167768
ENSG00000236739,-0.554850606,0.000483549
ENSG00000236743,0.03883925,0.595971807
ENSG00000236753,-0.081185686,0.538649336
ENSG00000236756,0.02805079,0.698470804
ENSG00000236761,-0.075537191,0.438925342
ENSG00000236762,-0.042951086,0.380946703
ENSG00000236772,-0.01440041,0.774239587
ENSG00000236773,-0.108999314,0.407913672
ENSG00000236778,0.278695887,0.086635372
ENSG00000236780,0.012629446,0.764905948
ENSG00000236792,-0.180590674,0.15606334
ENSG00000236797,0.015695179,0.753375139
ENSG00000236801,-0.098206953,0.432015694
ENSG00000236809,-0.03570399,0.748154871
ENSG00000236810,0.076702745,0.440180093
ENSG00000236814,-0.05538486,0.65698465
ENSG00000236824,0.15348898,0.198842994
ENSG00000236829,0.095091993,0.381672449
ENSG00000236830,0.039787479,0.719416567
ENSG00000236833,0.008077142,0.858679319
ENSG00000236841,0.066634231,0.532567434
ENSG00000236850,0.012116767,0.861151586
ENSG00000236852,0.024636871,0.758289665
ENSG00000236857,0.086000195,0.044977584
ENSG00000236859,0.140025634,0.308273939
ENSG00000236861,0.146615634,0.168143939
ENSG00000236869,-0.155241788,0.043789966
ENSG00000236871,0.142747861,0.251128589
ENSG00000236875,0.009862851,0.902005744
ENSG00000236876,0.152091679,0.273958161
ENSG00000236882,-0.306692645,0.039744489
ENSG00000236896,-0.005694169,0.896691227
ENSG00000236901,-0.034159356,0.723401987
ENSG00000236914,0.231070279,0.098693525
ENSG00000236933,0.248878597,0.039808855
ENSG00000236939,0.032696158,0.506756601
ENSG00000236943,-0.079445661,0.534972855
ENSG00000236953,-0.039751454,0.513264922
ENSG00000236972,-0.012755325,0.85867601
ENSG00000236976,-0.028477072,0.560675326
ENSG00000236983,-0.006830343,0.898112707
ENSG00000236990,-0.107819059,0.00390787
ENSG00000236991,0.137950668,0.158723631
ENSG00000236992,-0.028549097,0.78326268
ENSG00000237004,-0.035373483,0.662996744
ENSG00000237015,0.017918314,0.841483949
ENSG00000237017,0.025467641,0.773816319
ENSG00000237021,0.031196818,0.643180074
ENSG00000237036,-0.258549792,0.066837548
ENSG00000237037,0.496352247,0.003482516
ENSG00000237039,0.140195067,0.223448927
ENSG00000237054,-0.048602645,0.380080945
ENSG00000237075,0.104116605,0.188514461
ENSG00000237094,0.146907578,0.285461535
ENSG00000237118,0.106361079,0.387982442
ENSG00000237125,-0.076004125,0.21893544
ENSG00000237126,-0.57693873,0.016373811
ENSG00000237135,-0.011825323,0.849805458
ENSG00000237149,0.737555366,0.000330482
ENSG00000237161,0.06674853,0.421122512
ENSG00000237168,-0.054633408,0.401653061
ENSG00000237172,0.480802906,0.000385246
ENSG00000237176,0.055034179,0.391622049
ENSG00000237179,0.180154107,0.038376584
ENSG00000237187,0.39399586,0.004422696
ENSG00000237188,-0.027575777,0.829376863
ENSG00000237190,-0.277581427,0.026921198
ENSG00000237198,0.02706164,0.681849467
ENSG00000237200,-0.012476137,0.805241547
ENSG00000237211,-0.00063534,0.988756213
ENSG00000237214,0.013698191,0.900366272
ENSG00000237232,0.019354755,0.694789912
ENSG00000237234,0.615437713,0.007168556
ENSG00000237238,0.063691513,0.618792652
ENSG00000237248,0.035348886,0.461706831
ENSG00000237263,0.048924345,0.444196925
ENSG00000237264,-0.138714709,0.268550168
ENSG00000237276,-0.211316254,0.104906069
ENSG00000237285,-0.006501743,0.892380933
ENSG00000237296,-0.043438333,0.679187483
ENSG00000237298,0.05100477,0.691408168
ENSG00000237301,0.009441038,0.874257287
ENSG00000237310,0.161381713,0.212381617
ENSG00000237338,0.002386077,0.944955877
ENSG00000237350,0.045839628,0.70256592
ENSG00000237352,0.061203917,0.436480973
ENSG00000237356,0.069134127,0.561695233
ENSG00000237357,0.016281001,0.876362269
ENSG00000237399,-0.035433408,0.752881497
ENSG00000237413,0.009776339,0.842315908
ENSG00000237415,0.097772658,0.452959837
ENSG00000237418,0.069784452,0.260694678
ENSG00000237419,0.051945369,0.55953094
ENSG00000237424,-0.136631258,0.3155452
ENSG00000237429,0.069402743,0.159189197
ENSG00000237433,-0.016139171,0.73681534
ENSG00000237436,-0.044720262,0.503436812
ENSG00000237437,-0.01619362,0.762089248
ENSG00000237438,-0.013099429,0.88327403
ENSG00000237440,0.39882693,0.023682776
ENSG00000237441,-0.018698406,0.867480228
ENSG00000237461,-0.022296011,0.678818141
ENSG00000237476,-0.175929416,0.148710755
ENSG00000237489,0.183489427,0.207227956
ENSG00000237491,0.228898308,0.135036196
ENSG00000237493,-0.083443879,0.520230728
ENSG00000237499,-0.282867265,0.043567137
ENSG00000237502,-0.003176444,0.951995439
ENSG00000237505,0.047786596,0.319195376
ENSG00000237506,0.009244106,0.93690701
ENSG00000237510,-0.030455665,0.749254838
ENSG00000237512,-0.026399191,0.741425668
ENSG00000237522,0.068014785,0.485682542
ENSG00000237523,-0.022392694,0.861792689
ENSG00000237533,0.165831327,0.246340473
ENSG00000237543,0.104959125,0.384246937
ENSG00000237550,-0.010553053,0.932584347
ENSG00000237560,0.072197772,0.274435582
ENSG00000237575,0.04135563,0.435163678
ENSG00000237586,-0.02498888,0.538162359
ENSG00000237595,0.229463891,0.046365301
ENSG00000237611,0.017558771,0.862093689
ENSG00000237613,0.439408525,0.024894971
ENSG00000237624,-0.230264315,0.131936646
ENSG00000237637,-0.038128002,0.624995726
ENSG00000237641,0.051235951,0.526735021
ENSG00000237649,0.05838971,0.64488316
ENSG00000237659,-0.01618605,0.656457561
ENSG00000237666,0.031226776,0.734827802
ENSG00000237668,-0.153154293,0.108941904
ENSG00000237669,0.068670535,0.460883629
ENSG00000237672,0.005546833,0.937188352
ENSG00000237682,0.036129376,0.754368821
ENSG00000237683,0.122023527,0.372391158
ENSG00000237686,0.014405877,0.79053971
ENSG00000237691,-0.037405296,0.445561835
ENSG00000237697,-1.87445851,1.40E-07
ENSG00000237718,0.04651803,0.302629987
ENSG00000237719,-0.024493592,0.671464181
ENSG00000237721,0.003050719,0.94744169
ENSG00000237729,0.191219874,0.161085748
ENSG00000237732,-0.090730889,0.113087305
ENSG00000237737,-0.085436497,0.127059718
ENSG00000237748,-0.162438741,0.164600767
ENSG00000237749,0.042170283,0.73428459
ENSG00000237753,-0.387754926,0.023374397
ENSG00000237758,0.117249581,0.372107636
ENSG00000237763,-0.245586874,0.050553651
ENSG00000237765,-0.161299377,0.24302931
ENSG00000237773,-0.047678091,0.389741309
ENSG00000237781,-0.098935661,0.314878826
ENSG00000237792,-0.040920718,0.559987792
ENSG00000237799,0.007732294,0.88540799
ENSG00000237803,0.01575908,0.732124112
ENSG00000237804,-0.132787032,0.313185971
ENSG00000237807,0.591855778,0.001525261
ENSG00000237813,-0.020870259,0.719741331
ENSG00000237815,0.040623709,0.471587589
ENSG00000237819,0.014271446,0.844295525
ENSG00000237821,0.236965783,0.074623656
ENSG00000237828,0.032739957,0.598697491
ENSG00000237840,-0.027546349,0.830233163
ENSG00000237842,0.044664836,0.712796516
ENSG00000237846,0.034031596,0.785723147
ENSG00000237854,0.341260937,0.035806501
ENSG00000237857,0.093271351,0.229629982
ENSG00000237868,-0.200461705,0.175071958
ENSG00000237877,0.02365849,0.761504186
ENSG00000237879,0.060732681,0.392234786
ENSG00000237883,0.013759727,0.865339239
ENSG00000237886,0.986043478,0.003876691
ENSG00000237892,0.031488435,0.602000185
ENSG00000237911,0.024338113,0.692257354
ENSG00000237916,0.04877853,0.563587128
ENSG00000237917,0.057500856,0.380407073
ENSG00000237921,0.029621071,0.72482699
ENSG00000237928,-2.355927667,0.000808553
ENSG00000237931,-0.275630048,0.081807688
ENSG00000237938,0.02748215,0.76005804
ENSG00000237940,-0.098490745,0.279322465
ENSG00000237943,0.095798488,0.109580072
ENSG00000237945,0.048935437,0.572075106
ENSG00000237949,-0.264079994,0.001597944
ENSG00000237950,-0.054798123,0.348942501
ENSG00000237972,0.03149631,0.525040948
ENSG00000237973,-0.032454192,0.770041106
ENSG00000237975,0.055624294,0.533280114
ENSG00000237977,0.046943853,0.292902023
ENSG00000237980,-0.074966612,0.255719782
ENSG00000237984,0.446075333,0.000110162
ENSG00000237989,0.018179422,0.631950511
ENSG00000237991,0.032461511,0.78195882
ENSG00000238000,0.037250097,0.592508786
ENSG00000238003,-0.008011044,0.882919387
ENSG00000238009,0.019853821,0.859996547
ENSG00000238018,0.129150004,0.345520204
ENSG00000238035,0.117708015,0.379370783
ENSG00000238039,-0.08921257,0.353849628
ENSG00000238041,0.015112771,0.90005612
ENSG00000238042,0.032632969,0.571367531
ENSG00000238045,0.152436438,0.1747061
ENSG00000238057,0.040656213,0.456614175
ENSG00000238058,0.105288926,0.355819334
ENSG00000238059,-0.009378746,0.863406597
ENSG00000238061,-0.022028702,0.68884995
ENSG00000238072,-0.144930328,0.175610692
ENSG00000238078,0.033803397,0.769439626
ENSG00000238082,0.015977486,0.866305208
ENSG00000238083,0.114519675,0.394527811
ENSG00000238084,-0.017480947,0.886586481
ENSG00000238098,0.11450499,0.075704347
ENSG00000238099,-0.011949914,0.805300509
ENSG00000238103,0.006362247,0.962454373
ENSG00000238105,0.077709862,0.515909145
ENSG00000238109,0.067658825,0.142194375
ENSG00000238110,-0.039683848,0.50694784
ENSG00000238113,0.052262111,0.615159937
ENSG00000238120,0.339604323,0.029530926
ENSG00000238121,0.014056625,0.816783929
ENSG00000238123,-0.018740571,0.867166074
ENSG00000238132,-0.030892116,0.69444716
ENSG00000238133,0.054235561,0.451648806
ENSG00000238142,-0.077637088,0.459910733
ENSG00000238151,0.068656637,0.145753372
ENSG00000238164,0.006651828,0.917949794
ENSG00000238165,0.023734331,0.85535706
ENSG00000238166,0.004717883,0.96427499
ENSG00000238172,-0.061101666,0.080613824
ENSG00000238178,0.075814311,0.210619174
ENSG00000238184,0.400416694,0.021016987
ENSG00000238186,-0.006923183,0.908365651
ENSG00000238197,0.046553875,0.710199006
ENSG00000238198,0.079110683,0.462225303
ENSG00000238207,0.063326665,0.419727746
ENSG00000238213,0.054769035,0.295557598
ENSG00000238227,-0.007233893,0.954211737
ENSG00000238228,-0.010892536,0.910235269
ENSG00000238243,0.100943697,0.320726883
ENSG00000238244,0.041007392,0.409813555
ENSG00000238247,0.023452356,0.677399689
ENSG00000238249,0.050076392,0.641452716
ENSG00000238251,0.098126022,0.418020509
ENSG00000238260,0.001802673,0.987049098
ENSG00000238261,-0.024257502,0.804899
ENSG00000238271,0.155991717,0.215795752
ENSG00000238273,-0.0128563,0.916318149
ENSG00000238278,0.040717432,0.68174856
ENSG00000238279,0.158808171,0.179596029
ENSG00000238283,0.086565764,0.138329048
ENSG00000238286,0.065247372,0.257325478
ENSG00000238287,0.001512798,0.983901681
ENSG00000238290,-0.028530731,0.499735471
ENSG00000238363,-0.048860957,0.361279209
ENSG00000238365,0.041649769,0.500973519
ENSG00000238369,0.026858811,0.724669193
ENSG00000238390,0.067272762,0.414278535
ENSG00000238405,0.064602045,0.369944316
ENSG00000238465,-0.037812741,0.596811453
ENSG00000238528,0.049114829,0.453445354
ENSG00000238603,0.017821007,0.733147508
ENSG00000238806,0.00935651,0.881583424
ENSG00000238832,0.001850096,0.980334715
ENSG00000238840,0.001967584,0.969655881
ENSG00000238975,0.038620627,0.62443963
ENSG00000238996,0.042452944,0.40200891
ENSG00000239014,0.04477294,0.510102883
ENSG00000239040,-0.072576273,0.340526076
ENSG00000239064,-0.009168303,0.863179768
ENSG00000239100,0.01293121,0.795585039
ENSG00000239103,-0.011364767,0.792278844
ENSG00000239112,-0.015045018,0.805130973
ENSG00000239149,-0.129963758,0.159079036
ENSG00000239152,-0.000906462,0.98273012
ENSG00000239157,0.147419082,0.026790354
ENSG00000239198,-0.057523596,0.304098917
ENSG00000239213,-0.11529644,0.377402195
ENSG00000239218,0.065980742,0.479624093
ENSG00000239246,-0.108222804,0.416561509
ENSG00000239254,0.023566051,0.625233787
ENSG00000239264,0.057340947,0.580132275
ENSG00000239268,-0.033299817,0.794487645
ENSG00000239269,0.035898085,0.764455741
ENSG00000239272,-0.004697154,0.909401925
ENSG00000239280,-0.04532105,0.27894026
ENSG00000239282,-0.083599957,0.335905703
ENSG00000239291,-0.04454849,0.386923598
ENSG00000239300,-0.028970448,0.709575553
ENSG00000239305,-0.246365753,0.064265154
ENSG00000239306,0.071016992,0.540200222
ENSG00000239323,0.013114221,0.75651264
ENSG00000239332,0.396114696,0.033301408
ENSG00000239335,0.058000391,0.332704965
ENSG00000239344,-0.089065285,0.344499671
ENSG00000239374,0.095973364,0.433537941
ENSG00000239377,0.007789634,0.909975844
ENSG00000239382,-0.010544054,0.927641229
ENSG00000239388,-0.039146396,0.724699602
ENSG00000239405,0.057596436,0.413958677
ENSG00000239407,0.22844119,0.134197751
ENSG00000239415,0.097889558,0.297751097
ENSG00000239419,-0.018622362,0.763313604
ENSG00000239435,-0.04709158,0.570013166
ENSG00000239455,-0.02668527,0.542727137
ENSG00000239467,0.110701854,0.205564188
ENSG00000239470,-0.038580437,0.765453762
ENSG00000239474,0.253482126,0.09831715
ENSG00000239475,-0.104609557,0.321501127
ENSG00000239483,-0.013234619,0.778173579
ENSG00000239486,-0.035482425,0.472676061
ENSG00000239494,0.024075496,0.676993926
ENSG00000239511,-0.144547469,0.092956424
ENSG00000239521,-0.020504594,0.86607419
ENSG00000239523,-0.013699446,0.893203286
ENSG00000239528,0.001233133,0.972914679
ENSG00000239552,0.018451849,0.888038642
ENSG00000239556,0.047123044,0.569579786
ENSG00000239557,0.016798977,0.893659054
ENSG00000239559,-0.127452088,0.344454684
ENSG00000239569,-0.098243274,0.446803351
ENSG00000239590,0.012802947,0.75796964
ENSG00000239605,0.054531487,0.257108584
ENSG00000239636,0.004659868,0.955014165
ENSG00000239650,0.334643695,0.056867886
ENSG00000239653,0.012336126,0.925046458
ENSG00000239665,0.072478303,0.460281678
ENSG00000239672,0.065258666,0.619767026
ENSG00000239677,0.127992379,0.29928334
ENSG00000239697,-0.251512583,0.017955362
ENSG00000239704,0.133378392,0.162707558
ENSG00000239713,0.16452421,0.235122685
ENSG00000239719,-0.068374895,0.519146562
ENSG00000239763,0.272158758,0.064463981
ENSG00000239776,0.005800653,0.91119624
ENSG00000239779,-0.052427943,0.684894268
ENSG00000239789,-0.0176884,0.88943038
ENSG00000239797,-0.057707466,0.649423093
ENSG00000239801,0.01454222,0.74064222
ENSG00000239815,-0.044106612,0.615154151
ENSG00000239828,-0.233028904,0.026547872
ENSG00000239830,-0.158037549,0.090434233
ENSG00000239857,0.04656176,0.673415883
ENSG00000239880,-0.169795357,0.157350061
ENSG00000239883,-0.023799995,0.850818379
ENSG00000239887,-0.066230464,0.495327143
ENSG00000239900,-0.089142798,0.245926519
ENSG00000239903,0.057924305,0.44924799
ENSG00000239906,0.005937271,0.922845007
ENSG00000239911,-0.290570727,0.006044923
ENSG00000239912,0.000751871,0.991510791
ENSG00000239978,-0.015234231,0.787935519
ENSG00000240005,0.049442821,0.413698651
ENSG00000240007,0.004014326,0.949639789
ENSG00000240024,0.215616567,0.135128952
ENSG00000240032,0.00904404,0.920010107
ENSG00000240036,0.126167516,0.340796525
ENSG00000240038,-0.193658588,0.17071075
ENSG00000240048,-0.033392305,0.569923084
ENSG00000240050,0.002360309,0.986315235
ENSG00000240053,-0.168552388,0.235061402
ENSG00000240057,-0.118378715,0.271224011
ENSG00000240065,0.206539361,0.164353011
ENSG00000240087,0.039557914,0.752045161
ENSG00000240132,-0.068663742,0.493981041
ENSG00000240137,0.023426488,0.827524795
ENSG00000240184,-0.001878832,0.983454293
ENSG00000240204,0.14794741,0.053805031
ENSG00000240207,0.071347579,0.572063598
ENSG00000240225,-0.009064166,0.939129877
ENSG00000240230,0.184616538,0.165926394
ENSG00000240231,0.039289984,0.742145948
ENSG00000240280,0.006667244,0.875497931
ENSG00000240288,0.053367768,0.405818824
ENSG00000240291,-0.903214352,0.001268679
ENSG00000240338,-0.040299378,0.332418333
ENSG00000240342,-0.006263429,0.958288718
ENSG00000240344,0.278764773,0.012722691
ENSG00000240350,0.227039152,0.135943194
ENSG00000240356,0.251389745,0.053060796
ENSG00000240366,-0.017352172,0.771501061
ENSG00000240370,0.149034549,0.286345323
ENSG00000240371,0.029485208,0.687043938
ENSG00000240373,0.027521622,0.706981968
ENSG00000240376,-0.08352019,0.518123215
ENSG00000240395,0.016377795,0.828945081
ENSG00000240399,-0.055415028,0.308110863
ENSG00000240401,-0.024895711,0.750917948
ENSG00000240409,0.047882075,0.506932869
ENSG00000240429,-0.171301397,0.228669205
ENSG00000240445,-0.973022438,2.56E-08
ENSG00000240449,-0.120329787,0.237368067
ENSG00000240463,-0.016928058,0.84581916
ENSG00000240466,0.107735852,0.360769233
ENSG00000240489,0.043945501,0.738843731
ENSG00000240498,0.914173843,0.001268367
ENSG00000240509,-0.092864402,0.459044654
ENSG00000240522,0.04099635,0.512496281
ENSG00000240540,0.058935352,0.267912901
ENSG00000240549,0.006461659,0.89162582
ENSG00000240583,0.074182341,0.50859638
ENSG00000240616,-0.07262762,0.311541733
ENSG00000240618,0.19609928,0.107733125
ENSG00000240622,-0.028505932,0.687712749
ENSG00000240666,-0.106788428,0.207188301
ENSG00000240674,0.024847124,0.849100706
ENSG00000240682,-0.074287752,0.547920745
ENSG00000240687,0.073403518,0.282190349
ENSG00000240694,-0.2192695,0.134226641
ENSG00000240695,0.014700236,0.845975853
ENSG00000240720,0.035209925,0.472707184
ENSG00000240731,0.077708576,0.557954196
ENSG00000240747,-0.036451995,0.49946055
ENSG00000240759,-0.008114136,0.877905797
ENSG00000240761,-0.021238439,0.540621191
ENSG00000240764,1.020878188,0.001192222
ENSG00000240771,-0.341738813,0.002045405
ENSG00000240776,-0.020412409,0.818275789
ENSG00000240785,-0.03376763,0.628245126
ENSG00000240809,-0.844087146,0.001240912
ENSG00000240849,-0.072762952,0.506058272
ENSG00000240854,0.124128539,0.246811259
ENSG00000240857,-0.020903421,0.863491134
ENSG00000240859,-1.118226568,2.56E-06
ENSG00000240875,-0.207191455,0.151647445
ENSG00000240889,0.082466296,0.262708478
ENSG00000240891,0.018606918,0.831527695
ENSG00000240898,0.098003889,0.353394223
ENSG00000240906,-0.198112551,0.075362767
ENSG00000240914,0.017719726,0.885969806
ENSG00000240919,0.035255995,0.503149212
ENSG00000240929,0.070448761,0.478912356
ENSG00000240935,-0.028952331,0.81827601
ENSG00000240950,-0.091133594,0.343492324
ENSG00000240970,0.13486152,0.263880896
ENSG00000240972,-0.056997404,0.469059835
ENSG00000240975,0.0013019,0.977735406
ENSG00000240994,0.300447075,0.060280657
ENSG00000240996,0.0803968,0.176938533
ENSG00000241007,0.00441922,0.925853019
ENSG00000241014,0.343526882,0.008748172
ENSG00000241015,-0.083665372,0.517508757
ENSG00000241030,0.023129586,0.651054078
ENSG00000241043,0.041548682,0.676226218
ENSG00000241057,-0.022971181,0.820667078
ENSG00000241058,0.489457828,0.00765222
ENSG00000241061,-0.086079024,0.516998621
ENSG00000241081,-0.005820252,0.962670506
ENSG00000241095,0.077956365,0.529585504
ENSG00000241104,0.09092251,0.144690245
ENSG00000241106,0.01720941,0.672798405
ENSG00000241120,-0.022036195,0.671255726
ENSG00000241127,0.243948134,0.065264794
ENSG00000241151,0.05899962,0.299089703
ENSG00000241163,0.041596372,0.420995232
ENSG00000241170,-0.043908037,0.692743454
ENSG00000241186,-0.004860559,0.925134524
ENSG00000241218,0.062574932,0.395428218
ENSG00000241233,-0.03039994,0.545548459
ENSG00000241255,-0.015785398,0.781194085
ENSG00000241258,-0.022658219,0.790401565
ENSG00000241269,-0.024558832,0.696497643
ENSG00000241278,-0.076226621,0.407865081
ENSG00000241282,-0.00740028,0.874844947
ENSG00000241288,-0.084886054,0.501910114
ENSG00000241293,0.047348098,0.615238949
ENSG00000241313,-0.00525581,0.930206404
ENSG00000241316,0.011055797,0.93152493
ENSG00000241322,0.056935577,0.328043551
ENSG00000241335,0.083831603,NA
ENSG00000241343,-0.048088292,0.70879082
ENSG00000241352,0.002480317,0.980051096
ENSG00000241360,0.03533849,0.449019646
ENSG00000241362,0.00826345,0.90868098
ENSG00000241370,0.036417251,0.709083746
ENSG00000241399,-1.553464907,7.91E-07
ENSG00000241404,0.02761249,0.811790921
ENSG00000241411,-0.008397841,0.878851236
ENSG00000241429,0.132616361,0.338046352
ENSG00000241431,-0.083323181,0.292273886
ENSG00000241458,0.049543884,0.703430753
ENSG00000241464,-0.02540709,0.699441365
ENSG00000241468,-0.002520713,0.981480701
ENSG00000241472,0.081538946,0.444658822
ENSG00000241478,0.020210448,0.76238514
ENSG00000241481,0.528926696,0.020772248
ENSG00000241484,0.020123979,0.682015945
ENSG00000241489,0.222238934,0.133492601
ENSG00000241494,0.208807821,0.16400337
ENSG00000241500,0.300447075,0.060280657
ENSG00000241506,-0.024109814,0.763428978
ENSG00000241511,-0.006444662,0.924499691
ENSG00000241528,0.073471434,0.316667672
ENSG00000241532,0.023112755,0.672283217
ENSG00000241547,0.01768233,0.806553009
ENSG00000241549,0.439696107,0.017205446
ENSG00000241553,-0.417869681,0.001746257
ENSG00000241556,0.022466167,0.852793614
ENSG00000241560,0.007369049,0.880741688
ENSG00000241563,0.022390983,0.693319382
ENSG00000241593,0.030436527,0.540872774
ENSG00000241612,0.109006748,0.413015569
ENSG00000241622,0.009052627,0.827861363
ENSG00000241627,0.140832177,0.294443509
ENSG00000241634,-0.017124347,0.819043752
ENSG00000241644,-0.141478715,0.10456862
ENSG00000241679,0.000788919,0.988162592
ENSG00000241680,-0.049733117,0.563098808
ENSG00000241684,0.014638762,0.905642237
ENSG00000241685,-0.014438878,0.856527828
ENSG00000241697,-0.111178073,0.25652886
ENSG00000241720,0.013206681,0.766473428
ENSG00000241732,0.039093152,0.695584949
ENSG00000241741,0.041897672,0.747279384
ENSG00000241749,-0.232989595,0.128355816
ENSG00000241764,0.003036686,0.980061755
ENSG00000241769,0.043283692,0.741850052
ENSG00000241781,-0.018874469,0.763881761
ENSG00000241837,0.066509152,0.522354408
ENSG00000241838,-0.002423068,0.971040893
ENSG00000241839,0.009898164,0.937612048
ENSG00000241847,0.062701881,0.238735955
ENSG00000241852,-0.089021586,0.504891114
ENSG00000241859,-0.000551452,0.98927575
ENSG00000241860,0.310672172,0.067173546
ENSG00000241878,-0.311867047,0.006127311
ENSG00000241886,-0.050769175,0.487586167
ENSG00000241889,0.090961261,0.444936242
ENSG00000241923,0.015277739,0.858239846
ENSG00000241935,-0.298211152,0.07318915
ENSG00000241945,-0.103435096,0.301310347
ENSG00000241962,0.04830014,0.539636456
ENSG00000241973,0.18717039,0.014057845
ENSG00000241975,0.051312028,0.612417495
ENSG00000241978,-0.298590559,0.059333003
ENSG00000241985,-0.04013802,0.336407468
ENSG00000241990,-0.898295794,0.005338789
ENSG00000242013,-0.016353125,0.898622239
ENSG00000242017,0.053006309,0.615643722
ENSG00000242028,-0.058123329,0.638668572
ENSG00000242060,-0.078885128,0.467778424
ENSG00000242067,-0.052561017,0.437861894
ENSG00000242068,0.066389402,0.547063518
ENSG00000242071,0.04745719,0.65537763
ENSG00000242083,-0.017277397,0.886833205
ENSG00000242085,0.035034973,0.568739912
ENSG00000242086,0.086585411,0.390877908
ENSG00000242100,-0.010937294,0.89173043
ENSG00000242110,-0.190365472,0.179294922
ENSG00000242114,-0.060772069,0.356649282
ENSG00000242125,-0.503352614,0.001133839
ENSG00000242173,0.070958402,0.147656249
ENSG00000242193,0.018178372,0.88790513
ENSG00000242198,0.084857646,0.471320602
ENSG00000242220,-0.063030286,0.319515709
ENSG00000242221,0.022837041,0.675623921
ENSG00000242242,0.02428069,0.765810613
ENSG00000242247,-0.00957973,0.914299301
ENSG00000242252,0.05920791,0.19747748
ENSG00000242259,0.071421201,0.580892912
ENSG00000242262,0.007250134,0.956871027
ENSG00000242265,0.907404765,6.42E-08
ENSG00000242276,0.016996516,0.737791622
ENSG00000242282,0.580392591,0.008029124
ENSG00000242294,-0.020319468,0.870308816
ENSG00000242296,0.009512557,0.828136689
ENSG00000242299,0.026254358,0.838940113
ENSG00000242308,-0.026244654,0.784216555
ENSG00000242327,-0.035113888,0.559512277
ENSG00000242337,0.07309185,0.459128255
ENSG00000242338,0.111175908,0.212982841
ENSG00000242349,0.052041199,0.53616239
ENSG00000242372,0.004562534,0.967004073
ENSG00000242375,0.073892574,0.577878393
ENSG00000242384,0.047059221,0.713636018
ENSG00000242419,0.11799584,0.309786285
ENSG00000242445,0.009097022,0.943391797
ENSG00000242457,0.086024375,0.503077563
ENSG00000242474,-0.013780533,0.883051371
ENSG00000242477,-0.028153532,0.779894979
ENSG00000242485,-0.099764908,0.289260749
ENSG00000242498,-0.003642302,0.970553176
ENSG00000242516,-0.00441223,0.957281285
ENSG00000242531,0.044152547,0.406432939
ENSG00000242539,-0.972915749,7.33E-09
ENSG00000242553,0.018806741,0.865530683
ENSG00000242562,-0.068056805,0.235907386
ENSG00000242569,-0.00213819,0.956217638
ENSG00000242571,-0.055785224,0.634099457
ENSG00000242574,0.022638952,0.72510778
ENSG00000242588,0.052671753,0.687868254
ENSG00000242600,-0.278806167,0.086431319
ENSG00000242607,0.025287672,0.787703547
ENSG00000242611,0.06267518,0.539492652
ENSG00000242612,-0.058436004,0.657098952
ENSG00000242615,0.057357107,0.49018201
ENSG00000242616,-0.008636134,0.887562675
ENSG00000242622,-0.018539499,0.872377565
ENSG00000242659,-0.002810631,0.954372396
ENSG00000242660,0.007837603,0.901113081
ENSG00000242661,0.042710163,0.625803352
ENSG00000242667,-0.052787515,0.200387845
ENSG00000242687,-0.09760107,0.467062174
ENSG00000242689,-0.054395889,0.534458952
ENSG00000242692,0.01837885,0.817018318
ENSG00000242697,-0.061409125,0.592680417
ENSG00000242712,0.009286267,0.889494589
ENSG00000242715,0.072583371,0.506134061
ENSG00000242716,0.083831603,NA
ENSG00000242732,-0.357188751,0.029491096
ENSG00000242747,0.010529697,0.83362233
ENSG00000242759,-0.114128276,0.371018735
ENSG00000242779,0.262614569,0.097110513
ENSG00000242798,0.014349605,0.855296383
ENSG00000242802,-0.267722581,0.006353688
ENSG00000242808,-0.002305519,0.96530721
ENSG00000242814,0.116051144,0.349899418
ENSG00000242852,0.077470253,0.194643007
ENSG00000242858,0.020073089,0.677772212
ENSG00000242861,-0.07532878,0.566781191
ENSG00000242866,0.019816873,0.79015313
ENSG00000242876,0.026200266,0.594345356
ENSG00000242882,-0.003591357,0.942166455
ENSG00000242899,-0.023893873,0.623216264
ENSG00000242902,-0.028886454,0.737984385
ENSG00000242950,0.106954828,0.305838757
ENSG00000242951,-0.066923344,0.501254948
ENSG00000242952,0.172018697,0.226707141
ENSG00000242960,-0.205267987,0.131850408
ENSG00000242970,0.004753526,0.971324183
ENSG00000242992,-0.091727565,0.422546254
ENSG00000243004,0.417360178,0.032357124
ENSG00000243007,-0.001801909,0.985480277
ENSG00000243014,-0.042800473,0.45359675
ENSG00000243015,-0.010205957,0.907837042
ENSG00000243024,0.176635986,0.097943973
ENSG00000243055,-0.10987554,0.259220588
ENSG00000243056,-0.07389246,0.500448643
ENSG00000243071,-0.073978457,0.558922258
ENSG00000243083,0.067562726,0.389448833
ENSG00000243094,-0.001123729,0.983464419
ENSG00000243107,-0.007473563,0.868217877
ENSG00000243130,0.049199603,0.457662996
ENSG00000243137,0.019778379,NA
ENSG00000243144,0.008910586,0.885833284
ENSG00000243147,-0.102834707,0.374859112
ENSG00000243151,0.013970342,0.840604723
ENSG00000243155,-0.088990741,0.267280381
ENSG00000243156,0.412280205,0.016340886
ENSG00000243167,0.137047661,0.15531761
ENSG00000243175,-0.038592724,0.60319865
ENSG00000243176,0.112050238,0.321743326
ENSG00000243181,0.02025625,0.872775331
ENSG00000243199,0.07667462,0.516282813
ENSG00000243224,-0.008499042,0.897795457
ENSG00000243230,0.079265989,0.154762284
ENSG00000243232,0.015661438,0.692554949
ENSG00000243243,-0.015727366,0.793190362
ENSG00000243244,-1.366011854,3.18E-10
ENSG00000243279,0.260312211,0.043132316
ENSG00000243284,0.100452668,0.283257233
ENSG00000243289,0.073598053,0.539085884
ENSG00000243302,0.097373575,0.449190298
ENSG00000243304,-0.004389337,0.946693138
ENSG00000243307,0.029211258,0.339825616
ENSG00000243312,0.010581121,0.869721186
ENSG00000243317,-0.164594721,0.204716786
ENSG00000243319,0.026333691,0.588235664
ENSG00000243323,0.191612608,0.096258677
ENSG00000243335,0.134819174,0.206619478
ENSG00000243339,0.005028241,0.922994733
ENSG00000243364,0.709739757,0.000887041
ENSG00000243368,0.000545375,0.997444231
ENSG00000243389,-0.030603588,0.48376853
ENSG00000243403,0.075080194,0.441151952
ENSG00000243406,-0.028599534,0.80256178
ENSG00000243415,0.027726648,0.587695574
ENSG00000243422,-0.002596895,0.973316321
ENSG00000243431,0.047264279,0.601191666
ENSG00000243433,0.081529066,0.199747267
ENSG00000243440,-0.015392105,0.754472314
ENSG00000243444,-0.100814899,0.316382631
ENSG00000243449,-0.238708786,0.121553436
ENSG00000243452,0.091812463,0.281127277
ENSG00000243464,0.300447075,0.060280657
ENSG00000243477,0.071742989,0.579411537
ENSG00000243480,-0.165996075,0.147728026
ENSG00000243485,0.08733966,0.304139849
ENSG00000243498,0.016665208,0.787798721
ENSG00000243517,-0.207950515,0.15711846
ENSG00000243538,-0.047309844,0.615284533
ENSG00000243547,-0.076302101,0.563449485
ENSG00000243554,0.116534247,0.390665573
ENSG00000243566,-0.027150693,0.786250482
ENSG00000243574,-0.09102347,0.079670455
ENSG00000243587,-0.039768797,0.668207254
ENSG00000243642,0.061637324,0.280677502
ENSG00000243646,-0.165236158,0.103346615
ENSG00000243648,-0.012867722,0.841178159
ENSG00000243649,0.275678153,0.088901244
ENSG00000243650,0.099718614,0.234183066
ENSG00000243660,-0.004922972,0.968280473
ENSG00000243663,-0.007340966,0.893712619
ENSG00000243667,-0.129401262,0.308995523
ENSG00000243674,0.048111879,0.543690269
ENSG00000243678,-0.052559358,0.609954749
ENSG00000243679,-0.034076472,0.792528927
ENSG00000243680,0.001830239,0.983257685
ENSG00000243696,-0.01935311,0.831391233
ENSG00000243697,0.02506913,0.797274417
ENSG00000243701,0.096079835,0.471439891
ENSG00000243708,0.023407317,0.708194414
ENSG00000243710,-0.05317716,0.426769006
ENSG00000243711,0.043094353,0.622847287
ENSG00000243716,-0.065639851,0.597771286
ENSG00000243721,-0.043302197,0.708530156
ENSG00000243725,0.036044326,0.760735515
ENSG00000243738,-0.014033032,0.74236202
ENSG00000243742,2.033852713,4.90E-08
ENSG00000243746,0.037563525,0.616266795
ENSG00000243753,-0.048992477,0.699849512
ENSG00000243759,0.343799218,0.015385351
ENSG00000243775,0.073533406,0.172643702
ENSG00000243789,0.021770071,0.699504566
ENSG00000243795,0.019390697,0.650173323
ENSG00000243797,-0.029442098,0.610197902
ENSG00000243802,-0.135572508,0.29027153
ENSG00000243811,-0.118232567,0.358955643
ENSG00000243819,0.111548205,0.218492823
ENSG00000243824,0.027277974,0.809698919
ENSG00000243829,-0.045877664,0.674471441
ENSG00000243830,-0.005992284,0.881139904
ENSG00000243859,0.049387161,0.523694562
ENSG00000243894,0.031043694,0.717308826
ENSG00000243896,0.04177918,0.647342713
ENSG00000243899,0.249552392,0.102575417
ENSG00000243904,0.119027231,0.357226294
ENSG00000243910,0.074427533,0.335568694
ENSG00000243918,-0.069988158,0.427227467
ENSG00000243926,0.053661094,0.479224928
ENSG00000243927,0.206088998,0.155117132
ENSG00000243943,0.324347384,0.006422734
ENSG00000243960,-0.035849956,0.674281997
ENSG00000243964,-0.040253088,0.756870434
ENSG00000243970,0.043375635,0.690964867
ENSG00000243974,-0.124103183,0.072065656
ENSG00000243978,-0.009736075,0.936774347
ENSG00000243989,0.120791382,0.325412854
ENSG00000244004,0.009475399,0.846489873
ENSG00000244005,-0.08099589,0.499691098
ENSG00000244009,-0.155411281,0.241423911
ENSG00000244021,0.141841099,0.213013346
ENSG00000244026,0.032222998,0.79577412
ENSG00000244038,0.012717912,0.860534942
ENSG00000244040,0.13465981,0.014383935
ENSG00000244041,0.225928054,0.129125656
ENSG00000244045,-0.06109123,0.64220123
ENSG00000244050,0.063926077,0.519305538
ENSG00000244052,0.029162531,0.603045019
ENSG00000244055,-0.047025209,0.660563815
ENSG00000244056,0.362218707,0.047791101
ENSG00000244063,0.034345409,0.475918713
ENSG00000244073,0.042088292,0.592129548
ENSG00000244086,-0.082033215,0.533584675
ENSG00000244104,0.030826282,0.626041597
ENSG00000244119,-0.042325832,0.674366699
ENSG00000244124,0.017930761,0.804625293
ENSG00000244151,0.008567989,0.887495246
ENSG00000244153,-0.014260175,0.85181004
ENSG00000244161,-0.055018184,0.610424693
ENSG00000244165,-0.283889969,0.084170789
ENSG00000244167,0.004781245,0.950526818
ENSG00000244171,0.39062758,0.010239996
ENSG00000244180,0.013970342,0.840604723
ENSG00000244187,0.028984852,0.821346515
ENSG00000244198,0.017649092,0.890573258
ENSG00000244218,0.225888577,0.060978118
ENSG00000244219,0.033982577,0.785043841
ENSG00000244234,-0.062930461,0.203029595
ENSG00000244242,0.118516865,0.378760055
ENSG00000244245,-0.068272867,0.595431205
ENSG00000244251,0.000646665,0.989683179
ENSG00000244256,-0.003626868,0.942345145
ENSG00000244257,-0.230049165,0.109029532
ENSG00000244274,-0.176069623,0.16809997
ENSG00000244291,0.076446998,0.551654905
ENSG00000244300,0.031319622,0.811604115
ENSG00000244301,-1.577304344,0.00205597
ENSG00000244306,0.015428823,0.864445519
ENSG00000244313,-0.026442965,0.83088035
ENSG00000244357,0.044078633,0.415131576
ENSG00000244363,0.072076702,0.506166399
ENSG00000244371,0.154745103,0.265785457
ENSG00000244381,0.017435252,0.891340783
ENSG00000244393,0.080284867,0.456381516
ENSG00000244398,0.078947734,0.548730186
ENSG00000244405,-0.691858725,0.000656652
ENSG00000244414,-0.409258535,0.016395631
ENSG00000244425,0.046431206,0.436730465
ENSG00000244459,-0.18746215,0.16697623
ENSG00000244462,-0.594890613,1.01E-06
ENSG00000244479,0.040624633,0.746364868
ENSG00000244480,0.025516114,0.83393354
ENSG00000244482,0.013823987,0.771357576
ENSG00000244485,-0.080080445,0.153626476
ENSG00000244486,-0.454615413,0.003214627
ENSG00000244490,-1.022535375,3.03E-05
ENSG00000244509,0.24031581,0.112453096
ENSG00000244513,-0.229023511,0.120515077
ENSG00000244515,0.018892206,0.73459099
ENSG00000244527,0.065483981,0.620304381
ENSG00000244538,0.03465567,0.718989421
ENSG00000244556,0.025420709,0.603713145
ENSG00000244558,0.09434494,0.380176165
ENSG00000244560,0.137404477,0.27709614
ENSG00000244567,-0.184354992,0.191818985
ENSG00000244582,0.026622827,0.820512265
ENSG00000244586,0.254179339,0.078094956
ENSG00000244593,-0.005147402,0.916582672
ENSG00000244604,0.064587337,0.429411805
ENSG00000244607,-0.445022677,0.028425498
ENSG00000244617,-0.088458795,0.490080921
ENSG00000244625,0.107144048,0.409017293
ENSG00000244627,-0.039574615,0.760279012
ENSG00000244668,0.026516536,0.61744729
ENSG00000244675,0.093636821,0.277039048
ENSG00000244682,0.069277391,0.30175059
ENSG00000244687,-0.016697209,0.895665003
ENSG00000244693,-0.09680006,0.39442832
ENSG00000244694,0.250554292,0.098303691
ENSG00000244701,-0.030552181,0.747669664
ENSG00000244716,0.074723936,0.473417212
ENSG00000244722,-0.003196275,0.964901433
ENSG00000244723,0.047142413,0.439624815
ENSG00000244731,0.236361188,0.121491488
ENSG00000244733,-0.458233359,0.021495043
ENSG00000244738,0.12997783,0.039565547
ENSG00000244752,-0.007141068,0.918867745
ENSG00000244754,0.047278898,0.610644957
ENSG00000244879,0.035709945,0.786685266
ENSG00000244926,0.04036864,0.633461833
ENSG00000244932,-0.015456484,0.894137053
ENSG00000244945,0.039443941,0.698897348
ENSG00000244952,0.021660334,0.798938988
ENSG00000244968,0.006077366,0.946839305
ENSG00000245025,0.059572509,0.534232311
ENSG00000245060,-0.052683295,0.628493432
ENSG00000245105,0.084757101,0.46166521
ENSG00000245112,-0.026881214,0.696135835
ENSG00000245146,0.040137799,0.744945746
ENSG00000245148,-0.048480323,0.568869719
ENSG00000245149,0.073708265,0.57877314
ENSG00000245156,-0.085300203,0.363597952
ENSG00000245205,0.043270957,0.729924593
ENSG00000245213,-0.032636906,0.758596961
ENSG00000245248,0.019062008,0.772070305
ENSG00000245275,-0.109443868,0.394263139
ENSG00000245281,-0.012993336,0.899617271
ENSG00000245317,-0.186724258,0.163403741
ENSG00000245322,0.025436402,0.686218335
ENSG00000245468,0.085990443,0.400095263
ENSG00000245479,0.059837392,0.269159458
ENSG00000245498,0.160958595,0.248250186
ENSG00000245522,-0.005028911,0.96673329
ENSG00000245532,0.333329141,0.037083311
ENSG00000245534,0.057343598,0.298909295
ENSG00000245552,-0.287395871,0.077319703
ENSG00000245556,-0.006285676,0.958940889
ENSG00000245571,0.140248491,0.271289906
ENSG00000245573,0.083428699,0.524876386
ENSG00000245598,0.105433139,0.199236691
ENSG00000245614,0.096349783,0.317434061
ENSG00000245648,0.018468895,0.571543954
ENSG00000245651,0.071980409,0.567093947
ENSG00000245662,-0.018115606,0.806112487
ENSG00000245667,0.160428026,0.10431971
ENSG00000245680,0.098920301,0.375772129
ENSG00000245685,0.01774877,0.808776218
ENSG00000245694,0.058269596,0.544629615
ENSG00000245711,0.073052353,0.434545842
ENSG00000245748,0.124171736,0.095756573
ENSG00000245750,0.002946218,0.963216714
ENSG00000245812,-1.471166307,2.90E-06
ENSG00000245849,0.137378812,0.321167824
ENSG00000245888,0.15529043,0.109916186
ENSG00000245904,-0.001623913,0.984337196
ENSG00000245910,-0.014283652,0.909600994
ENSG00000245937,-0.004187232,0.968232664
ENSG00000245958,0.232454698,0.124176123
ENSG00000245970,0.010639384,0.920049097
ENSG00000245975,-0.095256035,0.289171456
ENSG00000246067,0.075988101,0.567823479
ENSG00000246082,0.024360607,0.749245363
ENSG00000246089,0.071877207,0.583697352
ENSG00000246090,-0.197334527,0.175674711
ENSG00000246100,0.102058537,0.171966633
ENSG00000246130,0.015733337,0.759289112
ENSG00000246174,0.401778161,0.037689875
ENSG00000246203,-0.021106868,0.869826997
ENSG00000246223,0.008850179,0.863507387
ENSG00000246228,-0.083312139,0.16285232
ENSG00000246250,-0.036302237,0.51609094
ENSG00000246263,-0.2493325,0.106676595
ENSG00000246273,-0.226788195,0.059509975
ENSG00000246308,0.108572072,0.310764959
ENSG00000246331,0.027283861,0.651684776
ENSG00000246334,-0.04029221,0.591041486
ENSG00000246339,0.175109029,0.072028843
ENSG00000246366,0.06810525,0.470323745
ENSG00000246375,-0.040844439,0.5035289
ENSG00000246430,-2.010481279,2.23E-18
ENSG00000246448,0.022407787,0.755571097
ENSG00000246451,-0.105396307,0.410213578
ENSG00000246477,0.149019032,0.104822184
ENSG00000246523,-0.091546174,0.347567639
ENSG00000246526,-0.024894808,0.59510875
ENSG00000246548,-0.012718824,0.844686441
ENSG00000246560,-0.105332246,0.417807222
ENSG00000246575,0.003980153,0.975489776
ENSG00000246582,-0.034535104,0.746037547
ENSG00000246596,-0.245774731,0.110834935
ENSG00000246627,0.264489283,0.053587009
ENSG00000246640,-0.05080676,0.540625793
ENSG00000246662,0.010301258,0.932761381
ENSG00000246695,-0.297949378,0.050212392
ENSG00000246705,-0.704227605,0.000109199
ENSG00000246731,0.072447552,0.490004527
ENSG00000246763,1.3475439,1.61E-06
ENSG00000246777,-0.085041447,0.309474886
ENSG00000246792,0.014159682,0.879136861
ENSG00000246859,0.407107704,0.007560478
ENSG00000246863,0.059069988,0.174772321
ENSG00000246877,0.004632468,0.933988207
ENSG00000246889,0.067362709,0.582516691
ENSG00000246922,0.110598692,0.410443216
ENSG00000246982,0.409546529,0.036375023
ENSG00000246985,-0.042460161,0.726393342
ENSG00000247077,-0.252360814,0.02696337
ENSG00000247081,-0.502531817,0.021880669
ENSG00000247092,-0.093470377,0.479245891
ENSG00000247095,-0.170813006,0.224525199
ENSG00000247121,0.048433443,0.651507168
ENSG00000247134,0.013661569,0.821277983
ENSG00000247137,0.083610711,0.468485991
ENSG00000247157,0.076623824,0.462258462
ENSG00000247199,0.02523501,0.750883435
ENSG00000247228,-0.13572859,0.315879014
ENSG00000247240,0.179975883,0.19593982
ENSG00000247271,0.092934499,0.476943141
ENSG00000247311,-2.440960936,3.62E-08
ENSG00000247317,0.173936323,0.119193607
ENSG00000247324,0.046370569,0.495483392
ENSG00000247345,-0.01000926,0.842541131
ENSG00000247373,-0.00828006,0.933627357
ENSG00000247400,0.03744812,0.750692246
ENSG00000247473,0.014572798,0.765782228
ENSG00000247498,0.059905164,0.572019631
ENSG00000247516,0.085522711,0.516352806
ENSG00000247556,-0.194097245,0.047165303
ENSG00000247570,0.052693511,0.533338134
ENSG00000247572,0.468103885,0.0123433
ENSG00000247595,-0.130646869,0.240059118
ENSG00000247596,-0.054557399,0.67488389
ENSG00000247624,0.001904207,0.980381338
ENSG00000247626,-0.271546197,0.085208552
ENSG00000247627,-0.007753683,NA
ENSG00000247675,-0.043969194,0.483339045
ENSG00000247679,-0.020455486,0.873270771
ENSG00000247708,0.116348943,0.39225441
ENSG00000247728,0.067316594,0.479805048
ENSG00000247735,0.188067529,0.109758606
ENSG00000247746,0.87748063,2.98E-05
ENSG00000247765,0.049884487,0.132619109
ENSG00000247796,0.655459426,0.000615565
ENSG00000247809,-0.041073862,0.750456759
ENSG00000247828,0.136450636,0.312938695
ENSG00000247853,-0.500931726,0.017164943
ENSG00000247903,-0.824542483,0.000612636
ENSG00000247934,-0.028328979,0.796808706
ENSG00000247950,0.066357467,0.575738064
ENSG00000247970,-0.085580574,0.254730351
ENSG00000247982,-0.256883403,0.1038985
ENSG00000248008,0.27226479,0.076021385
ENSG00000248015,-0.112115889,0.13990241
ENSG00000248019,-0.168361695,0.203416066
ENSG00000248049,0.107562636,0.404272538
ENSG00000248050,-0.015834749,0.784195919
ENSG00000248079,0.231887547,0.098874852
ENSG00000248092,0.215310832,0.10527722
ENSG00000248103,0.0037853,0.951959053
ENSG00000248113,-0.074233725,0.570429506
ENSG00000248121,0.078932246,0.471168429
ENSG00000248124,0.19582882,0.137471428
ENSG00000248126,0.012784319,0.910050021
ENSG00000248144,-1.066831887,3.24E-07
ENSG00000248155,0.012495197,0.849043317
ENSG00000248159,0.035818172,0.563925954
ENSG00000248161,0.093964312,0.359922131
ENSG00000248175,-0.145866659,0.292573606
ENSG00000248180,-0.014567331,0.84421914
ENSG00000248187,-3.018278811,0.00012834
ENSG00000248206,0.073732113,0.328209685
ENSG00000248208,0.015181319,0.769082821
ENSG00000248213,0.053256674,0.668195152
ENSG00000248222,-0.059349561,0.221584547
ENSG00000248240,0.025678607,0.670749533
ENSG00000248254,0.01761428,0.753807469
ENSG00000248256,0.009740331,0.830857525
ENSG00000248257,0.058459779,0.378535126
ENSG00000248265,0.032686859,0.500167747
ENSG00000248275,-0.09520471,0.476032391
ENSG00000248278,0.190562692,0.113878877
ENSG00000248280,0.094721572,0.360232335
ENSG00000248290,0.15124289,0.244767811
ENSG00000248309,0.060509808,0.425102605
ENSG00000248323,-0.025821268,0.472407287
ENSG00000248333,-0.073012959,0.501032825
ENSG00000248334,-0.146903881,0.288897355
ENSG00000248356,-0.033669557,0.517068055
ENSG00000248360,-0.015626526,0.745367834
ENSG00000248367,0.196008759,0.026559862
ENSG00000248375,-0.09597608,0.102303067
ENSG00000248388,0.011329649,0.867392627
ENSG00000248415,-0.004401964,0.93283501
ENSG00000248429,-0.112080461,0.394366665
ENSG00000248441,-0.007814008,0.890391442
ENSG00000248445,-0.007667958,0.90831664
ENSG00000248449,-0.016341013,0.765167115
ENSG00000248458,0.008309921,0.901673814
ENSG00000248472,-0.031254814,0.71094827
ENSG00000248476,0.100600125,0.315684582
ENSG00000248477,0.247355197,0.109058352
ENSG00000248485,0.056344515,0.291841206
ENSG00000248487,0.092570606,0.450376856
ENSG00000248489,0.041360131,0.679882736
ENSG00000248503,-0.00900231,0.902594573
ENSG00000248508,0.083915215,0.522127243
ENSG00000248527,-0.095441896,0.407769904
ENSG00000248530,-0.113751019,0.103034258
ENSG00000248554,-0.006285449,0.926981377
ENSG00000248557,-0.025946065,0.747994362
ENSG00000248559,-0.018181641,0.763191203
ENSG00000248569,-0.109961579,0.416460772
ENSG00000248578,-0.019039196,0.731694257
ENSG00000248583,0.014686841,0.794115321
ENSG00000248587,-0.075807281,0.556373628
ENSG00000248592,-0.031529209,0.665982437
ENSG00000248593,0.160313975,0.256951658
ENSG00000248626,-0.021117444,0.758688739
ENSG00000248632,0.034084167,0.766308946
ENSG00000248641,0.009534848,0.908650497
ENSG00000248648,0.057059372,0.198959006
ENSG00000248668,-0.057848019,0.290579933
ENSG00000248671,0.121675205,0.244441625
ENSG00000248677,0.078034489,0.405188515
ENSG00000248690,0.048353058,0.673492539
ENSG00000248697,0.030651232,0.789915495
ENSG00000248712,0.006933031,0.95319011
ENSG00000248714,0.073119121,0.13473214
ENSG00000248719,-0.005430674,0.945929919
ENSG00000248727,0.020399222,0.718232376
ENSG00000248734,-0.037619162,0.705411499
ENSG00000248746,-0.012456321,0.787094916
ENSG00000248769,-0.034698473,0.556544279
ENSG00000248773,0.00059981,0.992306102
ENSG00000248774,-0.124656135,0.133799081
ENSG00000248780,0.02961593,0.752180518
ENSG00000248781,0.023318319,0.760687103
ENSG00000248785,-0.125441471,0.126970919
ENSG00000248787,0.015001329,0.86477996
ENSG00000248794,0.015647597,0.800132421
ENSG00000248795,-0.082334303,0.473748858
ENSG00000248801,-0.013149952,0.866214616
ENSG00000248810,-0.009219713,NA
ENSG00000248830,-0.085076626,0.477038389
ENSG00000248835,-0.001036451,0.991864834
ENSG00000248840,-0.009497448,0.841336414
ENSG00000248854,-0.018877689,0.710663461
ENSG00000248866,-0.170268936,0.233807825
ENSG00000248869,0.293311956,0.021714127
ENSG00000248873,-0.134257309,0.319457733
ENSG00000248874,-0.011107272,0.82833219
ENSG00000248890,0.01548502,0.872102184
ENSG00000248893,0.3119601,0.034034186
ENSG00000248905,0.122381342,0.369352531
ENSG00000248923,-0.075400577,0.524902752
ENSG00000248925,-0.012012419,0.85790126
ENSG00000248927,-0.265256988,0.066053766
ENSG00000248932,0.621678075,0.00904507
ENSG00000248936,-0.035390315,0.465641446
ENSG00000248966,0.081330877,0.486374438
ENSG00000248971,0.01013307,0.914303127
ENSG00000248988,-0.004161063,0.917804766
ENSG00000248996,-0.076978568,0.282013054
ENSG00000249014,-0.056373691,0.53778873
ENSG00000249026,0.075057313,0.289474285
ENSG00000249031,0.029592975,0.535747362
ENSG00000249035,-0.004544036,0.954931941
ENSG00000249042,0.349702149,0.04206177
ENSG00000249054,0.298604484,0.030571586
ENSG00000249087,0.257249034,0.093497627
ENSG00000249096,-0.057094362,0.272777718
ENSG00000249115,0.535016082,0.001730457
ENSG00000249119,-0.351855051,0.03544501
ENSG00000249129,0.067665459,0.530765846
ENSG00000249142,-0.010499817,0.908907006
ENSG00000249156,-0.022664106,0.131923723
ENSG00000249188,0.042570216,0.354147273
ENSG00000249193,-0.03462515,0.55324921
ENSG00000249207,0.012434543,0.820114368
ENSG00000249210,-0.064259406,0.202066749
ENSG00000249214,0.019704582,0.59520713
ENSG00000249230,0.155459281,0.242258806
ENSG00000249242,-0.121130724,0.175507275
ENSG00000249244,0.017507521,0.846754509
ENSG00000249245,0.122480449,0.332435517
ENSG00000249249,0.096925146,0.309936952
ENSG00000249252,-0.032227078,0.608899021
ENSG00000249258,-0.031974246,0.648220904
ENSG00000249264,0.179861904,0.110019053
ENSG00000249272,-0.000239442,0.996547179
ENSG00000249286,-0.025459321,0.763181756
ENSG00000249288,-0.004688315,0.897556231
ENSG00000249304,-0.038604032,0.552535948
ENSG00000249307,-0.167581129,0.036562941
ENSG00000249341,-0.172524047,0.038528889
ENSG00000249348,-0.010392256,0.929560321
ENSG00000249353,0.139762544,0.225250822
ENSG00000249356,-0.00351405,0.964972447
ENSG00000249357,-0.033939769,0.085612032
ENSG00000249364,-4.515328753,2.41E-05
ENSG00000249375,0.053459532,0.285507308
ENSG00000249379,-0.002443585,0.963757488
ENSG00000249406,0.031957164,0.596036844
ENSG00000249417,0.043985549,0.550083943
ENSG00000249437,0.196671619,0.180252243
ENSG00000249456,-0.119443414,0.196232778
ENSG00000249459,0.384178535,0.00648028
ENSG00000249464,-0.040574385,0.647224544
ENSG00000249465,-0.015996698,0.861923321
ENSG00000249471,0.160551366,0.238777556
ENSG00000249476,-0.041515478,0.4972185
ENSG00000249485,0.001411114,0.991786069
ENSG00000249489,-0.031760256,0.543316871
ENSG00000249492,0.022537078,0.723013842
ENSG00000249502,-0.01490476,0.824642623
ENSG00000249506,0.015160698,0.807433702
ENSG00000249532,-0.055664786,0.295577416
ENSG00000249565,-0.326434252,0.014296444
ENSG00000249572,-0.010568877,0.903781331
ENSG00000249592,0.030593988,0.810539026
ENSG00000249604,-0.006450656,0.936084718
ENSG00000249609,-0.056597663,0.318133819
ENSG00000249626,0.201152328,0.106546632
ENSG00000249628,-0.027655094,0.679249692
ENSG00000249633,0.002015959,0.974842546
ENSG00000249635,0.006256861,0.915435325
ENSG00000249661,0.046231608,0.456895634
ENSG00000249669,-0.174352665,0.225402037
ENSG00000249673,0.284864379,0.020133669
ENSG00000249684,-0.009551194,0.908962884
ENSG00000249685,0.012455041,0.865259141
ENSG00000249693,0.077235454,0.420341708
ENSG00000249700,-0.053137374,0.667080356
ENSG00000249706,-0.147068472,0.206810178
ENSG00000249709,-0.039637817,0.426143356
ENSG00000249713,0.006918488,0.911931158
ENSG00000249715,0.12336776,0.273732617
ENSG00000249740,-0.068096814,0.539213922
ENSG00000249741,0.027332532,0.833769319
ENSG00000249755,0.040140133,0.412130993
ENSG00000249767,0.0759989,0.183812727
ENSG00000249776,0.097980919,0.281905857
ENSG00000249790,0.006620882,NA
ENSG00000249835,0.108930268,0.226185678
ENSG00000249839,0.713817283,0.000115875
ENSG00000249846,0.078493344,0.442047703
ENSG00000249852,-0.04242587,0.526609234
ENSG00000249855,0.03242713,0.790061374
ENSG00000249858,0.04014229,0.652867035
ENSG00000249859,-0.045970221,0.723123645
ENSG00000249863,-0.033486475,0.652261115
ENSG00000249868,0.055616531,0.657029514
ENSG00000249889,0.038988982,0.601146612
ENSG00000249898,0.033729257,0.743763034
ENSG00000249908,0.018848765,0.788601467
ENSG00000249911,0.071091965,0.218230253
ENSG00000249915,-0.197592375,0.042974593
ENSG00000249923,0.035551021,0.441876201
ENSG00000249931,0.200461619,0.174968093
ENSG00000249936,-0.171283526,0.068981818
ENSG00000249937,0.164862857,0.170036601
ENSG00000249947,0.039721635,0.505581865
ENSG00000249948,-0.137500263,0.039493092
ENSG00000249965,-0.006965675,0.892089501
ENSG00000249978,0.084314062,0.155743151
ENSG00000249984,0.032464468,0.413342624
ENSG00000249986,-0.023556118,0.604734041
ENSG00000249992,0.451425764,0.010109205
ENSG00000249996,0.002753913,0.975373675
ENSG00000250012,-0.008780852,0.892507795
ENSG00000250015,0.013449738,0.810346313
ENSG00000250027,0.051863065,0.422405234
ENSG00000250030,-0.004395246,0.964805289
ENSG00000250031,-0.032361689,0.568240354
ENSG00000250033,0.238312438,0.027512707
ENSG00000250041,0.292637722,0.03104793
ENSG00000250067,-0.0573963,0.645168387
ENSG00000250073,-0.012804813,0.801435362
ENSG00000250090,0.133283655,0.110794321
ENSG00000250091,0.393998348,0.021732541
ENSG00000250107,-0.005162783,0.930427531
ENSG00000250111,-0.010050079,0.917323736
ENSG00000250116,0.148285944,0.238910986
ENSG00000250120,-0.031033653,0.561998627
ENSG00000250131,0.009242381,0.901992408
ENSG00000250132,0.417432273,0.021324504
ENSG00000250138,0.063835681,0.524246219
ENSG00000250144,0.032589752,0.701370995
ENSG00000250159,0.078862395,0.291652259
ENSG00000250182,0.052622776,0.6868823
ENSG00000250198,0.156513808,0.026973671
ENSG00000250220,0.045626337,0.528133698
ENSG00000250222,-0.00037764,0.994191519
ENSG00000250227,-0.138165474,0.276306598
ENSG00000250240,-0.130006912,0.158519735
ENSG00000250241,0.015421905,0.741351472
ENSG00000250251,-0.30171619,0.036596469
ENSG00000250273,-0.074532432,0.572593172
ENSG00000250280,-0.006801639,0.876126542
ENSG00000250286,0.230708659,0.037143583
ENSG00000250295,0.041904834,0.716559678
ENSG00000250303,0.140841108,0.257039764
ENSG00000250305,0.056354305,0.667257154
ENSG00000250312,0.02534376,0.844766836
ENSG00000250317,0.081679509,0.434452759
ENSG00000250318,-0.095931557,0.42080465
ENSG00000250320,-0.189666307,0.159704515
ENSG00000250321,0.09711283,0.316566965
ENSG00000250326,0.203971724,0.089431512
ENSG00000250327,0.106974728,0.193712379
ENSG00000250332,-0.069362102,0.44032406
ENSG00000250337,0.160234898,0.200883693
ENSG00000250343,0.105219605,0.03287445
ENSG00000250365,-0.050667667,0.558608991
ENSG00000250397,0.187752228,0.185161775
ENSG00000250403,0.047511332,0.573398539
ENSG00000250404,0.236554577,0.074093338
ENSG00000250410,0.0192734,0.722861871
ENSG00000250412,0.030509217,0.795555001
ENSG00000250444,-0.049382218,0.521765038
ENSG00000250461,0.182448033,0.208877559
ENSG00000250462,-0.026191211,0.816284995
ENSG00000250470,0.002194972,0.973295713
ENSG00000250471,0.085197338,0.524956532
ENSG00000250474,-0.028413589,0.727999678
ENSG00000250479,0.064032847,0.625184722
ENSG00000250483,0.087515351,0.384463591
ENSG00000250486,0.117007669,0.190838737
ENSG00000250492,0.005607669,0.964154711
ENSG00000250506,-0.003631986,0.965473093
ENSG00000250508,0.05653614,0.280497197
ENSG00000250510,0.151053378,0.229426605
ENSG00000250535,-0.039899328,0.717844715
ENSG00000250536,-0.184701585,0.192138724
ENSG00000250539,0.237060293,0.026783834
ENSG00000250548,0.030963951,0.480923317
ENSG00000250551,0.091416189,0.055390976
ENSG00000250565,0.019363452,0.883131952
ENSG00000250568,0.021906259,0.81708216
ENSG00000250569,0.065179863,0.512994623
ENSG00000250571,0.022191177,0.851785838
ENSG00000250575,0.131990669,0.214574853
ENSG00000250588,-0.699134051,0.008250502
ENSG00000250602,-0.06971887,0.410691144
ENSG00000250608,-0.0167852,0.841683856
ENSG00000250616,-0.162695051,0.111388676
ENSG00000250645,0.088125185,0.136019609
ENSG00000250651,0.086043687,0.144869242
ENSG00000250657,2.531761121,0.001594167
ENSG00000250658,0.018329525,0.66770754
ENSG00000250659,-0.00683562,0.897360011
ENSG00000250687,0.219702281,0.134622754
ENSG00000250722,-0.311969566,0.053102377
ENSG00000250731,-0.057102057,0.623879625
ENSG00000250742,-0.004082237,0.951086287
ENSG00000250746,-0.025580392,0.832059335
ENSG00000250748,-0.005623182,0.959355826
ENSG00000250764,0.039273385,0.444888799
ENSG00000250765,-0.021457171,0.785167399
ENSG00000250786,0.0667476,0.615238616
ENSG00000250790,-0.038488226,0.575646233
ENSG00000250794,0.04030741,0.689423255
ENSG00000250802,0.154703599,0.155144759
ENSG00000250821,-0.004026947,0.935909128
ENSG00000250829,0.029787663,0.631777354
ENSG00000250846,-0.000288394,0.993763833
ENSG00000250848,0.036035922,0.783799557
ENSG00000250859,-0.115653212,0.222667673
ENSG00000250867,-0.023261573,0.726633173
ENSG00000250878,0.010001887,0.854906115
ENSG00000250889,-0.250788786,0.048272206
ENSG00000250892,0.0280673,0.716327686
ENSG00000250896,-0.285420898,0.0613041
ENSG00000250899,-0.866045124,0.000166748
ENSG00000250903,0.34472366,0.022300393
ENSG00000250906,-0.035675042,0.430040928
ENSG00000250909,0.009807319,0.844129529
ENSG00000250910,0.017743553,0.711240573
ENSG00000250918,-0.035033398,0.595972761
ENSG00000250927,0.025125402,0.30917814
ENSG00000250934,-2.545732742,0.000721657
ENSG00000250938,-0.033729181,0.692875685
ENSG00000250950,0.07597766,0.475737231
ENSG00000250959,0.018365481,0.887709011
ENSG00000250961,-0.133137837,0.027405478
ENSG00000250966,0.165866252,0.240478151
ENSG00000250971,-0.037712929,0.518535885
ENSG00000250978,-6.157446875,4.15E-21
ENSG00000250979,0.142503483,0.177136733
ENSG00000250982,0.003946374,0.943441677
ENSG00000250988,0.002882415,0.975546923
ENSG00000250990,-0.019392849,0.832399324
ENSG00000250999,0.020926797,0.822386858
ENSG00000251000,0.015517129,0.79273908
ENSG00000251003,0.195578615,0.021757321
ENSG00000251007,-0.023261573,0.726633173
ENSG00000251022,-0.040757918,0.746421577
ENSG00000251023,-0.026087154,0.706430638
ENSG00000251034,-0.384398482,0.033079542
ENSG00000251050,0.083436983,0.282392563
ENSG00000251056,0.005694161,0.891926963
ENSG00000251066,-0.013619539,0.894139341
ENSG00000251070,0.17222946,0.230717001
ENSG00000251073,-0.030273946,0.582535332
ENSG00000251079,0.265276246,0.091159462
ENSG00000251095,-0.051831078,0.447037994
ENSG00000251102,0.011191926,0.932035131
ENSG00000251136,-0.053119705,0.682238615
ENSG00000251141,0.17481518,0.225996412
ENSG00000251143,0.030081843,0.771281267
ENSG00000251144,0.01008583,0.896034021
ENSG00000251155,0.022249059,0.745544626
ENSG00000251158,0.000805453,0.992491615
ENSG00000251161,-0.074664243,0.23632494
ENSG00000251179,-0.010213675,0.933670606
ENSG00000251180,0.079273575,0.304962513
ENSG00000251188,0.025313611,0.623128944
ENSG00000251192,0.083359821,0.491133866
ENSG00000251194,0.125226563,0.298924528
ENSG00000251196,0.0059163,0.958405616
ENSG00000251209,-0.005421247,0.877532594
ENSG00000251229,0.001905366,0.971306783
ENSG00000251247,-0.127795171,0.321445268
ENSG00000251257,-0.036078309,0.62023531
ENSG00000251258,0.014635014,0.688587693
ENSG00000251259,-0.078818973,0.504432898
ENSG00000251271,0.038142209,0.596004654
ENSG00000251273,-0.060159455,0.632200054
ENSG00000251279,0.055579037,0.2480001
ENSG00000251287,0.011291635,0.921852196
ENSG00000251288,0.005016115,0.913479897
ENSG00000251301,-0.344062872,0.007934777
ENSG00000251314,0.071852273,0.531142711
ENSG00000251322,0.169941844,0.219682572
ENSG00000251323,0.071085735,0.155686941
ENSG00000251330,0.008311523,0.918320817
ENSG00000251333,-0.114545659,0.382094019
ENSG00000251348,-0.364824869,0.041824581
ENSG00000251359,0.151085956,0.195822355
ENSG00000251364,-0.089767336,0.469217156
ENSG00000251369,0.125365958,0.337182958
ENSG00000251396,0.007506494,0.946663079
ENSG00000251400,-0.317608738,0.062500113
ENSG00000251402,0.026135664,0.754726941
ENSG00000251411,-0.048171849,0.48011949
ENSG00000251414,-0.008861866,0.926237247
ENSG00000251417,-0.051303834,0.655852585
ENSG00000251429,-0.16750416,0.20037972
ENSG00000251432,0.244522152,0.115907688
ENSG00000251442,0.080868505,0.494910883
ENSG00000251450,0.006354241,0.911339876
ENSG00000251451,-0.015161322,0.722367284
ENSG00000251455,0.040493875,0.600899349
ENSG00000251474,0.070810422,0.504488648
ENSG00000251485,-0.007003156,0.896619139
ENSG00000251493,0.01425647,0.877774588
ENSG00000251495,-0.113787116,0.379390363
ENSG00000251510,0.047257124,0.38789671
ENSG00000251520,0.019431593,0.697712261
ENSG00000251523,-0.043564418,0.507064292
ENSG00000251533,0.007967102,0.896188256
ENSG00000251548,-0.201121071,0.171975885
ENSG00000251555,0.045366468,0.54590529
ENSG00000251562,0.018655872,0.860791905
ENSG00000251580,-0.045838086,0.64916376
ENSG00000251593,-0.034819269,0.78844763
ENSG00000251595,-0.015202888,0.862165899
ENSG00000251596,-0.014565393,0.7742975
ENSG00000251600,-0.012600778,0.887484477
ENSG00000251602,0.540861472,0.004489855
ENSG00000251615,0.042987186,0.742159136
ENSG00000251624,-0.027794549,0.807921709
ENSG00000251632,0.012808791,0.82413064
ENSG00000251634,0.267008357,0.084788068
ENSG00000251661,0.045966385,0.714919239
ENSG00000251666,-0.051039425,0.430517822
ENSG00000251667,0.029147295,0.60869491
ENSG00000251669,0.706719696,0.003401151
ENSG00000251675,-0.039532436,0.652749041
ENSG00000251728,-0.005471395,0.919302532
ENSG00000251739,0.066793377,0.353611851
ENSG00000251768,-0.003904741,0.943218048
ENSG00000251775,-0.049052002,0.339830631
ENSG00000251795,-0.018202981,0.870434965
ENSG00000251819,0.052116798,0.215479317
ENSG00000251867,-0.167023054,0.22016106
ENSG00000251991,0.112216911,0.023107895
ENSG00000251992,0.010968254,0.840538494
ENSG00000251994,0.003472952,0.961447108
ENSG00000252026,-0.087357033,0.203906809
ENSG00000252105,-0.01387023,0.854853995
ENSG00000252106,0.014541651,0.732658721
ENSG00000252149,0.05344568,0.569400155
ENSG00000252150,0.045381333,0.454317007
ENSG00000252192,-0.003653286,0.948886499
ENSG00000252328,0.005404074,0.928849084
ENSG00000252412,-0.069347503,0.277759369
ENSG00000252419,0.042115898,0.692733083
ENSG00000252447,0.130703711,0.29841756
ENSG00000252448,0.032411829,0.503324964
ENSG00000252464,-0.014054559,0.86513103
ENSG00000252473,-0.003922622,0.938593081
ENSG00000252481,-0.078765079,0.284809434
ENSG00000252498,0.064671544,0.455901266
ENSG00000252503,0.018278699,0.720130079
ENSG00000252516,0.093056302,0.167678816
ENSG00000252645,-0.021362887,0.848471805
ENSG00000252690,0.005753183,0.948039619
ENSG00000252743,-0.017650152,0.694837625
ENSG00000252754,0.048026887,0.606338426
ENSG00000252755,-0.044895133,0.358177041
ENSG00000252817,0.026193487,0.735201364
ENSG00000252827,0.001655177,0.978660132
ENSG00000252916,-0.034297232,0.477546783
ENSG00000252925,0.062138649,0.465487617
ENSG00000252981,-0.023745878,0.656355909
ENSG00000253051,-0.077740929,0.390931967
ENSG00000253102,-0.042138205,0.454922065
ENSG00000253106,-0.02564888,0.841918362
ENSG00000253139,-1.928423736,0.000370784
ENSG00000253141,-0.195386197,0.013298829
ENSG00000253159,0.011190266,0.889053503
ENSG00000253161,0.087077988,0.282406971
ENSG00000253166,-0.002392121,0.966652309
ENSG00000253167,0.014666376,0.823884727
ENSG00000253180,-0.054741991,0.455898764
ENSG00000253193,0.019023008,0.756452396
ENSG00000253200,-0.08413492,0.507266463
ENSG00000253203,0.423892186,0.014267034
ENSG00000253204,-0.009963997,0.898442563
ENSG00000253210,0.245142001,0.076588894
ENSG00000253227,0.038421328,0.364549701
ENSG00000253250,0.073426396,0.578448124
ENSG00000253251,0.015344932,0.897053973
ENSG00000253263,-0.057162777,0.236323192
ENSG00000253276,-1.101865635,4.31E-06
ENSG00000253284,0.011728628,0.816534381
ENSG00000253302,0.74948252,0.011544903
ENSG00000253304,-0.531609809,0.014331285
ENSG00000253305,0.086064673,0.496022291
ENSG00000253307,0.018252803,0.633269301
ENSG00000253309,-0.051736511,0.686944055
ENSG00000253317,-0.068111121,0.268935578
ENSG00000253320,0.152760522,0.252840329
ENSG00000253326,0.13919127,0.276544454
ENSG00000253327,0.049900038,0.612476477
ENSG00000253330,-0.008981543,0.871644604
ENSG00000253333,0.146071367,0.22242622
ENSG00000253341,-0.105435694,0.374919276
ENSG00000253347,-0.02020826,0.692058452
ENSG00000253352,0.081423566,0.494970737
ENSG00000253366,0.456284233,0.00803518
ENSG00000253368,-1.908227508,3.83E-16
ENSG00000253379,0.052923258,0.451541487
ENSG00000253384,0.049549691,0.604336688
ENSG00000253390,0.01118545,0.859898328
ENSG00000253392,-0.057126389,0.261834545
ENSG00000253406,0.025021344,0.562344047
ENSG00000253414,-0.115138499,0.264539411
ENSG00000253439,-0.238519858,0.058234216
ENSG00000253459,0.040951967,0.48768452
ENSG00000253476,-0.542313496,0.009810758
ENSG00000253483,0.001105268,0.985355596
ENSG00000253485,-0.030828038,0.790988428
ENSG00000253492,0.161577141,0.231557536
ENSG00000253496,0.209431151,0.07780354
ENSG00000253507,0.122888718,0.020733415
ENSG00000253520,-0.019442459,0.822490842
ENSG00000253537,0.014858112,0.902646243
ENSG00000253540,0.907330956,0.001905117
ENSG00000253541,-0.193990315,0.186260023
ENSG00000253552,-0.041849483,0.747338591
ENSG00000253555,-0.023396124,0.635198897
ENSG00000253557,0.079747652,0.066210544
ENSG00000253559,-0.208551929,0.078999133
ENSG00000253570,0.123184463,0.303875141
ENSG00000253576,-0.017631274,0.779077519
ENSG00000253598,0.043313279,0.527027629
ENSG00000253606,0.060347253,0.262459743
ENSG00000253608,0.172995318,0.071354736
ENSG00000253616,0.063845944,0.174653897
ENSG00000253620,0.222412711,0.048299024
ENSG00000253626,-0.095780253,0.455318491
ENSG00000253633,0.086391418,0.260449185
ENSG00000253636,0.030984581,0.75368063
ENSG00000253641,0.012215759,0.810663737
ENSG00000253661,0.046374282,0.605915645
ENSG00000253667,-0.003584321,0.956624009
ENSG00000253669,0.150426287,0.156579765
ENSG00000253671,-0.023633671,0.712597939
ENSG00000253676,0.241464592,0.116436153
ENSG00000253680,0.01388459,0.710569306
ENSG00000253683,-0.195335542,0.10889405
ENSG00000253688,0.022884508,0.740002781
ENSG00000253704,0.06576875,0.389183904
ENSG00000253710,-0.076531143,0.556716942
ENSG00000253716,-0.207890088,0.157935539
ENSG00000253719,-0.008367626,0.92054125
ENSG00000253721,0.040609003,0.420336213
ENSG00000253729,0.036406117,0.739599858
ENSG00000253731,0.087798145,0.482263751
ENSG00000253738,0.159210209,0.115406484
ENSG00000253741,0.578192998,0.016448973
ENSG00000253746,0.002028365,0.964000504
ENSG00000253767,-0.007080495,0.94416652
ENSG00000253771,0.198852998,0.077550914
ENSG00000253785,0.234804598,0.128633611
ENSG00000253797,-0.011296181,0.908158812
ENSG00000253816,0.481824394,0.012008793
ENSG00000253819,0.013901587,0.83557093
ENSG00000253829,-0.005546489,0.943363566
ENSG00000253831,0.087504631,0.348019012
ENSG00000253833,-1.046621491,1.01E-05
ENSG00000253837,0.115128531,0.3035583
ENSG00000253846,0.123337935,0.338023049
ENSG00000253853,0.08294504,0.293451306
ENSG00000253854,0.021434293,0.863412693
ENSG00000253864,-0.081264391,0.391485855
ENSG00000253869,-0.107485448,0.395573625
ENSG00000253873,0.002168343,0.988326369
ENSG00000253878,0.234288555,0.11129808
ENSG00000253882,-0.379211766,0.03175881
ENSG00000253893,-0.04050987,0.729918557
ENSG00000253896,0.025516779,0.572251895
ENSG00000253899,-0.245257645,0.114481813
ENSG00000253900,0.039206526,0.731322366
ENSG00000253908,0.027100399,0.620112403
ENSG00000253910,-0.026377032,0.798392101
ENSG00000253919,0.050081211,0.672540782
ENSG00000253921,-0.164258556,0.105052067
ENSG00000253930,-0.010931643,0.857576871
ENSG00000253934,0.078325204,0.126274059
ENSG00000253948,-0.060467999,0.626244842
ENSG00000253953,0.036701015,0.76030034
ENSG00000253954,0.029976842,0.752356723
ENSG00000253955,-0.041104755,0.619981318
ENSG00000253958,-0.004564256,0.969229148
ENSG00000253967,0.011995701,0.751120553
ENSG00000253968,-0.095579837,0.12889051
ENSG00000253981,-0.028260781,0.728263063
ENSG00000253982,0.317774209,0.021198136
ENSG00000253986,-0.007053054,0.894020853
ENSG00000254002,-0.014566866,0.760114092
ENSG00000254004,0.401952902,0.002609688
ENSG00000254012,-0.036580427,0.645810025
ENSG00000254013,0.017518995,0.790682019
ENSG00000254016,0.106572259,0.315227839
ENSG00000254023,0.026867287,0.602733993
ENSG00000254035,0.064560496,0.360790515
ENSG00000254041,0.000678502,0.988787487
ENSG00000254042,0.047361255,0.475481945
ENSG00000254064,-0.246198593,0.109486542
ENSG00000254087,-0.478102514,0.011475976
ENSG00000254093,-0.175116521,0.220074383
ENSG00000254109,-0.825298186,0.000934749
ENSG00000254122,0.061723187,0.629721776
ENSG00000254133,-0.035597405,0.565600767
ENSG00000254138,0.030593766,0.532815288
ENSG00000254139,0.160279809,0.052909295
ENSG00000254154,0.211784061,0.072610974
ENSG00000254162,-0.020428685,0.771495262
ENSG00000254165,-0.022628745,0.804404495
ENSG00000254184,0.02291725,0.856719119
ENSG00000254185,-0.133265917,0.286390483
ENSG00000254192,-0.014290582,0.887678922
ENSG00000254198,0.015118778,0.892204023
ENSG00000254206,-0.073863834,0.55421836
ENSG00000254207,0.025604512,0.552428959
ENSG00000254221,0.057196515,0.663698696
ENSG00000254226,-0.087488919,0.107437239
ENSG00000254229,-0.039658136,0.317837936
ENSG00000254231,-0.038855719,0.458861191
ENSG00000254244,0.03134044,0.77162929
ENSG00000254245,0.012108405,0.924417029
ENSG00000254254,-1.300450123,2.72E-05
ENSG00000254258,0.038241703,0.674839524
ENSG00000254267,-0.026596731,0.597309273
ENSG00000254276,-0.014934673,0.820431506
ENSG00000254278,-0.038987412,0.613966732
ENSG00000254281,-0.002075538,0.970176463
ENSG00000254285,-0.021408989,0.747273921
ENSG00000254288,0.042256996,0.336999602
ENSG00000254290,-0.083186321,0.24279638
ENSG00000254300,-0.036847493,0.736146505
ENSG00000254319,0.287075606,0.058237119
ENSG00000254331,0.01931785,0.694840747
ENSG00000254332,-0.849352869,3.81E-10
ENSG00000254333,-0.002786733,0.952685682
ENSG00000254335,0.160443129,0.233498046
ENSG00000254336,-0.003609581,0.965715987
ENSG00000254343,-0.034722522,0.555723196
ENSG00000254352,-0.066585115,0.428241078
ENSG00000254353,-0.186629201,0.175530452
ENSG00000254362,0.015076522,0.683304839
ENSG00000254363,-0.073136132,0.437758477
ENSG00000254369,0.034617845,0.499516942
ENSG00000254373,-0.059347835,0.419187591
ENSG00000254374,0.05408202,0.678411084
ENSG00000254389,0.010345536,0.847315366
ENSG00000254398,-0.06934175,0.485697793
ENSG00000254409,0.049692258,0.371407093
ENSG00000254418,0.003016302,0.96102845
ENSG00000254419,-0.019732669,0.781462742
ENSG00000254428,0.250761089,0.107368361
ENSG00000254429,-0.027268634,0.778844669
ENSG00000254433,0.035827832,0.686274061
ENSG00000254447,-0.028523188,0.669479834
ENSG00000254458,-0.023251284,0.724318118
ENSG00000254461,-0.05300667,0.616730079
ENSG00000254463,0.015998142,0.768504407
ENSG00000254468,0.025070764,0.567821762
ENSG00000254469,0.169101101,0.220600442
ENSG00000254470,-0.56950333,0.001659961
ENSG00000254473,0.244871144,0.11555022
ENSG00000254477,-0.085468284,0.218503121
ENSG00000254480,0.092969844,0.153718131
ENSG00000254481,-0.032563639,0.512456112
ENSG00000254502,-0.108306225,0.107041088
ENSG00000254505,0.065495549,0.586503534
ENSG00000254506,-0.150802291,0.075959624
ENSG00000254509,-0.006198952,0.93984978
ENSG00000254510,-0.414969242,0.012328745
ENSG00000254527,0.129891801,0.086811821
ENSG00000254531,0.114738892,0.395577074
ENSG00000254535,0.174513407,0.167397767
ENSG00000254539,-0.425035927,0.030856734
ENSG00000254545,-0.006011186,0.931387115
ENSG00000254554,-0.300952824,0.072946875
ENSG00000254577,0.022532505,0.817660531
ENSG00000254595,0.031678602,0.787738299
ENSG00000254598,0.103053971,0.410839965
ENSG00000254602,-0.079221883,0.538636297
ENSG00000254604,0.036280251,0.586002604
ENSG00000254605,0.011034382,0.865222341
ENSG00000254612,-0.173916798,0.144039228
ENSG00000254614,-0.062902571,0.581683326
ENSG00000254615,-0.259828211,0.101352164
ENSG00000254634,-0.097243279,0.453798589
ENSG00000254635,-0.129057036,0.317573776
ENSG00000254648,0.093159539,0.077922904
ENSG00000254656,0.004836406,0.928373195
ENSG00000254662,0.077085573,0.167841166
ENSG00000254667,0.029463306,0.628047772
ENSG00000254671,-0.009742722,0.87517651
ENSG00000254676,0.064426915,0.394954584
ENSG00000254681,-0.208398614,0.150767112
ENSG00000254682,-0.011337867,0.901423507
ENSG00000254685,0.033440775,0.757734525
ENSG00000254690,0.0171192,0.87686733
ENSG00000254691,0.032068213,0.458342535
ENSG00000254694,-0.024041787,0.66365733
ENSG00000254701,0.539068429,0.001561231
ENSG00000254702,-0.060190512,0.36824594
ENSG00000254715,-0.031767272,0.616947292
ENSG00000254717,-0.02738514,0.550010733
ENSG00000254718,-0.085123853,0.379919562
ENSG00000254719,-0.442821894,0.003707433
ENSG00000254726,1.861218058,1.88E-07
ENSG00000254731,-0.015359381,0.811425078
ENSG00000254732,0.039713478,0.485817455
ENSG00000254739,-0.015792443,0.804021275
ENSG00000254759,0.024101925,0.84541534
ENSG00000254783,0.05119589,0.57280348
ENSG00000254788,-0.008890415,0.859395592
ENSG00000254810,0.048982268,0.690172354
ENSG00000254812,0.036509032,0.392561227
ENSG00000254815,-0.042067189,0.317038297
ENSG00000254827,0.228658669,0.120540931
ENSG00000254837,0.098216848,0.464563905
ENSG00000254838,-0.121525881,0.238305753
ENSG00000254842,-2.362364083,0.000203938
ENSG00000254847,-0.054314853,0.426406576
ENSG00000254851,-0.993757341,0.000173731
ENSG00000254852,-0.238713011,0.050758547
ENSG00000254855,-0.063351198,0.355033126
ENSG00000254858,-0.393215844,0.004899872
ENSG00000254859,0.021341845,0.764029263
ENSG00000254860,-0.050449395,0.696403129
ENSG00000254862,0.08694905,0.189733941
ENSG00000254876,-0.020458061,0.834906464
ENSG00000254893,-0.367162218,0.000723903
ENSG00000254901,0.195885565,0.14348682
ENSG00000254909,0.131060432,0.258669538
ENSG00000254910,-0.077138477,0.554235096
ENSG00000254911,-0.010726494,0.879498345
ENSG00000254912,-0.01959185,0.727773585
ENSG00000254941,0.033342963,0.725293871
ENSG00000254944,0.073063544,0.386664731
ENSG00000254951,-0.033556436,0.351391587
ENSG00000254966,-0.019470497,0.768491571
ENSG00000254978,-0.010066908,0.866411325
ENSG00000254981,-0.122801969,0.233466004
ENSG00000254982,-0.032878508,0.694125114
ENSG00000254986,-0.404939915,0.00044156
ENSG00000254987,-1.790910716,0.001895807
ENSG00000254990,-0.073247907,0.264570071
ENSG00000254995,-0.127977455,0.220946159
ENSG00000254996,0.024597204,0.825601461
ENSG00000254997,0.041682308,0.381534161
ENSG00000254999,-0.047769162,0.512190621
ENSG00000255008,-0.083151051,0.41370411
ENSG00000255015,-0.014876437,0.76596696
ENSG00000255031,-0.434133623,0.02699478
ENSG00000255042,0.074974815,0.265352981
ENSG00000255046,-0.013841004,0.872914299
ENSG00000255050,-0.091021952,0.104885172
ENSG00000255052,0.004910512,0.966751488
ENSG00000255059,0.003985349,0.954505189
ENSG00000255062,0.098515778,0.399725133
ENSG00000255085,0.067777776,0.218322085
ENSG00000255089,0.005518774,0.896833367
ENSG00000255090,0.583978557,0.010750308
ENSG00000255100,-0.233110093,0.056925377
ENSG00000255103,0.097973142,0.454350313
ENSG00000255112,-0.15123652,0.137872929
ENSG00000255121,0.02892784,0.797127541
ENSG00000255122,-0.036884132,0.568090952
ENSG00000255135,0.103295051,0.392212666
ENSG00000255139,0.040486392,0.58938719
ENSG00000255142,0.072203197,0.553899866
ENSG00000255145,0.096213168,0.188795316
ENSG00000255148,0.087992593,0.434340636
ENSG00000255150,-0.057438929,0.585372727
ENSG00000255153,0.134000541,0.241465527
ENSG00000255158,0.036378351,0.482453087
ENSG00000255165,0.045671811,0.379871221
ENSG00000255176,-0.117692762,0.255563371
ENSG00000255182,0.066215198,0.402747658
ENSG00000255185,0.039051132,0.618302237
ENSG00000255191,-0.024303386,0.766023583
ENSG00000255197,-0.703072557,0.007492118
ENSG00000255198,0.082071729,0.528354994
ENSG00000255200,-0.031468442,0.770594226
ENSG00000255201,-0.081539819,0.523076304
ENSG00000255213,0.031754093,0.622279788
ENSG00000255224,-0.014925675,0.8997975
ENSG00000255229,0.060122736,0.421050352
ENSG00000255234,0.034595068,0.453362378
ENSG00000255237,0.003197166,0.960155515
ENSG00000255248,-0.012814136,0.911250189
ENSG00000255277,0.228741822,0.098718688
ENSG00000255282,0.018602041,0.684671712
ENSG00000255284,0.160694023,0.243473345
ENSG00000255302,0.055785663,0.574526914
ENSG00000255306,-0.045952283,0.595233126
ENSG00000255310,-0.009915613,0.926507181
ENSG00000255318,-0.029208099,0.692031778
ENSG00000255320,0.04456498,0.722805522
ENSG00000255322,-0.010248884,0.860583275
ENSG00000255326,0.049637508,0.361155235
ENSG00000255328,0.060063587,0.36529819
ENSG00000255337,-0.066775075,0.393948818
ENSG00000255345,-0.046106474,0.521309919
ENSG00000255346,0.147817308,0.164455652
ENSG00000255355,0.080977407,0.168479833
ENSG00000255364,0.049290289,0.408883901
ENSG00000255366,-0.064012293,0.207364688
ENSG00000255387,0.000445897,0.995345831
ENSG00000255389,-0.096783914,0.465674497
ENSG00000255397,0.17645922,0.060477808
ENSG00000255399,0.207103811,0.120620175
ENSG00000255408,-0.027736017,0.727183281
ENSG00000255423,-0.031716411,0.785347127
ENSG00000255434,0.024399443,0.679028056
ENSG00000255443,-0.004338166,0.956719538
ENSG00000255444,-0.136623939,0.156981477
ENSG00000255445,0.063591549,0.388894154
ENSG00000255449,0.046271778,0.341545654
ENSG00000255455,-0.249662066,0.082345544
ENSG00000255458,0.17782253,0.113636934
ENSG00000255468,0.013181764,0.89965694
ENSG00000255471,-0.049199642,0.703326388
ENSG00000255495,-0.103924902,0.427709431
ENSG00000255500,-0.026397358,0.761967974
ENSG00000255503,0.067514091,0.257999386
ENSG00000255507,0.048174144,0.231863281
ENSG00000255508,0.34636553,0.053390292
ENSG00000255517,-0.057139721,0.650210045
ENSG00000255521,0.123172081,0.212587329
ENSG00000255524,0.07849007,0.555268268
ENSG00000255529,-0.056653493,0.596901951
ENSG00000255537,-0.009930408,0.841013157
ENSG00000255542,0.045039802,0.593047152
ENSG00000255548,-0.028695218,0.60874177
ENSG00000255549,0.344823566,0.012015604
ENSG00000255557,-0.05550886,0.176222131
ENSG00000255559,0.136462782,0.151363291
ENSG00000255561,0.20918655,0.138635847
ENSG00000255566,0.056191551,0.371128239
ENSG00000255568,0.072237415,0.40222463
ENSG00000255585,0.004162126,0.945485086
ENSG00000255587,0.080338724,0.126610164
ENSG00000255621,0.033350535,0.405391924
ENSG00000255622,0.065265591,0.391861268
ENSG00000255624,-0.010350357,0.896485633
ENSG00000255633,0.082551734,0.448900824
ENSG00000255642,0.072764224,0.563028657
ENSG00000255651,0.68457454,0.012964481
ENSG00000255669,0.02447006,0.72176848
ENSG00000255670,-0.043772009,0.547592371
ENSG00000255710,0.032608669,0.519426396
ENSG00000255717,0.171495937,0.065952145
ENSG00000255725,-0.027127585,0.797759077
ENSG00000255737,0.011883197,0.922237441
ENSG00000255741,-0.070091416,0.314144712
ENSG00000255748,0.10451209,0.317200068
ENSG00000255769,0.427336258,0.01878245
ENSG00000255823,-0.031488824,0.805305734
ENSG00000255836,-0.003418133,0.981094384
ENSG00000255837,0.008179812,0.926971852
ENSG00000255857,0.782336935,0.01013974
ENSG00000255864,-0.088501961,0.382421721
ENSG00000255867,-0.013433899,0.909503069
ENSG00000255874,0.280864374,0.072695322
ENSG00000255883,0.000180009,0.999764888
ENSG00000255893,-0.021119476,0.850855317
ENSG00000255909,-0.170591173,0.142973135
ENSG00000255920,0.00374409,0.971118374
ENSG00000255966,0.040490967,0.586446267
ENSG00000255967,-0.22907367,0.064886743
ENSG00000255970,0.003511027,0.963403075
ENSG00000255974,0.229533924,0.095691508
ENSG00000255986,-0.069627628,0.045144179
ENSG00000255989,-0.017865904,0.832145517
ENSG00000255992,0.038342849,0.587893253
ENSG00000255993,0.087896515,0.505320111
ENSG00000256001,-0.002868141,0.962213515
ENSG00000256006,-0.078357596,0.181257587
ENSG00000256030,-0.012974058,0.831360142
ENSG00000256043,-0.096518942,0.450982215
ENSG00000256050,0.098907942,0.392640412
ENSG00000256053,-0.072402268,0.514489706
ENSG00000256060,-0.055787161,0.668877088
ENSG00000256061,0.134731969,0.103115536
ENSG00000256073,0.035716225,0.780739515
ENSG00000256083,-0.066707608,0.209541149
ENSG00000256087,0.156946769,0.162714586
ENSG00000256092,0.076468061,0.522595419
ENSG00000256116,0.045507962,0.240359736
ENSG00000256124,0.107145508,0.264835388
ENSG00000256139,-0.092024037,0.31256146
ENSG00000256148,-0.045052304,0.362646297
ENSG00000256151,-0.014748627,0.805253186
ENSG00000256162,4.62E-06,0.999086046
ENSG00000256164,0.054922402,0.625570159
ENSG00000256167,0.041136571,0.754988071
ENSG00000256185,-0.898913024,0.009068513
ENSG00000256195,-0.087864772,0.09628348
ENSG00000256204,-0.085116529,0.415657046
ENSG00000256210,-0.066305416,0.589052337
ENSG00000256211,-0.050414345,0.555511783
ENSG00000256218,0.070365503,0.176944449
ENSG00000256223,0.501516874,0.005480445
ENSG00000256229,0.062347462,0.616151782
ENSG00000256235,-0.11332636,0.086311371
ENSG00000256238,-0.025896017,0.839988287
ENSG00000256250,0.007131774,0.90293166
ENSG00000256263,0.007464598,0.901827822
ENSG00000256268,-0.056618362,0.621877533
ENSG00000256269,0.010985591,0.928051692
ENSG00000256282,0.079739155,0.381579123
ENSG00000256283,0.001764154,0.972348092
ENSG00000256293,-0.089012623,0.211449689
ENSG00000256294,0.150563447,0.209627297
ENSG00000256299,0.013601131,0.793312644
ENSG00000256304,0.083067004,0.304495123
ENSG00000256323,-0.037437529,0.547879294
ENSG00000256338,0.114079618,0.180150024
ENSG00000256340,1.115193534,9.62E-06
ENSG00000256356,-0.036608835,0.605187345
ENSG00000256360,-6.28E-06,0.998589655
ENSG00000256383,0.099365953,0.447819978
ENSG00000256385,-0.022218788,0.659826764
ENSG00000256393,0.015818859,0.896491015
ENSG00000256433,-0.068901455,0.496936341
ENSG00000256436,0.052270586,0.472448938
ENSG00000256464,-0.016540886,0.765792043
ENSG00000256508,0.088861588,0.49710025
ENSG00000256525,0.030137895,0.811687193
ENSG00000256533,-0.010190671,0.794757876
ENSG00000256546,-0.055064324,0.364721147
ENSG00000256576,0.166784037,0.114271787
ENSG00000256591,0.030831493,0.654326017
ENSG00000256594,-0.014049704,0.912367944
ENSG00000256604,0.100686401,0.246297689
ENSG00000256612,0.088522339,0.437416579
ENSG00000256616,0.840707539,0.001547962
ENSG00000256618,-0.002692319,0.949632438
ENSG00000256625,0.104572411,0.394342755
ENSG00000256628,-0.025653577,0.83787816
ENSG00000256651,-0.004388858,0.945698475
ENSG00000256663,0.021054653,0.848802622
ENSG00000256667,0.526836117,0.005341746
ENSG00000256671,-0.032461708,0.498460119
ENSG00000256683,0.185857187,0.115045181
ENSG00000256690,-0.017861814,0.733709227
ENSG00000256712,-0.135645699,0.146144148
ENSG00000256713,0.136270876,0.101415906
ENSG00000256742,0.097294136,0.180520129
ENSG00000256745,-0.228623999,0.123818032
ENSG00000256771,0.231852662,0.121349379
ENSG00000256802,0.366188612,0.037109756
ENSG00000256810,-0.019468802,0.698876797
ENSG00000256843,-0.248678648,0.091020327
ENSG00000256849,0.071678653,0.269174477
ENSG00000256885,0.027407597,0.810788498
ENSG00000256894,0.013823676,0.805675234
ENSG00000256897,0.059564824,0.52989869
ENSG00000256940,0.002000379,0.965445286
ENSG00000256967,0.007615234,0.954449903
ENSG00000256968,-0.112096018,0.40108279
ENSG00000256973,0.017402592,0.890075996
ENSG00000256977,0.067726825,0.606575375
ENSG00000257017,-0.034812051,0.466360271
ENSG00000257027,-0.001243427,0.991029511
ENSG00000257038,-0.131616205,0.281105876
ENSG00000257043,-0.06516973,0.322969598
ENSG00000257052,0.010196124,0.889440767
ENSG00000257074,-0.109928616,0.41234395
ENSG00000257086,-0.01295895,0.891058785
ENSG00000257088,0.245483526,0.113009831
ENSG00000257093,0.320017193,0.012534397
ENSG00000257103,-0.037587782,0.659688683
ENSG00000257108,-0.003465319,0.976149458
ENSG00000257122,0.106824448,0.422803931
ENSG00000257135,-0.055267188,0.601902429
ENSG00000257139,0.261620068,0.100256097
ENSG00000257150,-0.211397333,0.017844352
ENSG00000257151,0.01203362,0.926520408
ENSG00000257167,0.10358668,0.302710567
ENSG00000257175,-0.246354512,0.049189432
ENSG00000257176,0.008372086,0.936510575
ENSG00000257178,-0.052342869,0.636035503
ENSG00000257179,-0.005304141,0.951440838
ENSG00000257195,-0.022585714,0.766100541
ENSG00000257198,0.034178886,0.559073946
ENSG00000257202,-0.15527035,0.019123715
ENSG00000257207,0.125578075,0.358137453
ENSG00000257218,-0.137643669,0.258621845
ENSG00000257219,-0.133075489,0.245220893
ENSG00000257221,-0.01385119,0.828202568
ENSG00000257222,0.030757548,0.642298007
ENSG00000257243,0.062713297,0.183650803
ENSG00000257246,-0.031704137,0.467084125
ENSG00000257252,0.004032942,0.959570224
ENSG00000257259,0.023422209,0.52736165
ENSG00000257261,-0.185969196,0.166299725
ENSG00000257264,-0.105072909,0.238506409
ENSG00000257267,0.004426888,0.963976213
ENSG00000257270,0.04736493,0.686604804
ENSG00000257283,0.002992467,0.96779013
ENSG00000257285,0.022740952,0.792965886
ENSG00000257298,-0.029494297,0.79913206
ENSG00000257303,0.065220834,0.436657769
ENSG00000257307,-0.020030235,0.826630101
ENSG00000257315,-0.014621362,0.901787379
ENSG00000257322,-0.084522409,0.084008876
ENSG00000257335,0.005946716,0.876857751
ENSG00000257337,0.020098462,0.870282174
ENSG00000257354,-0.070584456,0.499481238
ENSG00000257365,0.24767407,0.071191075
ENSG00000257366,0.074294348,0.151939222
ENSG00000257376,-0.08819537,0.306754798
ENSG00000257381,-0.022335615,0.810981892
ENSG00000257391,0.009816857,0.852639406
ENSG00000257410,-0.133669525,0.209245187
ENSG00000257433,-0.115515582,0.333106134
ENSG00000257443,0.071111463,0.364282207
ENSG00000257456,0.028321936,0.660559825
ENSG00000257489,0.037357174,0.565778041
ENSG00000257496,-0.029474196,0.682169015
ENSG00000257497,0.014736147,0.827064625
ENSG00000257509,-0.019762582,0.730407063
ENSG00000257511,-0.145380324,0.274355478
ENSG00000257513,0.044458472,0.620380964
ENSG00000257524,0.008879104,0.903063266
ENSG00000257526,-0.012925781,0.789145731
ENSG00000257527,0.000461409,0.997448774
ENSG00000257534,-0.034975065,0.542088897
ENSG00000257542,-0.231394089,0.127933095
ENSG00000257543,0.041305109,0.617086981
ENSG00000257551,0.09361438,0.364385087
ENSG00000257556,0.182790275,0.195237239
ENSG00000257557,0.05014951,0.518685574
ENSG00000257563,0.074294348,0.151939222
ENSG00000257564,0.063199943,0.393117586
ENSG00000257573,0.027827284,0.772725625
ENSG00000257576,0.075143095,0.55185653
ENSG00000257591,-0.005307595,0.915366117
ENSG00000257594,-0.016052344,0.884417949
ENSG00000257595,0.065298726,0.221811447
ENSG00000257596,0.088281384,0.164844402
ENSG00000257605,0.013113785,0.911410794
ENSG00000257621,0.125485259,0.264438193
ENSG00000257645,-0.015885964,0.75316621
ENSG00000257647,0.046475503,0.586447946
ENSG00000257671,-0.061510262,0.329063371
ENSG00000257674,-0.200584839,0.140961072
ENSG00000257675,0.02980091,0.568543634
ENSG00000257681,-0.12593274,0.123869059
ENSG00000257696,-0.021801677,0.719517327
ENSG00000257698,0.251061167,0.063448858
ENSG00000257702,0.443302928,0.009303976
ENSG00000257704,-0.044143999,0.732952854
ENSG00000257718,0.025973756,0.689813747
ENSG00000257727,-0.104145325,0.425355512
ENSG00000257732,-0.545796304,0.018092322
ENSG00000257740,0.010168374,0.905091347
ENSG00000257742,-0.090309552,0.449211823
ENSG00000257752,-0.089645168,0.194145745
ENSG00000257773,0.189887054,0.187889378
ENSG00000257790,-0.044156064,0.496820023
ENSG00000257800,0.031938697,0.722356646
ENSG00000257813,-0.009248593,0.878086541
ENSG00000257815,0.085307688,0.486837702
ENSG00000257851,0.044735221,0.646374161
ENSG00000257877,-0.155454707,0.220954121
ENSG00000257884,-0.116497874,0.189144829
ENSG00000257894,-0.186869742,0.013878506
ENSG00000257896,-0.06873835,0.48595795
ENSG00000257907,0.004273569,0.939871161
ENSG00000257913,0.037497664,0.546767883
ENSG00000257923,-0.154558062,0.208916918
ENSG00000257950,-0.115195545,0.24875835
ENSG00000257953,-0.020842028,0.669734279
ENSG00000257956,-0.009904521,0.735163233
ENSG00000258011,0.061712311,0.262408418
ENSG00000258012,-0.053918402,0.52267379
ENSG00000258016,-1.271420178,4.07E-05
ENSG00000258033,-0.055490539,0.176326488
ENSG00000258056,0.319233295,0.041453369
ENSG00000258057,0.071584449,0.524149888
ENSG00000258077,1.836960706,0.004861043
ENSG00000258086,0.028790522,0.625276309
ENSG00000258088,0.026441358,0.578801564
ENSG00000258090,0.02353439,0.657531463
ENSG00000258096,-0.103682798,0.187177261
ENSG00000258100,0.095976916,0.170546511
ENSG00000258101,0.063651632,0.374944971
ENSG00000258102,0.029370796,0.585843214
ENSG00000258130,0.702204681,0.000400608
ENSG00000258136,0.101304824,0.201338549
ENSG00000258142,0.199628166,0.02591458
ENSG00000258150,0.636021079,0.001349868
ENSG00000258153,-0.028797649,0.658768632
ENSG00000258199,0.031763055,0.804675636
ENSG00000258204,-0.088044315,0.045357403
ENSG00000258210,-0.013183819,0.845839054
ENSG00000258230,0.093054105,0.242593029
ENSG00000258231,0.091834619,0.131479876
ENSG00000258289,-0.091682782,0.426244168
ENSG00000258297,0.135196441,0.307511574
ENSG00000258301,-0.076116549,0.515291592
ENSG00000258302,-0.045284313,0.543812641
ENSG00000258308,-0.06241206,0.591374848
ENSG00000258311,0.251249089,0.110919096
ENSG00000258315,0.111435628,0.268747146
ENSG00000258317,-0.00269813,0.964171399
ENSG00000258343,-0.012853402,0.800075107
ENSG00000258354,0.074294348,0.151939222
ENSG00000258357,0.111040856,0.37809522
ENSG00000258359,0.008320601,0.878412952
ENSG00000258365,-0.06921534,0.452384506
ENSG00000258366,0.104309547,0.31882003
ENSG00000258376,-0.024363324,0.841468851
ENSG00000258384,0.050738586,0.238550761
ENSG00000258388,-0.042043565,0.635343997
ENSG00000258397,0.034372777,0.577797851
ENSG00000258399,0.387495555,0.034835385
ENSG00000258405,0.133869262,0.289657377
ENSG00000258410,-0.092303642,0.224535856
ENSG00000258412,1.259461031,0.007342449
ENSG00000258424,-0.008218649,0.926431953
ENSG00000258427,0.098523614,0.458806907
ENSG00000258428,0.052621838,0.283560189
ENSG00000258429,0.017149461,0.835299808
ENSG00000258439,-0.008894084,0.849109113
ENSG00000258441,0.231410684,0.101963243
ENSG00000258450,0.060841491,0.360726703
ENSG00000258454,-0.000865731,0.986823175
ENSG00000258457,2.0050883,0.000401787
ENSG00000258458,0.087941004,0.091707228
ENSG00000258461,-0.077726464,0.506173495
ENSG00000258469,0.045061174,0.647550989
ENSG00000258472,-0.050832486,0.666598424
ENSG00000258477,-0.254902058,0.075293526
ENSG00000258479,0.165170107,0.042109646
ENSG00000258484,-0.223957698,0.139484569
ENSG00000258486,0.010464351,NA
ENSG00000258488,0.045386263,0.700248998
ENSG00000258498,-0.246404476,0.108978564
ENSG00000258515,0.078565766,0.301412139
ENSG00000258520,0.054306201,0.221874675
ENSG00000258521,0.136762425,0.027246131
ENSG00000258537,-0.003710503,0.942832634
ENSG00000258559,0.100293942,0.421152794
ENSG00000258561,0.045090757,0.456090832
ENSG00000258568,0.01883978,0.864819367
ENSG00000258572,-0.006670842,0.930920706
ENSG00000258581,0.006571561,0.939903294
ENSG00000258590,-0.052978073,0.343459784
ENSG00000258591,0.005058114,0.913559926
ENSG00000258605,-0.104731982,0.31082255
ENSG00000258608,-0.060861771,0.615701932
ENSG00000258612,-0.011034121,0.819181189
ENSG00000258613,0.007930633,0.900852805
ENSG00000258623,0.045282597,0.50072378
ENSG00000258628,0.013533609,0.838393051
ENSG00000258634,0.078021888,0.508986377
ENSG00000258636,0.03727105,0.31332847
ENSG00000258643,-0.089907577,0.355087534
ENSG00000258645,-0.006790754,0.952459504
ENSG00000258646,0.036230576,0.595361665
ENSG00000258648,0.038318019,0.515678259
ENSG00000258655,0.081754534,0.433841028
ENSG00000258659,0.030032754,0.608232544
ENSG00000258667,-0.066919175,0.29167028
ENSG00000258675,0.179769993,0.078335778
ENSG00000258679,0.051307394,0.118647991
ENSG00000258682,-0.005624888,0.961305912
ENSG00000258684,0.138995209,0.314531296
ENSG00000258701,0.161928836,0.256194223
ENSG00000258702,0.03648149,0.589614499
ENSG00000258704,0.225765865,0.066463496
ENSG00000258707,-0.025038478,0.778217988
ENSG00000258708,0.138774353,0.254843395
ENSG00000258725,0.011285601,0.844378802
ENSG00000258727,0.077815233,0.463398612
ENSG00000258732,0.006584131,0.921905246
ENSG00000258734,-0.083300219,0.495013491
ENSG00000258736,-0.011264184,0.628480641
ENSG00000258738,0.007279954,0.956128333
ENSG00000258741,-0.02196509,0.847897074
ENSG00000258744,0.038294626,0.656938067
ENSG00000258768,0.076875219,0.542954429
ENSG00000258769,0.187428046,0.044850317
ENSG00000258771,0.034372777,0.577797851
ENSG00000258773,-0.081662337,0.080500978
ENSG00000258777,-0.118164153,0.18031581
ENSG00000258780,0.010454122,0.936958409
ENSG00000258788,0.220729708,0.023245185
ENSG00000258789,-0.043221692,0.560904908
ENSG00000258790,-0.041884221,0.67319602
ENSG00000258793,0.341385307,0.038888935
ENSG00000258811,0.11343813,0.091291545
ENSG00000258819,-0.032187258,0.445143314
ENSG00000258824,0.045202556,0.662245957
ENSG00000258839,-0.177383584,0.210974848
ENSG00000258851,0.019297131,0.715051206
ENSG00000258857,-0.057429915,0.298238929
ENSG00000258875,0.031994131,0.620195556
ENSG00000258881,0.038108374,0.537014243
ENSG00000258890,0.132074847,0.2255417
ENSG00000258895,0.019607431,0.744392601
ENSG00000258896,0.035723873,0.573172179
ENSG00000258900,0.08897993,0.315192316
ENSG00000258904,0.046768369,0.503916523
ENSG00000258920,-0.025639206,0.839181755
ENSG00000258925,0.004669561,0.956800355
ENSG00000258938,-0.039185824,0.705209701
ENSG00000258940,0.017095836,0.732574754
ENSG00000258943,0.028308282,0.593225635
ENSG00000258947,0.295006721,0.072530617
ENSG00000258949,-0.018343462,0.850882669
ENSG00000258952,-0.035085118,0.582632279
ENSG00000258955,0.120005281,0.304261297
ENSG00000258959,0.01406899,0.791422999
ENSG00000258976,0.026835836,0.708230516
ENSG00000258985,-0.031793133,0.784066144
ENSG00000258987,-0.023659085,0.684613166
ENSG00000259000,-0.029685428,0.670974861
ENSG00000259001,0.121318133,0.052471605
ENSG00000259002,-0.028444745,0.727302872
ENSG00000259010,0.010097489,0.922950292
ENSG00000259020,-0.059148309,0.290677187
ENSG00000259022,0.005326518,0.923617342
ENSG00000259030,0.271094961,0.093066875
ENSG00000259032,0.161291286,0.220434551
ENSG00000259036,0.247767204,0.014986377
ENSG00000259051,-0.021098605,0.784086035
ENSG00000259062,0.01162361,0.882255568
ENSG00000259065,-0.023502407,0.797586518
ENSG00000259066,0.010342922,0.843596985
ENSG00000259071,-0.677695812,0.004385867
ENSG00000259081,0.030892927,0.526211103
ENSG00000259086,0.137378597,0.323540304
ENSG00000259088,0.178567529,0.05104223
ENSG00000259091,-0.082374777,0.364899581
ENSG00000259096,-0.01773413,0.808546646
ENSG00000259098,0.034277912,0.392815624
ENSG00000259113,-0.052591472,0.275652341
ENSG00000259116,0.024934413,0.802976945
ENSG00000259118,0.031756831,0.705932407
ENSG00000259134,-0.018525527,0.418573461
ENSG00000259135,-0.034185386,0.440993506
ENSG00000259137,0.003200355,0.980794406
ENSG00000259146,0.481423762,0.025761035
ENSG00000259165,0.024025519,0.647885379
ENSG00000259169,-0.030700338,0.801329466
ENSG00000259172,-0.016949553,0.794924193
ENSG00000259174,-0.062638925,0.354161659
ENSG00000259188,0.191530404,0.06005637
ENSG00000259205,-0.023114998,0.658353409
ENSG00000259207,-0.251241779,0.109330795
ENSG00000259212,0.018085338,0.791893386
ENSG00000259215,0.060766767,0.226357775
ENSG00000259216,-0.050518933,0.397560646
ENSG00000259224,0.022498646,0.623928158
ENSG00000259236,0.294711633,0.049831597
ENSG00000259243,0.1549257,0.240744185
ENSG00000259244,0.033517581,0.629133921
ENSG00000259248,0.064717334,0.445289553
ENSG00000259250,0.001148423,0.99359295
ENSG00000259251,0.015472238,0.781265904
ENSG00000259275,0.095797096,0.30449406
ENSG00000259287,-0.198406445,0.055258977
ENSG00000259291,-0.164028921,0.193895742
ENSG00000259295,0.243461002,0.079167702
ENSG00000259298,0.201200496,0.034353411
ENSG00000259299,0.062285719,0.450920969
ENSG00000259305,-0.025047656,0.545572073
ENSG00000259314,0.013855475,0.821523564
ENSG00000259315,0.009012623,0.88011377
ENSG00000259318,0.126437479,0.186980848
ENSG00000259319,1.00096341,0.004543632
ENSG00000259321,0.138790189,0.105455891
ENSG00000259322,0.031513099,0.521439019
ENSG00000259327,-0.01068491,0.871230433
ENSG00000259328,0.332692,0.037221597
ENSG00000259330,-0.164620291,0.239176248
ENSG00000259343,0.202569589,0.125601681
ENSG00000259345,-0.21268325,0.110535364
ENSG00000259349,0.074236436,0.39813536
ENSG00000259351,-0.119260559,0.112251266
ENSG00000259353,0.004107342,0.941038066
ENSG00000259363,-0.001927734,0.983468488
ENSG00000259366,0.107082505,0.428571162
ENSG00000259367,-0.154879827,0.106832086
ENSG00000259370,0.098653904,0.153362464
ENSG00000259372,0.074260874,0.187585129
ENSG00000259381,0.003569726,0.963201412
ENSG00000259387,-0.243695073,0.107266922
ENSG00000259388,-0.012999272,0.906279303
ENSG00000259392,0.092855386,0.148271374
ENSG00000259394,0.009430084,0.913781628
ENSG00000259397,0.01040816,0.842325099
ENSG00000259401,-0.059911826,0.61029198
ENSG00000259404,0.039435189,0.733423461
ENSG00000259407,-0.031137259,0.467638599
ENSG00000259408,-0.041228053,0.520515301
ENSG00000259414,0.098221831,0.411656817
ENSG00000259417,0.105933304,0.120464539
ENSG00000259422,-0.000993644,0.983943878
ENSG00000259424,-0.107581761,0.352286897
ENSG00000259426,-1.388606075,0.000165231
ENSG00000259429,0.204836253,0.162977675
ENSG00000259431,0.313872378,0.037735073
ENSG00000259442,0.043043921,0.444120888
ENSG00000259448,-1.531148619,0.000688174
ENSG00000259450,-0.139998527,0.052866394
ENSG00000259456,0.271638956,0.090172602
ENSG00000259462,0.031758491,0.538467325
ENSG00000259472,0.385189368,0.02720895
ENSG00000259479,0.107233121,0.416441698
ENSG00000259480,-0.082702116,0.465902046
ENSG00000259488,-0.02403154,0.693532277
ENSG00000259494,-0.022927981,0.858773647
ENSG00000259495,0.053173194,0.425570596
ENSG00000259498,-0.474857562,0.024451831
ENSG00000259511,0.005487391,0.962529044
ENSG00000259514,-0.123495003,0.154272789
ENSG00000259515,-0.02549229,0.685245574
ENSG00000259516,0.012395555,0.889794164
ENSG00000259520,0.060869961,0.392536758
ENSG00000259523,0.002351617,0.980806601
ENSG00000259529,0.051250087,0.460944586
ENSG00000259531,-0.02949043,0.693741077
ENSG00000259538,-0.069689654,0.316032078
ENSG00000259542,0.070582045,0.367463261
ENSG00000259551,0.121755348,0.211242423
ENSG00000259553,0.10332091,0.287688739
ENSG00000259556,0.015226885,0.785070399
ENSG00000259562,0.137879634,0.251478789
ENSG00000259563,-0.028039264,0.602040792
ENSG00000259570,0.140076352,0.269160537
ENSG00000259577,0.001099279,0.990291922
ENSG00000259583,0.928444547,0.000278299
ENSG00000259584,0.013272244,0.774765343
ENSG00000259605,0.306480592,0.058996683
ENSG00000259606,0.143595156,0.125527935
ENSG00000259612,0.071000383,0.526866508
ENSG00000259613,0.110951858,0.263551944
ENSG00000259614,-0.03256534,0.554819758
ENSG00000259623,-0.005690769,0.963148029
ENSG00000259642,0.053239019,0.57608252
ENSG00000259644,-0.000603162,0.99141745
ENSG00000259645,-0.095482235,0.203128735
ENSG00000259649,-0.081959302,0.456544821
ENSG00000259652,0.018644978,0.662781754
ENSG00000259657,0.023777037,0.754048461
ENSG00000259658,-0.03618318,0.777180668
ENSG00000259659,0.090735821,0.199344953
ENSG00000259660,0.520284563,0.020587009
ENSG00000259668,0.081468924,0.430229993
ENSG00000259673,-0.728332759,0.004566337
ENSG00000259676,-0.011728695,0.797752986
ENSG00000259683,0.029226615,0.819293706
ENSG00000259684,-0.113398354,0.258869093
ENSG00000259694,0.128545065,0.206946334
ENSG00000259699,-0.071764422,0.28252051
ENSG00000259702,-0.068188635,0.136258178
ENSG00000259705,0.004837006,0.966453288
ENSG00000259706,0.015639936,0.878108607
ENSG00000259707,-0.086870452,0.306966649
ENSG00000259709,-0.012620125,0.79329406
ENSG00000259712,-0.03871466,0.562798913
ENSG00000259715,0.084133417,0.451576229
ENSG00000259721,0.138991349,0.26669154
ENSG00000259726,0.345706825,0.034818025
ENSG00000259728,-0.208391395,0.161301295
ENSG00000259732,-0.089292404,0.2869156
ENSG00000259736,0.105245867,0.064745766
ENSG00000259744,0.037650828,0.325009475
ENSG00000259746,0.052550044,0.530944172
ENSG00000259750,0.009388815,0.861178403
ENSG00000259758,-0.671177384,2.78E-06
ENSG00000259763,0.009325761,0.873207689
ENSG00000259767,-0.00710655,0.899294268
ENSG00000259768,0.047079572,0.631261698
ENSG00000259772,-0.075146651,0.258108073
ENSG00000259774,0.37196482,0.042894348
ENSG00000259775,0.09488495,0.390442214
ENSG00000259781,0.164299596,0.120083443
ENSG00000259785,-0.276665669,0.079681481
ENSG00000259790,-0.220857945,0.13328861
ENSG00000259792,-0.027104247,0.741781906
ENSG00000259796,-0.057230594,0.314504351
ENSG00000259797,0.007853172,0.872637212
ENSG00000259799,0.052983365,0.285527415
ENSG00000259802,0.027246776,0.753037546
ENSG00000259804,-0.048207698,0.344699413
ENSG00000259806,0.074938635,0.566401093
ENSG00000259807,0.372608103,0.043592736
ENSG00000259820,-0.27067862,0.07440459
ENSG00000259826,-0.031958738,0.777482111
ENSG00000259828,-0.076371425,0.123139524
ENSG00000259834,0.297974202,0.062660883
ENSG00000259838,-0.07826318,0.539529149
ENSG00000259840,0.000147356,0.998556862
ENSG00000259845,-0.061056665,0.641248225
ENSG00000259847,0.059249064,0.09478416
ENSG00000259856,-0.238942921,0.096967954
ENSG00000259863,-0.458056412,0.0201256
ENSG00000259865,-0.11488134,0.390154033
ENSG00000259867,-0.031050428,0.50172938
ENSG00000259877,-0.024424182,0.834203555
ENSG00000259886,-1.223025094,0.001281524
ENSG00000259890,0.03113119,0.633960529
ENSG00000259891,-0.003006333,0.980102261
ENSG00000259895,0.008603117,0.860123588
ENSG00000259901,0.194579344,0.185311997
ENSG00000259904,0.026555674,0.619798973
ENSG00000259915,0.032335686,0.504056392
ENSG00000259917,0.123135734,0.352027618
ENSG00000259918,0.092544252,0.371100265
ENSG00000259924,-0.075057651,0.506235387
ENSG00000259933,0.085515419,0.37515211
ENSG00000259940,0.054633999,0.487736201
ENSG00000259942,0.023006422,0.50813007
ENSG00000259943,0.023544086,0.856149483
ENSG00000259946,-0.052037523,0.393655064
ENSG00000259953,-0.635991703,0.001318651
ENSG00000259959,-0.098465608,0.45434267
ENSG00000259969,0.023952076,0.725697533
ENSG00000259972,0.18176632,0.203296469
ENSG00000259976,0.114633906,0.398364551
ENSG00000259982,0.018522159,0.750401708
ENSG00000259984,-0.005676976,0.918264388
ENSG00000259994,-0.133885562,0.267098188
ENSG00000260000,0.12276702,0.336193021
ENSG00000260001,-0.128938309,0.241060092
ENSG00000260005,-0.124151013,0.283734035
ENSG00000260006,-0.118840844,0.343997721
ENSG00000260010,-0.027676762,0.63139854
ENSG00000260011,-0.051011372,0.289522887
ENSG00000260018,0.035261234,0.719742438
ENSG00000260022,0.013250841,0.867990274
ENSG00000260023,-0.012075966,0.904800632
ENSG00000260025,-0.108822649,0.402843732
ENSG00000260027,-0.044414472,0.624719167
ENSG00000260032,-0.128250365,0.173291537
ENSG00000260034,0.099634862,0.261014581
ENSG00000260036,0.026934434,0.598623868
ENSG00000260037,0.008914406,0.825085418
ENSG00000260038,0.081815897,0.229145931
ENSG00000260046,0.043116966,0.524665551
ENSG00000260051,-0.016391499,0.872541156
ENSG00000260054,0.177826464,0.100028663
ENSG00000260063,-0.033099513,0.746101003
ENSG00000260065,0.012470979,0.91753162
ENSG00000260075,0.021335668,0.865226462
ENSG00000260077,0.428362465,0.031103275
ENSG00000260081,0.023123374,0.821228408
ENSG00000260083,0.047949387,0.532656415
ENSG00000260086,0.115114067,0.29938176
ENSG00000260088,0.068930096,0.190545055
ENSG00000260091,0.08211839,0.509843177
ENSG00000260101,0.097842297,0.28115346
ENSG00000260103,-0.013402474,0.8051173
ENSG00000260105,-0.056456744,0.511307436
ENSG00000260114,0.125429033,0.329085476
ENSG00000260121,-0.042554912,0.739057919
ENSG00000260128,-0.032915509,0.677435063
ENSG00000260136,0.056097517,0.524794147
ENSG00000260139,0.125568452,0.193892039
ENSG00000260141,0.018515314,0.713768948
ENSG00000260160,0.007074764,0.944791882
ENSG00000260176,0.195343166,0.167632052
ENSG00000260179,0.012106449,0.869915611
ENSG00000260193,-0.060005756,0.409647694
ENSG00000260196,0.040056555,0.755465751
ENSG00000260197,-0.037421119,0.522956917
ENSG00000260211,-0.005845899,0.900477792
ENSG00000260213,-0.00468083,0.925836236
ENSG00000260219,0.027581114,0.754763122
ENSG00000260230,0.914280586,0.000238635
ENSG00000260231,0.029445856,0.808356699
ENSG00000260233,0.057995733,0.60113974
ENSG00000260236,0.250981703,0.109085312
ENSG00000260244,0.040809395,0.713949226
ENSG00000260252,0.043060666,0.459256486
ENSG00000260257,-0.094449359,0.37198527
ENSG00000260259,-0.002348756,0.976550989
ENSG00000260260,-0.109267233,0.414248439
ENSG00000260261,0.156057623,0.256371771
ENSG00000260266,-0.061808753,0.456815976
ENSG00000260267,0.242352754,0.119077521
ENSG00000260269,0.06749583,0.323034271
ENSG00000260273,-0.031816491,0.672232444
ENSG00000260274,-0.007146036,0.937572233
ENSG00000260276,-0.083448358,0.451206603
ENSG00000260277,-0.093106893,0.279483808
ENSG00000260278,0.009055572,0.849886783
ENSG00000260279,0.463394523,0.025581698
ENSG00000260285,0.240941691,0.117349242
ENSG00000260290,0.256098051,0.026363895
ENSG00000260293,0.029265472,0.705135255
ENSG00000260296,-0.092446088,0.381259495
ENSG00000260300,-0.017282126,0.752927101
ENSG00000260306,0.064924266,0.619088182
ENSG00000260317,-0.033451151,0.55723298
ENSG00000260329,-0.004422081,0.971038266
ENSG00000260336,-0.260603397,0.019929539
ENSG00000260339,0.060379982,0.275334167
ENSG00000260349,-0.145492113,0.287713199
ENSG00000260359,-0.038408629,0.753699377
ENSG00000260360,0.130331148,0.139603093
ENSG00000260361,-0.050410547,0.507094342
ENSG00000260366,0.036301251,0.549088482
ENSG00000260367,0.011186857,0.912302851
ENSG00000260368,0.009944019,0.82073619
ENSG00000260388,-0.034515415,0.593226039
ENSG00000260389,-0.05921533,0.348046458
ENSG00000260394,0.011794703,0.858218476
ENSG00000260396,-1.03464954,0.004826191
ENSG00000260398,0.040278599,0.599023706
ENSG00000260400,-0.092044945,0.444362619
ENSG00000260404,0.138433496,0.320557934
ENSG00000260425,-0.025340995,0.765365515
ENSG00000260432,0.079490197,0.029944893
ENSG00000260439,0.039845083,0.568481271
ENSG00000260442,0.006474398,0.904313814
ENSG00000260447,0.008531349,0.935650941
ENSG00000260448,0.032991224,0.722463657
ENSG00000260454,0.047239957,0.155853654
ENSG00000260455,1.34835736,0.005545136
ENSG00000260456,-0.1496145,0.12549625
ENSG00000260461,-0.05585049,0.669337667
ENSG00000260464,0.038516357,0.67144255
ENSG00000260470,0.129995473,0.123408781
ENSG00000260475,0.00607382,0.918956334
ENSG00000260482,0.20780017,0.139802289
ENSG00000260488,0.002067867,0.971385999
ENSG00000260490,-0.067329449,0.441587909
ENSG00000260494,0.087497851,0.153554091
ENSG00000260495,-0.027638488,0.77679311
ENSG00000260517,0.279884016,0.085720454
ENSG00000260518,0.014976015,0.892936782
ENSG00000260521,0.009231952,0.946869265
ENSG00000260526,0.026451782,0.8266282
ENSG00000260528,0.20823462,0.153229592
ENSG00000260534,0.014925119,0.908766646
ENSG00000260539,-0.090423667,0.417971848
ENSG00000260541,-0.004612612,0.949968561
ENSG00000260549,-0.819243322,2.44E-05
ENSG00000260552,0.024612163,0.848634375
ENSG00000260563,-0.043157075,0.737925434
ENSG00000260565,0.185237221,0.201984859
ENSG00000260572,0.067492378,0.365534409
ENSG00000260578,0.568487973,0.013954408
ENSG00000260579,0.145346146,0.162816333
ENSG00000260583,-0.001926716,0.972390195
ENSG00000260588,0.062166605,0.603117703
ENSG00000260589,0.428819083,0.032230267
ENSG00000260591,-0.074843116,0.380502216
ENSG00000260597,-0.034191469,0.514848103
ENSG00000260604,-0.025330723,0.58717616
ENSG00000260608,0.033925825,0.423073339
ENSG00000260618,-0.005415161,0.960089055
ENSG00000260619,-0.013874565,0.852102653
ENSG00000260625,0.01837752,0.746960335
ENSG00000260628,-0.079989614,0.539450476
ENSG00000260630,0.607829509,0.006418022
ENSG00000260633,-0.027901704,0.660160217
ENSG00000260635,-0.01673505,0.656093353
ENSG00000260641,-0.04393345,0.733096448
ENSG00000260644,0.009004537,0.919696167
ENSG00000260645,-0.080999372,0.353609793
ENSG00000260647,-0.056936619,0.312247681
ENSG00000260651,0.010628636,0.827088583
ENSG00000260661,0.040900074,0.541812001
ENSG00000260668,-0.107764126,0.289980756
ENSG00000260669,0.084106332,0.272341255
ENSG00000260671,-0.006583187,0.855480178
ENSG00000260682,-0.097984421,0.098790731
ENSG00000260686,0.019495225,0.876578802
ENSG00000260689,0.026279853,0.687378509
ENSG00000260693,0.241972969,0.108836505
ENSG00000260698,-0.038426442,0.620228488
ENSG00000260708,0.028918238,0.805746895
ENSG00000260727,-0.000252491,0.995663425
ENSG00000260729,-0.126176777,0.201813327
ENSG00000260735,-0.009032696,0.933637498
ENSG00000260742,0.019657352,0.745141765
ENSG00000260743,-0.186959162,0.071702114
ENSG00000260747,0.060499824,0.636685048
ENSG00000260750,0.077355786,0.297553942
ENSG00000260751,0.160937618,0.194847963
ENSG00000260765,-0.014063949,0.903483182
ENSG00000260766,-0.038087901,0.767061892
ENSG00000260773,0.028835924,0.61420334
ENSG00000260774,0.013792857,0.897832142
ENSG00000260776,0.040446998,0.449882987
ENSG00000260778,-0.010129381,0.920276456
ENSG00000260781,-0.160580807,0.256537746
ENSG00000260784,-0.012891456,0.796523741
ENSG00000260787,-0.000954538,0.988640847
ENSG00000260792,0.087127855,0.092246483
ENSG00000260793,0.033574956,0.783901752
ENSG00000260796,0.071958798,0.086740703
ENSG00000260802,-0.219473466,0.000116898
ENSG00000260804,-0.168128698,0.205845782
ENSG00000260805,0.030467397,0.785237471
ENSG00000260806,0.048865594,0.561461564
ENSG00000260807,1.168259348,0.005083355
ENSG00000260809,0.108495853,0.369280883
ENSG00000260810,0.054312132,0.366843121
ENSG00000260814,-0.089881098,0.187764798
ENSG00000260822,-0.662834761,0.002904737
ENSG00000260833,0.05533241,0.534722804
ENSG00000260837,0.045943301,0.641378953
ENSG00000260838,0.056509741,0.037341326
ENSG00000260841,-1.071209835,4.19E-05
ENSG00000260844,-0.071339381,0.213680246
ENSG00000260852,0.578950033,0.000108399
ENSG00000260853,-0.015049252,0.897067388
ENSG00000260855,0.155228388,0.265295668
ENSG00000260868,-0.044833339,0.521553195
ENSG00000260871,0.001230359,0.981142807
ENSG00000260872,0.07759886,0.536705808
ENSG00000260874,0.090900032,0.180904737
ENSG00000260876,-0.042567747,0.575873481
ENSG00000260879,-0.050781037,0.2930415
ENSG00000260884,0.089176723,0.396977067
ENSG00000260896,0.061231307,0.238827284
ENSG00000260898,0.026424112,0.705263375
ENSG00000260905,-0.030009265,0.733676393
ENSG00000260908,0.041529609,0.516872655
ENSG00000260910,-0.171011584,NA
ENSG00000260911,0.01100807,0.850970238
ENSG00000260912,0.132837289,0.326451208
ENSG00000260916,-0.052045579,0.680507294
ENSG00000260917,-0.128431242,0.269333445
ENSG00000260920,0.742222656,0.002153922
ENSG00000260923,0.120805955,0.365183688
ENSG00000260924,0.075086789,0.52075325
ENSG00000260927,0.023145382,0.792387686
ENSG00000260929,-0.079765228,0.347560282
ENSG00000260932,-0.040268207,0.410952781
ENSG00000260936,0.015198906,0.76382605
ENSG00000260938,-0.154316534,0.069399949
ENSG00000260941,0.005685563,0.927146702
ENSG00000260942,0.162087449,0.247025343
ENSG00000260948,-0.338180769,0.047165129
ENSG00000260949,0.024308394,0.587562706
ENSG00000260953,0.035725404,0.556731826
ENSG00000260966,-0.359187104,0.042104773
ENSG00000260971,0.052583089,0.46835672
ENSG00000260973,0.010055842,0.931077265
ENSG00000260977,0.289842615,0.077404463
ENSG00000260988,0.06779475,0.282208246
ENSG00000260992,0.08050581,0.339782677
ENSG00000261002,0.036004325,0.542662691
ENSG00000261005,-0.112839967,0.356317246
ENSG00000261008,0.035814279,0.531078896
ENSG00000261015,0.036503004,0.713933775
ENSG00000261019,0.070430251,0.314381752
ENSG00000261039,0.041325034,0.32850063
ENSG00000261040,0.024520761,0.822777055
ENSG00000261051,-0.038849071,0.68816439
ENSG00000261052,-0.017021843,0.892636546
ENSG00000261056,0.0016834,0.984773237
ENSG00000261061,0.066731508,0.60203768
ENSG00000261064,0.216325151,0.14324744
ENSG00000261067,-0.00164224,0.980935698
ENSG00000261068,-0.091446738,0.345174654
ENSG00000261069,0.102111346,0.32147334
ENSG00000261071,0.009541557,0.874243742
ENSG00000261076,0.035079969,0.539245174
ENSG00000261079,0.016279937,0.86371923
ENSG00000261087,0.045730446,0.718969015
ENSG00000261088,-0.543978529,0.004176827
ENSG00000261089,0.0458576,0.411665137
ENSG00000261094,0.003010245,0.982544219
ENSG00000261096,0.022640587,0.724167284
ENSG00000261098,0.073147049,0.561959191
ENSG00000261101,0.274264972,0.071341509
ENSG00000261105,-0.015951025,0.857231233
ENSG00000261113,-0.248367398,0.070161884
ENSG00000261114,-0.329570515,0.023313262
ENSG00000261115,-0.041766795,0.624615217
ENSG00000261118,0.078095676,0.481420388
ENSG00000261121,2.577223807,0.000325611
ENSG00000261123,-0.017472582,0.826363068
ENSG00000261126,0.039094741,0.703830586
ENSG00000261135,-0.026388587,0.609796954
ENSG00000261136,0.416372354,0.031093903
ENSG00000261139,-0.028012681,0.616692567
ENSG00000261140,0.2497849,0.09043956
ENSG00000261141,0.001756861,0.975172256
ENSG00000261143,-0.595165179,0.001456283
ENSG00000261145,0.003241512,0.949689811
ENSG00000261159,0.067602161,0.425136424
ENSG00000261167,-0.198949921,0.1776432
ENSG00000261168,-0.124769064,0.099463373
ENSG00000261172,0.068804944,0.558296946
ENSG00000261173,0.047777135,0.451574744
ENSG00000261181,-0.0210669,0.624935775
ENSG00000261186,0.076213625,0.237328181
ENSG00000261187,-0.054194027,0.542499661
ENSG00000261188,0.118433324,0.382122554
ENSG00000261189,-0.031126236,0.519663224
ENSG00000261207,0.041958474,0.658211175
ENSG00000261212,0.046865899,0.441692869
ENSG00000261215,0.024083979,0.658991619
ENSG00000261217,0.13033882,0.141009849
ENSG00000261220,0.014819158,0.903091851
ENSG00000261221,0.081164271,0.428158501
ENSG00000261229,0.000420808,0.99587981
ENSG00000261239,0.002549137,NA
ENSG00000261247,0.109631803,0.41839524
ENSG00000261251,-0.013287041,0.885371021
ENSG00000261252,-0.078285261,0.259603612
ENSG00000261253,-0.020262769,0.746685486
ENSG00000261254,0.004267323,0.972648555
ENSG00000261267,-0.016783456,0.730738811
ENSG00000261270,-0.073149863,0.473294539
ENSG00000261279,-0.045644667,0.523609209
ENSG00000261280,-0.02059833,0.644270785
ENSG00000261286,0.007886801,0.903036008
ENSG00000261295,-0.138333637,0.314655649
ENSG00000261302,0.018051378,0.763770186
ENSG00000261308,0.030548924,0.593523577
ENSG00000261324,-0.04399475,0.731673343
ENSG00000261326,0.030805509,0.811529292
ENSG00000261327,0.165693503,0.166137278
ENSG00000261335,0.051337968,0.376441028
ENSG00000261336,0.02613884,0.635478541
ENSG00000261337,-0.029643087,0.730997567
ENSG00000261338,-0.613408279,0.010216551
ENSG00000261342,0.079579052,0.485540188
ENSG00000261349,-0.123457552,0.329663945
ENSG00000261351,-0.069123603,0.327254926
ENSG00000261353,-0.180332617,0.17251585
ENSG00000261355,0.017371289,0.891758967
ENSG00000261360,0.130224124,0.255368027
ENSG00000261366,0.121188842,0.321933187
ENSG00000261372,0.093230708,0.375068507
ENSG00000261373,-0.186727829,0.150416912
ENSG00000261375,-0.019904071,0.680338082
ENSG00000261377,0.035570768,0.762739759
ENSG00000261379,-0.184713153,0.108365692
ENSG00000261386,0.019106931,0.754887148
ENSG00000261390,0.043004782,0.533330429
ENSG00000261401,-0.005854632,0.948320633
ENSG00000261408,-0.017838693,0.839383237
ENSG00000261418,-0.036450959,0.722899505
ENSG00000261423,-0.001772168,0.98567812
ENSG00000261425,1.585896854,0.000423365
ENSG00000261428,-0.117420012,0.180999623
ENSG00000261438,-0.013110171,0.917745867
ENSG00000261441,0.053596329,0.329679676
ENSG00000261442,-0.00488805,0.92682763
ENSG00000261447,0.004135626,0.938643595
ENSG00000261452,1.819518186,0.003753361
ENSG00000261455,-0.029822641,0.811737347
ENSG00000261457,-0.047276194,0.562989246
ENSG00000261460,-0.038742665,0.469224284
ENSG00000261461,-0.053885867,0.623335084
ENSG00000261468,-2.301517594,2.64E-09
ENSG00000261474,0.050478721,0.662835961
ENSG00000261480,0.038354178,0.620932497
ENSG00000261485,-0.060299545,0.639630725
ENSG00000261488,-0.027494385,0.676372325
ENSG00000261490,-1.356177183,5.09E-09
ENSG00000261496,0.104088284,0.324939562
ENSG00000261504,0.04732807,0.548467489
ENSG00000261505,0.061227516,0.643406815
ENSG00000261509,0.038813823,0.331536585
ENSG00000261512,-0.184541318,0.087578683
ENSG00000261513,0.036452433,0.497153642
ENSG00000261526,-0.037868252,0.727583476
ENSG00000261533,-0.033883368,0.50264236
ENSG00000261534,0.129832044,0.345940132
ENSG00000261542,-0.063612413,0.464075873
ENSG00000261546,0.026713289,0.566108034
ENSG00000261550,0.147232196,0.216010561
ENSG00000261553,-0.083476242,0.447283631
ENSG00000261556,0.173908699,0.18956652
ENSG00000261557,-0.054785265,0.487810426
ENSG00000261559,0.183019031,0.161647474
ENSG00000261560,0.04572318,0.411321121
ENSG00000261567,0.085984998,0.258300313
ENSG00000261568,-0.041961099,0.454615146
ENSG00000261575,0.065016444,0.340917428
ENSG00000261578,-0.298017164,0.043384598
ENSG00000261581,-0.017399422,0.855162163
ENSG00000261582,0.075053183,0.508567201
ENSG00000261584,0.139774898,0.223921389
ENSG00000261586,0.007719337,0.932472237
ENSG00000261589,-1.104541633,0.000279604
ENSG00000261592,-0.011026532,0.846759273
ENSG00000261596,0.050731634,0.269807724
ENSG00000261597,0.977937945,4.24E-09
ENSG00000261599,0.003081497,0.974193927
ENSG00000261600,0.006848761,0.873799966
ENSG00000261609,-0.342438436,0.00900016
ENSG00000261612,0.110802406,0.167487729
ENSG00000261613,0.076178923,0.508355867
ENSG00000261614,-0.287024606,0.08132821
ENSG00000261616,0.120441172,0.246852368
ENSG00000261620,0.031196262,0.716861306
ENSG00000261625,-0.436409869,0.01572337
ENSG00000261643,-0.03471258,0.723109919
ENSG00000261644,-0.125278263,0.268631274
ENSG00000261646,-0.111205377,0.189877376
ENSG00000261652,0.244647993,0.107967845
ENSG00000261654,0.006879786,0.91963641
ENSG00000261655,0.836685847,0.010703296
ENSG00000261659,0.054681736,0.607684825
ENSG00000261662,-0.488824595,0.022671111
ENSG00000261663,0.029207663,0.720202014
ENSG00000261669,-0.025185007,0.663621063
ENSG00000261685,-2.160323957,6.34E-08
ENSG00000261690,0.336273351,0.041884258
ENSG00000261693,0.049762842,0.292619062
ENSG00000261705,-0.495321657,0.016472298
ENSG00000261708,0.038743984,0.556812591
ENSG00000261712,0.045401307,0.589887568
ENSG00000261716,-0.102489616,0.421002343
ENSG00000261730,0.353250438,0.046794972
ENSG00000261731,0.065731976,0.383493792
ENSG00000261737,-0.049892532,0.628374332
ENSG00000261739,-0.01544893,0.901415243
ENSG00000261740,-0.060722308,0.55509921
ENSG00000261742,0.049420027,0.498980555
ENSG00000261744,0.10146695,0.176766647
ENSG00000261757,0.008451512,0.860168409
ENSG00000261758,-0.006539847,0.87873668
ENSG00000261760,0.175974191,0.112918768
ENSG00000261766,-0.02558801,0.736557001
ENSG00000261770,0.003492011,0.957051605
ENSG00000261773,-0.04468209,0.445631249
ENSG00000261777,-0.034273556,0.595692801
ENSG00000261783,-0.015540358,0.812865134
ENSG00000261786,0.057865683,0.623892169
ENSG00000261792,0.030024191,0.650663325
ENSG00000261794,0.023632991,0.847506803
ENSG00000261799,-0.180594261,0.182867339
ENSG00000261801,0.621792255,1.49E-05
ENSG00000261819,-0.173403798,0.184802826
ENSG00000261823,0.02785636,0.551482357
ENSG00000261824,0.220443302,0.066712782
ENSG00000261827,1.533011252,0.000426887
ENSG00000261839,0.065174403,0.191181983
ENSG00000261840,0.095276001,0.306136006
ENSG00000261879,0.223188402,0.096527223
ENSG00000261884,0.106272739,0.371980182
ENSG00000261888,0.582634519,0.002488668
ENSG00000261889,0.008804055,0.870963889
ENSG00000261916,-0.022345903,0.665373304
ENSG00000261924,-0.038079343,0.489610957
ENSG00000261934,-0.012663032,0.92084764
ENSG00000261970,0.047041714,0.39270303
ENSG00000261971,0.072171724,0.587462192
ENSG00000261997,0.116022444,0.275210443
ENSG00000262001,-0.401567843,0.020585178
ENSG00000262003,-0.012619841,0.797799813
ENSG00000262039,0.062768623,0.186865363
ENSG00000262049,-0.072583946,0.554059841
ENSG00000262050,0.041988523,0.371574003
ENSG00000262089,0.029673965,0.813820373
ENSG00000262094,0.079294552,0.171935657
ENSG00000262096,0.037358759,0.601691464
ENSG00000262097,1.366505372,0.00917314
ENSG00000262115,0.035067072,0.514912435
ENSG00000262118,0.028914449,0.70919056
ENSG00000262140,-0.015641545,0.790904932
ENSG00000262147,-0.023985557,0.640000134
ENSG00000262155,-0.021467937,0.852368648
ENSG00000262165,0.015034475,0.846868528
ENSG00000262171,-0.028445663,0.608389344
ENSG00000262180,-0.001143275,0.987678319
ENSG00000262185,-0.140000687,0.297884401
ENSG00000262194,0.043199933,0.631366046
ENSG00000262209,0.066492711,0.578917419
ENSG00000262222,0.028455245,0.713169271
ENSG00000262223,-0.058619586,0.405128218
ENSG00000262227,-0.020691722,0.807476431
ENSG00000262246,-0.412598074,0.032444274
ENSG00000262248,0.007500854,0.885631237
ENSG00000262251,0.041665925,0.491329156
ENSG00000262319,-0.012314412,0.793707069
ENSG00000262333,0.024034741,0.753741042
ENSG00000262372,0.047884898,0.534976692
ENSG00000262410,0.044537011,0.539989251
ENSG00000262420,-0.059395669,0.458694215
ENSG00000262434,-0.011921675,0.882339928
ENSG00000262454,0.00085519,0.994660868
ENSG00000262468,0.5885161,0.01553864
ENSG00000262500,0.087454665,0.239933581
ENSG00000262519,-0.002723474,0.961075231
ENSG00000262539,0.018304874,0.854681664
ENSG00000262576,-0.033265216,0.787259524
ENSG00000262580,-0.07773707,0.51811307
ENSG00000262583,0.190775577,0.178360186
ENSG00000262585,-0.02480071,0.703108829
ENSG00000262587,0.135510243,0.235508835
ENSG00000262601,0.073006025,0.552682149
ENSG00000262652,0.058600279,0.202622022
ENSG00000262663,0.021545818,0.723185144
ENSG00000262678,-0.065797986,0.388112658
ENSG00000262686,0.048390048,0.555571055
ENSG00000262691,0.624340935,0.007887863
ENSG00000262692,0.010281338,0.921375599
ENSG00000262700,0.0125457,0.802420825
ENSG00000262712,0.016459872,0.855671574
ENSG00000262728,0.202842653,0.169760785
ENSG00000262758,-0.331947424,0.011679077
ENSG00000262766,-0.093472145,0.39908792
ENSG00000262777,0.053139915,0.371892231
ENSG00000262814,-0.18201683,0.203909848
ENSG00000262848,-0.001830083,0.978193776
ENSG00000262877,-0.042787139,0.705731444
ENSG00000262879,0.026956479,0.836282875
ENSG00000262888,-0.040636701,0.586481758
ENSG00000262902,-0.003246129,NA
ENSG00000262903,0.193922378,0.185396993
ENSG00000262943,-0.025414743,0.763405956
ENSG00000262944,-0.159782687,0.247303564
ENSG00000262966,-0.020498071,0.71602875
ENSG00000263002,0.165102339,0.149173801
ENSG00000263004,0.367134958,0.045561889
ENSG00000263006,-0.421774764,0.001444453
ENSG00000263011,-0.001965536,0.968430606
ENSG00000263013,0.12304232,0.317158757
ENSG00000263050,-0.047609591,0.679310899
ENSG00000263053,0.027389148,0.716903572
ENSG00000263069,0.017259376,0.871888258
ENSG00000263072,0.301676948,0.043376935
ENSG00000263080,0.054860588,0.519089032
ENSG00000263089,-0.003497549,0.949948985
ENSG00000263105,0.0177026,0.730851494
ENSG00000263120,0.092554729,0.125219232
ENSG00000263126,-0.058854221,0.375631838
ENSG00000263142,-0.015081267,0.875931961
ENSG00000263164,0.113338506,0.257804861
ENSG00000263177,0.044202687,0.392569839
ENSG00000263179,-0.047461888,0.587896772
ENSG00000263198,0.014114231,0.808982363
ENSG00000263214,0.024492272,0.776280273
ENSG00000263219,-0.036175108,0.478088491
ENSG00000263220,0.011854013,0.816538109
ENSG00000263235,0.090781706,0.281499712
ENSG00000263244,-0.072440647,0.514522025
ENSG00000263264,0.11720055,0.095368868
ENSG00000263272,0.056654068,0.666623294
ENSG00000263280,-0.029980696,0.594379429
ENSG00000263293,-0.005971474,0.922997745
ENSG00000263307,-0.013618648,0.817533096
ENSG00000263320,0.035898114,0.756702071
ENSG00000263326,0.067641894,0.51736348
ENSG00000263327,0.158605848,0.240938954
ENSG00000263335,0.06240224,0.583027471
ENSG00000263345,0.237705059,0.124831348
ENSG00000263350,-0.008839595,0.885709825
ENSG00000263361,0.081161064,0.228503912
ENSG00000263370,-0.088196343,0.192803943
ENSG00000263400,0.021248557,0.871697049
ENSG00000263412,0.034750624,0.761227207
ENSG00000263422,-0.034454761,0.702957792
ENSG00000263429,0.009282397,0.84517041
ENSG00000263432,0.141494294,0.2554752
ENSG00000263443,0.059510296,0.034556976
ENSG00000263466,0.036857784,0.474958836
ENSG00000263470,0.282396699,0.084428316
ENSG00000263503,0.087010488,0.260765417
ENSG00000263508,-0.001538036,0.971753482
ENSG00000263531,-0.000254542,0.995539048
ENSG00000263535,0.009668594,0.942502217
ENSG00000263563,0.390923506,0.000519668
ENSG00000263567,0.124766669,0.000723668
ENSG00000263603,0.03174774,0.667168042
ENSG00000263606,0.09173037,0.279650725
ENSG00000263624,0.026771984,0.533309127
ENSG00000263627,-0.015984468,0.777237992
ENSG00000263660,-0.012623869,0.853575059
ENSG00000263675,-0.120702368,0.147809154
ENSG00000263727,0.123323481,0.055521062
ENSG00000263731,-0.107908382,0.245871817
ENSG00000263740,-0.017326082,0.791968607
ENSG00000263753,0.015563166,0.890356619
ENSG00000263766,-0.023337588,0.599686394
ENSG00000263786,-0.020104075,0.679399785
ENSG00000263806,-0.054708017,0.383397979
ENSG00000263812,0.172213515,0.231253572
ENSG00000263818,1.510533096,0.008826681
ENSG00000263820,-0.073256569,0.501849303
ENSG00000263823,-0.147246673,0.164151069
ENSG00000263826,0.02045273,0.844714831
ENSG00000263834,-0.046170179,0.370572065
ENSG00000263842,0.106149653,0.069418445
ENSG00000263843,0.03559888,0.694123435
ENSG00000263846,-0.021104044,0.752922947
ENSG00000263853,-0.003142647,0.936159885
ENSG00000263874,-0.034499572,0.777330407
ENSG00000263884,0.00900775,0.85662662
ENSG00000263887,-0.111692567,0.350832182
ENSG00000263916,0.048727063,0.49481397
ENSG00000263931,-0.002473386,0.969297195
ENSG00000263934,0.080350111,0.165568196
ENSG00000263958,-0.04409915,0.339734957
ENSG00000263968,0.014612835,0.774962809
ENSG00000263982,-0.023534461,0.747642401
ENSG00000263990,-0.066136123,0.409026379
ENSG00000264007,-1.383799352,0.002154061
ENSG00000264012,-0.018302099,0.736558659
ENSG00000264016,0.001493972,0.990746709
ENSG00000264017,-6.74E-06,0.999166762
ENSG00000264043,-0.177304709,0.210333499
ENSG00000264049,0.043001605,0.563586049
ENSG00000264057,-0.03110574,0.699493158
ENSG00000264058,0.320441362,0.063764278
ENSG00000264070,0.084837462,0.410344621
ENSG00000264098,0.008750868,0.930469539
ENSG00000264107,0.052519004,0.600990134
ENSG00000264109,-0.048859019,0.649884029
ENSG00000264112,-0.060050618,0.633710752
ENSG00000264148,0.093756103,0.210691593
ENSG00000264175,0.050562915,0.430634816
ENSG00000264176,0.057385422,0.562267454
ENSG00000264187,0.04149544,0.508459141
ENSG00000264188,-0.016368146,0.737131347
ENSG00000264201,-0.026436721,0.616136336
ENSG00000264207,0.03814223,0.706619793
ENSG00000264219,0.005465071,0.927383972
ENSG00000264237,0.06173406,0.283770489
ENSG00000264247,0.185675925,0.109835175
ENSG00000264266,0.038249211,0.565984121
ENSG00000264268,0.001930599,0.979689777
ENSG00000264269,-0.054445326,0.483495846
ENSG00000264278,0.103605582,0.414382638
ENSG00000264281,0.063036882,0.59277383
ENSG00000264290,-0.036673116,0.688799789
ENSG00000264304,-0.000168197,0.996375201
ENSG00000264324,0.015527145,0.803071412
ENSG00000264329,0.059894919,0.364643079
ENSG00000264345,0.171162636,0.034543992
ENSG00000264350,-0.09514092,0.448029474
ENSG00000264364,0.080370184,0.459660062
ENSG00000264365,0.024330093,0.620386025
ENSG00000264392,0.008218705,0.906262081
ENSG00000264425,0.024505421,0.646696924
ENSG00000264433,-0.04597391,0.677195021
ENSG00000264456,-0.014008865,0.869227612
ENSG00000264469,-0.663590958,0.001549661
ENSG00000264514,-0.034461171,0.773268859
ENSG00000264520,0.027334725,0.690143516
ENSG00000264538,-0.058351856,0.582419038
ENSG00000264548,0.053800239,0.565054076
ENSG00000264569,-0.204415527,0.00038512
ENSG00000264570,0.014214463,0.809063905
ENSG00000264575,0.144200457,0.267017991
ENSG00000264577,0.054709846,0.586197707
ENSG00000264608,0.035997042,0.589960005
ENSG00000264635,-0.009144622,0.888085576
ENSG00000264673,0.058816485,0.27445673
ENSG00000264745,-0.927938901,0.006852346
ENSG00000264756,-0.367759816,0.025168988
ENSG00000264769,-0.021357175,0.82194984
ENSG00000264772,-0.001564623,0.973148693
ENSG00000264801,-0.004435619,0.922130553
ENSG00000264868,-4.196341847,7.16E-07
ENSG00000264885,-0.937693926,1.32E-10
ENSG00000264918,-0.001566634,0.98031512
ENSG00000264920,-0.025188709,0.843609857
ENSG00000264924,-0.027148938,0.555636033
ENSG00000264937,-0.040888696,0.422836176
ENSG00000264940,0.084484224,0.034637501
ENSG00000264943,-0.047782866,0.495950519
ENSG00000264961,-0.022332329,0.651233152
ENSG00000264964,0.259670869,0.103811652
ENSG00000265010,0.010319783,0.845908819
ENSG00000265033,0.056097132,0.275908024
ENSG00000265055,0.064114305,0.226870186
ENSG00000265100,-0.007067056,0.907492453
ENSG00000265139,0.03135978,0.675207951
ENSG00000265142,-0.095049007,0.141652542
ENSG00000265148,0.833645611,0.010394262
ENSG00000265150,-0.003216127,0.952068638
ENSG00000265158,0.086263673,0.133123005
ENSG00000265194,0.006078969,0.952062323
ENSG00000265205,0.072922054,0.418610115
ENSG00000265218,0.003690652,0.968764998
ENSG00000265242,0.024719211,0.812539965
ENSG00000265273,-0.009647214,0.916450366
ENSG00000265298,-0.305650898,0.066447339
ENSG00000265315,-0.007794839,0.893525421
ENSG00000265321,0.089714142,0.096652164
ENSG00000265331,-0.028824419,0.515524107
ENSG00000265399,-0.095159512,0.290081058
ENSG00000265411,0.005837904,0.923400255
ENSG00000265413,-0.006068708,0.944649104
ENSG00000265415,-0.190871302,0.121393264
ENSG00000265417,0.036440058,0.523072373
ENSG00000265443,-0.050684812,0.318606185
ENSG00000265445,0.00876582,0.865286283
ENSG00000265458,0.018803157,0.806780269
ENSG00000265474,0.063699468,0.29225545
ENSG00000265478,-0.005179026,0.901883457
ENSG00000265485,0.049982061,0.434963465
ENSG00000265490,0.001664261,0.975977994
ENSG00000265511,-0.073416373,0.424940259
ENSG00000265519,-0.055057352,0.670077683
ENSG00000265533,0.059519887,0.379750326
ENSG00000265559,0.020643314,0.577961076
ENSG00000265574,0.064173145,0.202055112
ENSG00000265579,0.020334943,0.713966555
ENSG00000265611,-0.028719834,0.538195471
ENSG00000265625,-0.07136969,0.368384481
ENSG00000265638,0.067469773,0.298425834
ENSG00000265660,-0.019194284,0.822691389
ENSG00000265666,-0.030975626,0.791334732
ENSG00000265678,0.088947538,0.278645377
ENSG00000265681,-0.366230579,0.039700706
ENSG00000265683,0.116031643,0.152127955
ENSG00000265688,0.158280985,0.25987864
ENSG00000265702,-5.555029613,5.16E-05
ENSG00000265735,0.006237786,NA
ENSG00000265749,0.133385571,0.233439418
ENSG00000265750,0.052055583,0.49415363
ENSG00000265752,0.034402616,0.706419764
ENSG00000265778,-0.105506181,0.205454474
ENSG00000265791,-0.050289247,0.52750322
ENSG00000265798,0.018533923,0.811205894
ENSG00000265802,0.035250751,0.476040159
ENSG00000265806,0.004305725,0.957084731
ENSG00000265817,0.02273901,0.769573708
ENSG00000265821,-0.002845681,0.956177937
ENSG00000265830,0.034104515,0.58644473
ENSG00000265867,-0.030835673,0.609758666
ENSG00000265916,0.011560006,0.813145039
ENSG00000265917,0.026080453,0.662957281
ENSG00000265936,0.048380322,0.518611748
ENSG00000265939,-0.015713504,0.849652001
ENSG00000265943,-0.01141799,0.848320423
ENSG00000265962,-0.057239921,0.449717345
ENSG00000265982,-0.084016974,0.347289772
ENSG00000266010,0.292730742,0.059877092
ENSG00000266017,0.03708718,0.525799542
ENSG00000266032,-0.003467051,0.964254906
ENSG00000266037,-0.022865833,0.712551844
ENSG00000266040,-0.054333348,0.348974102
ENSG00000266043,-0.006339306,0.858909433
ENSG00000266053,0.012230645,0.923370506
ENSG00000266066,0.02293634,0.83441759
ENSG00000266079,-0.077246839,0.252623532
ENSG00000266098,0.033039567,0.583454557
ENSG00000266111,0.003138626,0.94215523
ENSG00000266117,0.03470229,0.51099371
ENSG00000266124,0.099425926,0.239241712
ENSG00000266129,0.053472244,0.45708111
ENSG00000266145,0.027369719,0.624893207
ENSG00000266164,-0.047169079,0.366358945
ENSG00000266171,0.015185892,0.751639143
ENSG00000266173,-0.02216901,0.86303357
ENSG00000266176,0.276951195,0.016155206
ENSG00000266208,-0.079158869,0.521768434
ENSG00000266235,0.017352882,0.804261689
ENSG00000266236,0.022718603,0.713663297
ENSG00000266239,-0.124889008,0.050565801
ENSG00000266256,-0.067161269,0.338060059
ENSG00000266258,-0.02147354,0.728893874
ENSG00000266289,-0.101135466,0.186223381
ENSG00000266296,0.022206473,0.650257061
ENSG00000266313,0.03842409,0.435228151
ENSG00000266365,0.07321326,0.502868518
ENSG00000266373,-0.427158439,0.028258489
ENSG00000266402,-0.002410562,0.968687377
ENSG00000266405,0.07242137,0.557997251
ENSG00000266441,0.010872392,0.835140987
ENSG00000266445,0.083910563,0.21440073
ENSG00000266446,0.008778988,0.845277798
ENSG00000266456,0.361018819,0.019233091
ENSG00000266469,0.018924537,0.860242565
ENSG00000266473,0.023222463,0.727849826
ENSG00000266486,0.056831746,0.306481062
ENSG00000266490,-0.067833652,0.38227137
ENSG00000266497,0.060317514,0.514624246
ENSG00000266501,0.016388464,0.845651164
ENSG00000266504,0.123623214,0.220262247
ENSG00000266522,0.028447125,0.602960779
ENSG00000266538,0.016125489,0.748674443
ENSG00000266539,-0.07826207,0.127486645
ENSG00000266554,0.023742643,0.542926046
ENSG00000266573,0.073656339,0.246334527
ENSG00000266601,0.015756255,0.790290021
ENSG00000266643,0.05112997,0.22541674
ENSG00000266644,0.006195004,0.947670398
ENSG00000266648,-0.015410503,0.776901091
ENSG00000266651,-0.001181558,0.985139316
ENSG00000266658,0.044009378,0.740092974
ENSG00000266670,-0.066933106,0.221009208
ENSG00000266680,0.179251133,0.189280252
ENSG00000266701,0.000372133,0.998288751
ENSG00000266708,-0.05298762,0.306022796
ENSG00000266709,-0.067331675,0.536405101
ENSG00000266714,-0.121991033,0.363950453
ENSG00000266718,-0.048036904,0.525747485
ENSG00000266750,0.031453301,0.465596619
ENSG00000266753,0.017583745,0.890747145
ENSG00000266777,-0.088007765,0.478317966
ENSG00000266783,0.098044823,0.113773086
ENSG00000266831,-0.016170479,0.840802663
ENSG00000266835,0.085445311,0.402172027
ENSG00000266852,-0.053814805,0.516649211
ENSG00000266865,0.589349472,0.001429671
ENSG00000266876,0.055381486,0.343822879
ENSG00000266877,0.042541421,0.475741308
ENSG00000266896,0.083380589,0.398371727
ENSG00000266897,-0.014837014,0.783021951
ENSG00000266903,0.143083816,0.139545927
ENSG00000266904,0.092423917,0.449081151
ENSG00000266907,-0.063421839,0.309730651
ENSG00000266910,0.014934535,0.815861328
ENSG00000266912,0.043977746,0.386844636
ENSG00000266916,0.063371268,0.497862618
ENSG00000266918,0.025347964,0.809806779
ENSG00000266921,0.000894337,0.993708287
ENSG00000266926,0.001895075,0.965935056
ENSG00000266930,-0.022454777,0.861989938
ENSG00000266934,-0.03131593,0.717595137
ENSG00000266935,0.02966516,0.705210063
ENSG00000266947,0.248890371,0.089923637
ENSG00000266962,0.026244995,0.708514659
ENSG00000266964,-0.017394574,0.833611903
ENSG00000266967,0.070080694,0.528995041
ENSG00000266968,-0.081261838,0.19540945
ENSG00000266970,0.028156411,0.698880051
ENSG00000266983,0.036436035,0.607928249
ENSG00000266988,-0.137394317,0.049204919
ENSG00000266992,-0.045064705,0.673190559
ENSG00000266993,-0.118756357,0.355058744
ENSG00000266996,-0.036437998,0.431537126
ENSG00000267000,0.010835362,0.920666068
ENSG00000267002,0.703179011,0.000696908
ENSG00000267003,-0.026561155,0.585396815
ENSG00000267009,-0.042741258,0.498074962
ENSG00000267010,-0.440972443,0.029493947
ENSG00000267011,0.008627041,0.916255193
ENSG00000267023,0.428115064,0.010376382
ENSG00000267025,0.046022405,0.68215522
ENSG00000267026,0.150244806,0.020313272
ENSG00000267034,-0.026235778,0.541047723
ENSG00000267040,-0.045069338,0.692117851
ENSG00000267041,-0.029982846,0.819925063
ENSG00000267042,1.20909867,0.007973487
ENSG00000267043,-0.037956291,0.470595483
ENSG00000267049,0.002480195,0.964602426
ENSG00000267052,0.066345858,0.303270145
ENSG00000267053,0.0096521,0.910033794
ENSG00000267058,0.140342217,0.29834134
ENSG00000267060,-0.137954267,0.064896542
ENSG00000267064,0.010693804,0.876554201
ENSG00000267069,-0.040376201,0.501680251
ENSG00000267080,0.194455418,0.139558768
ENSG00000267082,-0.035701639,0.74770035
ENSG00000267096,0.01993969,0.59135761
ENSG00000267097,-0.117972467,0.156629373
ENSG00000267100,0.224180652,0.105205348
ENSG00000267102,-0.392028436,0.038478541
ENSG00000267106,0.252830907,0.078293311
ENSG00000267108,0.00937827,0.917440114
ENSG00000267113,0.013487682,0.874613397
ENSG00000267114,0.054916822,0.44975602
ENSG00000267118,0.129962139,0.283822635
ENSG00000267119,0.011290108,0.905981029
ENSG00000267121,0.807101516,0.00063533
ENSG00000267127,0.046097807,0.570968266
ENSG00000267131,0.071693815,0.21763713
ENSG00000267137,-0.021179535,0.81039966
ENSG00000267141,0.011776631,0.805811487
ENSG00000267143,-0.056691629,0.448592183
ENSG00000267152,0.153175643,0.246135207
ENSG00000267160,0.004823264,0.919204292
ENSG00000267161,0.336299182,0.049101745
ENSG00000267163,0.079979821,0.376941023
ENSG00000267169,0.154528465,0.274388011
ENSG00000267185,0.023005401,0.81980746
ENSG00000267191,0.035678074,0.456222301
ENSG00000267192,0.053474705,0.459834141
ENSG00000267194,0.021450786,0.80372506
ENSG00000267197,0.032322544,0.658261695
ENSG00000267198,-0.039469107,0.715297299
ENSG00000267199,0.037084521,0.754871038
ENSG00000267201,-0.021346962,0.795360065
ENSG00000267203,-0.04372725,0.48846065
ENSG00000267213,0.008011984,0.930687115
ENSG00000267216,0.151125516,0.076505204
ENSG00000267219,0.077983225,0.397280693
ENSG00000267226,0.022161297,0.630330833
ENSG00000267237,0.041913902,0.490654645
ENSG00000267240,0.068641479,0.146124713
ENSG00000267242,0.117344932,0.301959995
ENSG00000267244,-0.191182391,0.180266855
ENSG00000267246,0.234620999,0.090925019
ENSG00000267248,-0.002850394,0.977837975
ENSG00000267249,-0.008981667,0.919775453
ENSG00000267253,0.033187288,0.515891468
ENSG00000267254,0.051996791,0.679996696
ENSG00000267257,-0.007516755,0.849806939
ENSG00000267265,-0.051605249,0.583673787
ENSG00000267270,0.229313548,0.125938424
ENSG00000267272,-0.012721499,0.876108728
ENSG00000267274,0.032971988,0.556736601
ENSG00000267277,0.001860867,0.974227759
ENSG00000267278,0.155244562,0.158133328
ENSG00000267279,0.038558041,0.70641163
ENSG00000267280,-0.061787126,0.636317215
ENSG00000267281,0.005525387,0.934992687
ENSG00000267283,0.0128827,0.885128622
ENSG00000267288,-0.035626809,0.703395974
ENSG00000267295,0.076170115,0.208370461
ENSG00000267299,0.065865553,0.180958089
ENSG00000267302,-0.016731863,0.879565954
ENSG00000267305,0.043968866,0.391341693
ENSG00000267309,0.000147135,0.999598075
ENSG00000267313,0.104172943,0.067818097
ENSG00000267315,-0.010019072,0.875929844
ENSG00000267317,-0.17666803,0.181242158
ENSG00000267321,-0.184917542,0.162721077
ENSG00000267322,0.028098977,0.576733755
ENSG00000267325,0.049200486,0.492947044
ENSG00000267326,-0.021390351,0.747573513
ENSG00000267336,0.022807468,0.734619996
ENSG00000267339,4.217563625,2.16E-08
ENSG00000267340,0.123590496,0.167149488
ENSG00000267342,-0.044001754,0.615340764
ENSG00000267348,0.03554788,0.622813597
ENSG00000267350,0.091112948,0.374108938
ENSG00000267352,-0.018444233,0.880243423
ENSG00000267355,0.038624463,0.645018987
ENSG00000267361,-0.54105148,0.017515307
ENSG00000267364,-0.001526213,0.981265053
ENSG00000267365,0.173015313,0.224986616
ENSG00000267370,-0.062589647,0.609580987
ENSG00000267372,-0.013277992,0.807121182
ENSG00000267381,0.06378882,0.609916812
ENSG00000267383,-0.069756361,0.384665517
ENSG00000267390,0.004235197,0.97428965
ENSG00000267394,-0.101984828,0.315260573
ENSG00000267395,-0.011320907,0.922036132
ENSG00000267397,-0.112899738,0.108347982
ENSG00000267414,0.192702369,0.182833515
ENSG00000267416,-0.062972654,0.316242999
ENSG00000267419,0.14093312,0.236425396
ENSG00000267421,0.015355682,0.814834786
ENSG00000267422,-0.004479156,0.970318336
ENSG00000267427,-0.295898415,0.013445226
ENSG00000267439,0.04856936,0.62802951
ENSG00000267454,0.243886128,0.116517855
ENSG00000267470,-0.052948401,0.598939176
ENSG00000267473,-0.069189024,0.529406271
ENSG00000267474,0.045346935,0.525059381
ENSG00000267475,0.016305492,0.872237688
ENSG00000267480,-2.160120958,2.12E-06
ENSG00000267481,-0.007821827,0.939121896
ENSG00000267491,0.011050486,0.80708388
ENSG00000267493,0.021744208,0.844129747
ENSG00000267498,-0.01009885,0.843384161
ENSG00000267500,0.012327874,0.787860736
ENSG00000267507,-0.021048188,0.656353186
ENSG00000267508,0.154001128,0.263849256
ENSG00000267510,-0.108885693,0.318852316
ENSG00000267519,-0.089145133,0.478253299
ENSG00000267523,0.038637701,0.754266161
ENSG00000267528,1.654128762,0.000814049
ENSG00000267530,-0.025775717,0.75731257
ENSG00000267533,0.294150198,0.012009969
ENSG00000267534,-0.099279261,0.395777312
ENSG00000267541,-0.03423132,0.745062203
ENSG00000267543,0.026982732,0.7681885
ENSG00000267544,-0.106888176,0.335053709
ENSG00000267546,0.087410634,0.324974727
ENSG00000267547,-0.21982495,0.107164662
ENSG00000267549,-0.013933141,0.798439979
ENSG00000267560,0.019435731,0.751840677
ENSG00000267565,0.077147989,0.400257257
ENSG00000267570,-0.028664437,0.556738344
ENSG00000267571,0.001102668,0.990102695
ENSG00000267575,0.141634695,0.304667666
ENSG00000267577,-0.014601679,0.856477222
ENSG00000267581,0.042039918,0.388665609
ENSG00000267588,0.123753115,0.124902827
ENSG00000267595,-0.07731951,0.361310191
ENSG00000267600,0.029862591,0.68270142
ENSG00000267605,0.006856884,0.930639946
ENSG00000267632,0.034244452,0.736064022
ENSG00000267639,0.096761545,0.376647002
ENSG00000267640,0.08120039,0.105180945
ENSG00000267648,-0.136743793,0.144521597
ENSG00000267649,0.04579529,0.500653678
ENSG00000267653,-0.130193664,0.010206669
ENSG00000267655,-0.051103277,0.553783708
ENSG00000267662,0.043197231,0.639806024
ENSG00000267666,0.026866699,0.67859838
ENSG00000267667,0.020538562,0.706067098
ENSG00000267669,-1.378818344,1.27E-07
ENSG00000267676,0.029799041,0.551548259
ENSG00000267677,-0.007536253,0.870591959
ENSG00000267679,-0.006213385,0.929295642
ENSG00000267680,0.008745643,0.94758302
ENSG00000267681,-0.016828408,0.806045397
ENSG00000267682,0.051695006,0.508218157
ENSG00000267683,2.000918002,0.000636458
ENSG00000267686,-0.369051391,0.03665862
ENSG00000267691,0.005990986,0.914184795
ENSG00000267696,0.103823783,0.362974887
ENSG00000267710,0.069382173,0.34718898
ENSG00000267711,-0.089018809,0.245819984
ENSG00000267715,0.036654008,0.573845139
ENSG00000267724,-0.088922561,0.311188302
ENSG00000267731,0.118253231,0.099970318
ENSG00000267737,0.231806606,0.044546672
ENSG00000267741,-0.002682895,0.975264044
ENSG00000267742,-0.014198813,0.836877698
ENSG00000267745,-0.666844106,0.006345902
ENSG00000267750,-0.002987586,0.968534009
ENSG00000267751,0.033951313,0.476291581
ENSG00000267756,0.064791513,0.340903914
ENSG00000267759,0.085239657,0.421277508
ENSG00000267765,0.038534942,0.470549961
ENSG00000267769,0.089198684,0.238877172
ENSG00000267774,-0.118581762,0.358838532
ENSG00000267778,-0.017743474,0.773692081
ENSG00000267781,-0.01835652,0.743080256
ENSG00000267793,0.049237955,0.389542544
ENSG00000267796,-0.07423623,0.554220167
ENSG00000267801,-0.053240317,0.275157306
ENSG00000267809,-0.206268798,0.103069741
ENSG00000267834,0.059303075,0.447910642
ENSG00000267838,0.00696239,0.918948853
ENSG00000267848,-0.108144273,0.206129977
ENSG00000267855,-0.0956017,0.386778269
ENSG00000267858,0.16885115,0.239799932
ENSG00000267871,0.090928224,0.361597421
ENSG00000267886,0.010662916,0.836464593
ENSG00000267893,0.037535878,0.581834368
ENSG00000267896,-0.011785341,0.858860184
ENSG00000267904,0.044678243,0.7345352
ENSG00000267913,0.257948158,0.069517112
ENSG00000267934,-0.011454027,0.865940274
ENSG00000267939,-0.003474994,0.96498862
ENSG00000267940,-0.012147337,0.890165949
ENSG00000267957,-0.115129351,0.386571111
ENSG00000267980,0.062647253,0.271788568
ENSG00000267985,-0.047593038,0.598382111
ENSG00000268001,0.026459395,0.815222494
ENSG00000268006,0.051063046,0.67207183
ENSG00000268015,-0.02551184,0.686767774
ENSG00000268030,0.009608642,0.933810541
ENSG00000268032,0.121891792,0.31880562
ENSG00000268034,-0.323296889,0.039400582
ENSG00000268040,-0.063957369,0.303017475
ENSG00000268041,-0.043138891,0.459337904
ENSG00000268047,0.000561057,0.992677779
ENSG00000268049,-0.049348992,0.686822554
ENSG00000268061,0.125662466,0.284450398
ENSG00000268081,0.024426467,0.593513864
ENSG00000268087,0.017177319,0.896251944
ENSG00000268091,-0.001241664,0.957660929
ENSG00000268093,-0.056331189,0.515747642
ENSG00000268119,-0.048163585,0.470001456
ENSG00000268140,0.014518707,0.871690493
ENSG00000268166,0.3839988,0.028860471
ENSG00000268171,0.033736418,0.485598862
ENSG00000268172,-0.100521774,0.09625842
ENSG00000268175,0.451379442,0.029073417
ENSG00000268182,-0.002491983,0.969245118
ENSG00000268189,-0.081514936,0.167974069
ENSG00000268201,0.061729675,0.450367391
ENSG00000268205,-0.052271653,0.667325779
ENSG00000268211,0.069371989,0.222376119
ENSG00000268218,0.026049914,0.81588915
ENSG00000268222,-0.006429759,0.934081711
ENSG00000268225,0.071781844,0.535273777
ENSG00000268230,-0.029744021,0.78201437
ENSG00000268265,0.02616423,0.550623963
ENSG00000268279,-0.012188516,0.913510951
ENSG00000268282,-0.067596214,0.243894777
ENSG00000268333,0.031776962,0.581707682
ENSG00000268357,0.010199665,0.869141002
ENSG00000268362,0.022481233,0.813925401
ENSG00000268364,-0.007040256,0.941116297
ENSG00000268366,0.004320386,0.926780322
ENSG00000268388,0.216874504,0.150069993
ENSG00000268392,0.007217988,0.885821345
ENSG00000268401,0.024107006,0.421132062
ENSG00000268402,0.258276749,0.04073173
ENSG00000268403,0.058349387,0.411996035
ENSG00000268412,0.014728722,0.898013222
ENSG00000268442,0.017627428,0.753180272
ENSG00000268466,0.009849128,0.898435346
ENSG00000268471,0.165749938,0.242105778
ENSG00000268505,-0.001152687,0.988967161
ENSG00000268516,0.256177298,0.107335164
ENSG00000268518,-0.034039268,0.657537794
ENSG00000268520,0.010860005,0.779200337
ENSG00000268521,0.009778467,0.919834853
ENSG00000268533,-0.012309562,0.808490406
ENSG00000268543,-0.083452189,0.480810307
ENSG00000268545,0.013454211,0.796453951
ENSG00000268549,0.042152818,0.567377155
ENSG00000268554,0.047090583,0.490601955
ENSG00000268568,-0.390258905,0.02999014
ENSG00000268573,-0.011066623,0.913156
ENSG00000268575,0.067832493,0.572604641
ENSG00000268578,-0.015821501,0.856697795
ENSG00000268584,0.075962788,0.192735513
ENSG00000268592,-0.007294235,0.941839658
ENSG00000268601,-0.048161846,0.266648118
ENSG00000268613,0.018450586,0.85736185
ENSG00000268615,0.130160706,0.155346281
ENSG00000268649,0.012450368,0.820703486
ENSG00000268650,0.118251564,0.127027786
ENSG00000268656,0.011603824,0.782411544
ENSG00000268658,0.093794217,0.064911545
ENSG00000268670,-0.075858428,0.411229955
ENSG00000268678,-0.079257863,0.23231109
ENSG00000268688,0.028201594,0.749836121
ENSG00000268707,0.087599261,0.148561017
ENSG00000268713,0.010954537,0.924356443
ENSG00000268723,-0.060049927,0.394231127
ENSG00000268731,-0.016485941,0.71579038
ENSG00000268743,0.001196932,0.987873468
ENSG00000268746,0.00598556,0.91213134
ENSG00000268751,0.044390361,0.580771893
ENSG00000268754,0.095235864,0.323844515
ENSG00000268756,0.013229893,0.846996153
ENSG00000268798,0.133276978,0.244108372
ENSG00000268812,0.204445535,0.002686171
ENSG00000268816,-0.086377323,0.432191881
ENSG00000268836,0.018376965,0.745144529
ENSG00000268838,0.000885353,0.985514812
ENSG00000268842,0.095328762,0.228325756
ENSG00000268852,-0.072118987,0.497594844
ENSG00000268856,-0.021713729,0.815707567
ENSG00000268865,-0.193822045,0.126602343
ENSG00000268885,0.007178674,0.902090199
ENSG00000268891,-0.070269068,0.438948712
ENSG00000268894,-3.344215676,0.00056905
ENSG00000268895,-0.189378434,0.176769134
ENSG00000268896,-0.03382639,0.508770665
ENSG00000268903,0.072706936,0.30744696
ENSG00000268912,0.13001032,0.346916666
ENSG00000268913,-2.46458419,1.16E-10
ENSG00000268926,0.011636344,0.868010227
ENSG00000268927,-0.115385838,0.257056925
ENSG00000268938,0.031460823,0.556690992
ENSG00000268942,0.094894883,0.452970891
ENSG00000268947,0.086055992,0.303968813
ENSG00000268948,0.067728858,0.395497136
ENSG00000268950,-0.045728985,0.328850749
ENSG00000268951,0.079983797,0.20663088
ENSG00000268970,-0.015820262,0.878988465
ENSG00000268995,-0.02381531,0.763241407
ENSG00000268996,0.073392253,0.441855826
ENSG00000269001,0.00110233,0.993282344
ENSG00000269019,0.108164315,0.246366917
ENSG00000269028,-0.034786006,0.787228436
ENSG00000269038,0.023797516,0.762434804
ENSG00000269044,-0.121173786,0.341307784
ENSG00000269048,-0.167845853,0.077203052
ENSG00000269051,0.053102367,0.659836186
ENSG00000269054,0.001145136,0.99152068
ENSG00000269068,0.021284109,0.632294718
ENSG00000269069,0.194592956,0.136662728
ENSG00000269089,0.03092434,0.742868561
ENSG00000269102,0.054845021,0.379324812
ENSG00000269113,-0.089934626,0.348371364
ENSG00000269124,-0.082749214,0.062573677
ENSG00000269131,0.178095267,0.205489889
ENSG00000269148,0.011314636,0.861531314
ENSG00000269161,0.094721246,0.149988578
ENSG00000269165,0.256821981,0.06981476
ENSG00000269175,0.022702825,0.76990054
ENSG00000269176,0.045829519,0.367767073
ENSG00000269186,0.031459698,0.570034285
ENSG00000269190,0.113988564,0.238904804
ENSG00000269191,-0.036947388,0.609405042
ENSG00000269202,-0.053190533,0.624181005
ENSG00000269227,0.059969866,0.553873252
ENSG00000269235,-0.002107407,0.964832392
ENSG00000269243,0.047885786,0.449149811
ENSG00000269246,0.016784482,0.761516689
ENSG00000269289,-2.762359227,6.16E-05
ENSG00000269290,-0.081255808,0.462384214
ENSG00000269293,-0.431525498,0.008116736
ENSG00000269302,0.017017338,0.747571578
ENSG00000269318,-0.076388627,0.275616162
ENSG00000269337,0.208940406,0.15163167
ENSG00000269343,0.09805761,0.433597941
ENSG00000269349,-0.059490843,0.416476071
ENSG00000269352,-0.015183595,0.894420728
ENSG00000269358,0.026532148,0.557931922
ENSG00000269374,-0.017278334,0.868362242
ENSG00000269375,0.027839651,0.575136042
ENSG00000269378,-0.239005539,0.079093944
ENSG00000269386,-0.142914849,0.27912739
ENSG00000269388,0.005760815,0.953636423
ENSG00000269396,-0.138439833,0.156218922
ENSG00000269397,0.021836093,0.666249491
ENSG00000269399,0.061794107,0.631752741
ENSG00000269427,0.02468363,0.846787736
ENSG00000269430,-0.098413843,0.260991663
ENSG00000269439,0.287868691,0.079217538
ENSG00000269466,-0.048612146,0.032571975
ENSG00000269473,-0.092683338,0.357863147
ENSG00000269481,-0.01845294,0.751559547
ENSG00000269483,-0.013406598,0.860643706
ENSG00000269486,0.103116745,0.358116567
ENSG00000269501,-0.081731445,0.508181078
ENSG00000269514,0.135925969,0.156976683
ENSG00000269533,-0.009443745,0.870846678
ENSG00000269546,-0.016530798,0.782597404
ENSG00000269549,0.02531349,0.660027362
ENSG00000269578,0.040443164,0.478842949
ENSG00000269600,0.034079907,0.596502383
ENSG00000269609,0.232520971,0.130069133
ENSG00000269614,0.039872299,0.708462762
ENSG00000269637,7.07E-05,0.999816687
ENSG00000269640,0.006425506,0.949284464
ENSG00000269646,-0.019233153,0.761343013
ENSG00000269652,-0.006506112,0.934472085
ENSG00000269656,0.007576078,0.900024158
ENSG00000269657,-0.332271742,0.056645698
ENSG00000269680,-0.047498106,0.384395737
ENSG00000269688,-0.085979556,0.353628003
ENSG00000269690,0.047569858,0.713241698
ENSG00000269693,0.006745481,0.951787418
ENSG00000269696,-0.040444985,0.726947121
ENSG00000269728,-1.035102584,2.21E-06
ENSG00000269737,0.331392532,0.058258479
ENSG00000269772,-0.574594513,0.010311592
ENSG00000269781,0.004666885,0.9453761
ENSG00000269788,-0.046535582,0.414877282
ENSG00000269794,0.043474444,0.540840122
ENSG00000269800,-0.099879807,0.434250371
ENSG00000269815,0.028559223,0.672760313
ENSG00000269821,0.049910897,0.706675031
ENSG00000269825,0.114092111,0.402754512
ENSG00000269831,0.008830644,0.861769073
ENSG00000269832,-0.025144937,0.619933616
ENSG00000269834,0.404644683,0.025953288
ENSG00000269836,0.04690527,0.472037518
ENSG00000269837,0.129507302,0.348884494
ENSG00000269843,0.045892914,0.720039305
ENSG00000269845,0.014471471,0.824607238
ENSG00000269858,0.075541356,0.554318442
ENSG00000269866,-0.057094362,0.272777718
ENSG00000269867,-0.094165612,0.428857389
ENSG00000269887,0.002969412,0.960011742
ENSG00000269890,0.187431988,0.16712762
ENSG00000269892,-0.02691441,0.802086416
ENSG00000269893,0.289708399,0.067280732
ENSG00000269894,-0.061791539,0.407507989
ENSG00000269896,0.0961553,0.427715156
ENSG00000269899,0.005493798,0.928020494
ENSG00000269900,0.055344887,0.123671179
ENSG00000269901,-0.014495922,0.819550656
ENSG00000269902,-0.003753395,0.938355666
ENSG00000269903,-0.004401326,0.942814218
ENSG00000269904,0.034934262,0.748333037
ENSG00000269906,-0.048170213,0.653844482
ENSG00000269907,0.056011824,0.496176058
ENSG00000269910,-0.036632762,0.714259945
ENSG00000269918,-0.006161628,0.946645697
ENSG00000269921,0.05119279,0.505116765
ENSG00000269923,0.063634009,0.387399419
ENSG00000269925,0.026279179,0.80785823
ENSG00000269928,0.002389842,0.983848241
ENSG00000269929,-0.046166606,0.544229657
ENSG00000269930,0.115172455,0.366003543
ENSG00000269934,0.142614025,0.219044828
ENSG00000269936,-0.167749111,0.227124264
ENSG00000269937,0.220832301,0.143496715
ENSG00000269938,-0.021618899,0.803515405
ENSG00000269940,-0.309968602,0.055081457
ENSG00000269942,-0.051866591,0.450217004
ENSG00000269946,-0.014392299,0.818355226
ENSG00000269947,0.008293459,0.91586439
ENSG00000269948,0.082588629,0.195666111
ENSG00000269949,0.022961442,0.59517535
ENSG00000269951,-0.041359942,0.610658292
ENSG00000269952,0.056164996,0.305636385
ENSG00000269956,0.079389114,0.389182664
ENSG00000269958,-0.398070885,0.007269067
ENSG00000269959,1.159408831,0.003625106
ENSG00000269961,-0.007229702,0.929148633
ENSG00000269963,-0.265215852,0.064135845
ENSG00000269965,0.01770336,0.789706667
ENSG00000269967,-0.015666154,0.737546735
ENSG00000269970,-0.08330952,0.104395982
ENSG00000269973,-0.115833206,0.387536612
ENSG00000269974,0.017511797,0.756008253
ENSG00000269976,-0.058384857,0.407178092
ENSG00000269979,0.058176798,0.612790305
ENSG00000269982,-0.063184191,0.631846769
ENSG00000269983,-0.10632317,0.429640917
ENSG00000269984,0.114847628,0.336135103
ENSG00000269990,0.109193438,0.397709735
ENSG00000269994,-0.048841158,0.626662665
ENSG00000269996,0.065882339,0.61373162
ENSG00000269997,0.078615481,0.357199126
ENSG00000269998,-0.077298191,0.28396935
ENSG00000269999,-0.163213355,0.034346445
ENSG00000270001,-0.197100059,0.091063833
ENSG00000270006,0.079447398,0.329162675
ENSG00000270011,0.044071322,0.467628947
ENSG00000270012,0.049775656,0.699148718
ENSG00000270015,0.158642122,0.257846231
ENSG00000270016,0.04867637,0.419256405
ENSG00000270018,-0.043597642,0.624351782
ENSG00000270019,0.019616023,0.727605136
ENSG00000270020,-0.012298995,0.914303849
ENSG00000270021,0.106339882,0.299125883
ENSG00000270022,-0.336781519,0.007427575
ENSG00000270028,0.039632715,0.713945432
ENSG00000270030,0.055283374,0.351708774
ENSG00000270031,-0.061078596,0.062309098
ENSG00000270039,-0.004231437,0.964600187
ENSG00000270041,0.030045394,0.776090547
ENSG00000270048,0.000114637,0.999644449
ENSG00000270049,0.230473186,0.072190826
ENSG00000270055,-0.072188469,0.548351562
ENSG00000270058,0.263586225,0.100810563
ENSG00000270059,-0.062435809,0.211135124
ENSG00000270060,0.01216815,0.912252151
ENSG00000270061,0.047176524,0.53205599
ENSG00000270062,-0.029355953,0.785253699
ENSG00000270067,0.052308677,0.656090719
ENSG00000270069,0.093663373,0.449438641
ENSG00000270074,0.064096356,0.581485345
ENSG00000270081,-0.208584345,0.145185961
ENSG00000270083,-0.014196703,0.871104396
ENSG00000270084,-0.017397322,0.861482125
ENSG00000270091,-0.199018368,0.153109646
ENSG00000270092,0.085455395,0.114841615
ENSG00000270093,1.597314681,0.000764925
ENSG00000270095,0.026668718,0.611954759
ENSG00000270101,-0.371080232,0.038962168
ENSG00000270102,0.026773211,0.731344296
ENSG00000270108,-0.028823689,0.811913887
ENSG00000270109,0.009833501,0.869069876
ENSG00000270110,-0.010309499,0.854733069
ENSG00000270115,-0.030826709,0.520244187
ENSG00000270116,0.006979674,0.891054864
ENSG00000270124,0.059556288,0.348305993
ENSG00000270127,-0.009879344,0.898566157
ENSG00000270130,-0.040914656,0.407066665
ENSG00000270133,-0.029953878,0.595118464
ENSG00000270143,-0.189704764,0.18162
ENSG00000270145,0.032990841,0.461693114
ENSG00000270154,-0.047672612,0.452891554
ENSG00000270157,0.199601846,0.178307126
ENSG00000270165,0.070777186,0.133865037
ENSG00000270170,-0.187558926,0.156821108
ENSG00000270172,-0.037660385,0.756056903
ENSG00000270175,0.034744107,0.733430756
ENSG00000270177,0.015176786,0.826879508
ENSG00000270179,0.116162585,0.252481817
ENSG00000270184,-0.020586535,0.754925867
ENSG00000270189,0.138402161,0.316392315
ENSG00000270195,-0.064213245,0.580872365
ENSG00000270210,-0.066739962,0.392268196
ENSG00000270223,-0.045045006,0.691933412
ENSG00000270228,-0.049179924,0.542677963
ENSG00000270230,-0.090519087,0.204086635
ENSG00000270246,0.052714287,0.561604156
ENSG00000270257,0.048618287,0.320594414
ENSG00000270264,0.067758813,0.298929576
ENSG00000270277,-0.041371316,0.51795173
ENSG00000270294,-0.070046649,0.294163788
ENSG00000270300,0.006806663,0.907674022
ENSG00000270332,-0.048874728,0.509461306
ENSG00000270344,-0.004576351,0.945505415
ENSG00000270346,0.02455035,0.755977558
ENSG00000270362,0.090900682,0.472760424
ENSG00000270408,-0.032307117,0.50123047
ENSG00000270419,0.079817612,0.395039267
ENSG00000270426,-0.095963171,0.2252303
ENSG00000270433,-0.035908138,0.501984089
ENSG00000270441,-0.026573252,0.804563004
ENSG00000270457,0.069499425,0.190919505
ENSG00000270482,-0.001184638,0.986357669
ENSG00000270490,0.00313827,0.970029859
ENSG00000270497,0.037402216,0.609639657
ENSG00000270503,-0.016176805,0.89925966
ENSG00000270504,-0.689473161,5.70E-06
ENSG00000270510,-0.036616206,0.592692283
ENSG00000270521,0.073379432,0.327757915
ENSG00000270532,-0.0435455,0.523040835
ENSG00000270557,-0.00284394,0.964008631
ENSG00000270558,-0.06285368,0.454141711
ENSG00000270562,0.1401557,0.091104678
ENSG00000270571,-0.041760176,0.321538835
ENSG00000270578,-0.093248364,0.077368062
ENSG00000270580,-0.162130381,0.152696101
ENSG00000270581,-0.016943002,0.853432714
ENSG00000270585,-0.025183136,0.653274432
ENSG00000270587,0.029099175,0.730785498
ENSG00000270589,0.027425414,0.810669234
ENSG00000270599,-0.050854407,0.446240645
ENSG00000270605,1.169446498,0.002275035
ENSG00000270607,0.088349148,0.420788627
ENSG00000270614,-0.033630496,0.478583007
ENSG00000270659,0.01795271,0.744020107
ENSG00000270673,-0.048953363,0.491544157
ENSG00000270681,0.065070822,0.402343633
ENSG00000270689,-3.323259688,0.00084827
ENSG00000270696,0.083597533,0.499720634
ENSG00000270704,0.061091192,0.306562626
ENSG00000270714,0.01928609,0.713766114
ENSG00000270720,-0.059836297,0.324742491
ENSG00000270728,-0.021155733,0.869658216
ENSG00000270760,-0.002982022,0.951674785
ENSG00000270761,-0.039855155,0.383461368
ENSG00000270767,-0.004264174,0.938036827
ENSG00000270775,0.017909536,0.689195454
ENSG00000270788,-0.032193142,0.463800365
ENSG00000270789,0.136638825,0.265975392
ENSG00000270804,0.100988254,0.36205604
ENSG00000270808,-0.053657469,0.459091144
ENSG00000270810,-0.05029186,0.511657523
ENSG00000270820,0.183545771,0.189872491
ENSG00000270890,0.011567421,0.900326979
ENSG00000270903,-0.011768474,0.871018954
ENSG00000270917,0.04248036,0.35979033
ENSG00000270921,-0.006963934,0.949948439
ENSG00000270923,0.065463223,0.345594715
ENSG00000270949,-0.056232209,0.660742436
ENSG00000270956,0.019674462,0.677564475
ENSG00000270959,-0.126427641,0.348718705
ENSG00000270962,-0.051073745,0.386403534
ENSG00000270964,0.38364317,0.036363768
ENSG00000270975,0.020912523,0.688779591
ENSG00000270983,-0.251624233,0.058532057
ENSG00000270987,0.034023045,0.488446471
ENSG00000270996,0.027174687,0.686514924
ENSG00000271009,0.059085262,0.526236731
ENSG00000271020,-0.049276109,0.646589252
ENSG00000271021,-0.00547763,0.920280666
ENSG00000271029,0.00180685,0.972588043
ENSG00000271032,0.027172836,0.720019943
ENSG00000271040,0.041900142,0.690976505
ENSG00000271043,-0.093640333,0.45045068
ENSG00000271064,-0.017250026,0.814288726
ENSG00000271075,0.00020286,0.999814899
ENSG00000271086,-0.116223245,0.108071233
ENSG00000271105,0.15553974,0.103764956
ENSG00000271119,-0.107540971,0.336128968
ENSG00000271122,-0.074024633,0.556767993
ENSG00000271127,-0.108150508,0.144803393
ENSG00000271133,-0.131967904,0.193624816
ENSG00000271147,0.107841372,0.42672328
ENSG00000271151,0.036910928,0.587246501
ENSG00000271153,0.344725074,0.053336036
ENSG00000271155,-0.034969019,0.677457795
ENSG00000271161,-0.059243891,0.457864676
ENSG00000271200,-0.053958354,0.380495568
ENSG00000271228,-0.034126407,0.511062743
ENSG00000271259,-0.012224071,0.849921542
ENSG00000271265,-0.032099379,0.492252592
ENSG00000271266,-0.038596183,0.591031713
ENSG00000271267,0.061678642,0.247325199
ENSG00000271270,0.001448932,0.992196051
ENSG00000271303,0.078319684,0.402837545
ENSG00000271321,-0.087898331,0.439140301
ENSG00000271324,-0.079605637,0.24742579
ENSG00000271327,0.013593511,0.906102418
ENSG00000271333,0.104441664,0.18603834
ENSG00000271334,-0.012912056,0.90052085
ENSG00000271335,-0.002971719,0.981644375
ENSG00000271344,-0.458050038,0.026375239
ENSG00000271347,-0.030036201,0.761048071
ENSG00000271359,-0.043617714,0.721638439
ENSG00000271361,-0.034636753,0.695093156
ENSG00000271367,0.000898809,0.989936854
ENSG00000271380,0.016632615,0.756094216
ENSG00000271387,0.032753287,0.571639357
ENSG00000271390,0.009156504,0.866884569
ENSG00000271396,0.002083858,0.977169974
ENSG00000271400,0.042624019,0.524101466
ENSG00000271417,0.100114764,0.405316552
ENSG00000271420,0.008197854,0.861182094
ENSG00000271427,0.018570216,0.852826305
ENSG00000271430,-0.168634611,0.228736888
ENSG00000271452,0.01765835,0.862872878
ENSG00000271525,-0.037581055,0.568374863
ENSG00000271529,0.029686148,0.811444471
ENSG00000271533,-0.157844565,0.258913169
ENSG00000271538,0.015780153,0.737830748
ENSG00000271547,0.161393185,0.209343426
ENSG00000271550,0.005596066,0.912542774
ENSG00000271551,0.127150659,0.168906287
ENSG00000271553,-0.071592503,0.448800901
ENSG00000271555,0.003779418,0.949696301
ENSG00000271576,0.053499293,0.663341675
ENSG00000271580,0.025541866,0.704552092
ENSG00000271584,0.056011618,0.368248797
ENSG00000271590,0.007931831,0.927075209
ENSG00000271605,0.124792956,0.25955247
ENSG00000271614,-0.095069129,0.477964729
ENSG00000271631,0.012097081,0.821210804
ENSG00000271643,-0.004093215,0.970914688
ENSG00000271644,-0.003124768,0.973255626
ENSG00000271646,-0.067310056,0.57456406
ENSG00000271653,0.168125634,0.036532505
ENSG00000271659,0.011322048,0.898846064
ENSG00000271662,0.195838915,0.116417765
ENSG00000271664,0.025272856,0.69561572
ENSG00000271670,0.055440834,0.573648533
ENSG00000271676,0.097188003,0.265409414
ENSG00000271721,-0.004003032,0.971342779
ENSG00000271725,0.033897555,0.658956287
ENSG00000271727,0.020614293,0.613325777
ENSG00000271734,-0.014848719,0.797203086
ENSG00000271737,0.02802162,0.759729089
ENSG00000271738,-0.045283453,0.662569682
ENSG00000271743,0.03747015,0.501576814
ENSG00000271751,0.024783988,0.649407433
ENSG00000271755,0.031159323,0.752898248
ENSG00000271769,0.020510525,0.770968758
ENSG00000271778,0.003770673,0.957218659
ENSG00000271780,0.133662619,0.307645994
ENSG00000271781,0.020601354,0.711411423
ENSG00000271782,0.040127241,0.527855047
ENSG00000271784,-0.17298782,0.035118303
ENSG00000271788,0.086006143,0.259493375
ENSG00000271789,0.010976928,0.866349197
ENSG00000271795,-0.110994615,0.279499038
ENSG00000271797,-0.04982671,0.558044454
ENSG00000271811,0.121243657,0.244198772
ENSG00000271816,0.071446838,0.502919908
ENSG00000271817,0.180925908,0.057388482
ENSG00000271826,-0.20335303,0.025263881
ENSG00000271828,0.000217934,0.999330591
ENSG00000271833,-0.036709113,0.505687557
ENSG00000271843,0.017754827,0.880081598
ENSG00000271847,0.018718105,0.764041356
ENSG00000271849,0.006889705,0.883416539
ENSG00000271851,-0.016554071,0.869781829
ENSG00000271855,0.124242625,0.18255426
ENSG00000271857,0.049429436,0.506592937
ENSG00000271862,-0.020365727,0.851591771
ENSG00000271868,-0.097064754,0.075102669
ENSG00000271869,0.007628121,0.889027266
ENSG00000271870,-0.070116092,0.583135144
ENSG00000271871,-0.015956624,0.798653474
ENSG00000271874,-0.075642936,0.254174825
ENSG00000271882,-0.113671236,0.346046551
ENSG00000271889,0.014234782,0.851132184
ENSG00000271895,-0.00428377,0.972100866
ENSG00000271912,-0.163290223,0.249465916
ENSG00000271913,0.0277995,0.803227353
ENSG00000271918,0.090608934,0.485023166
ENSG00000271921,-0.0179125,0.757566823
ENSG00000271926,0.001191007,0.981072705
ENSG00000271927,-0.076513892,0.530730083
ENSG00000271930,0.777340778,0.002686804
ENSG00000271933,0.039477446,0.687316913
ENSG00000271936,0.082361783,0.369130725
ENSG00000271941,-0.002647342,0.966640676
ENSG00000271943,0.294798675,0.024252529
ENSG00000271948,-0.261979598,0.096165534
ENSG00000271963,-0.008307607,0.870145149
ENSG00000271964,0.006361114,0.919038671
ENSG00000271966,0.165874215,0.18801054
ENSG00000271967,-0.005175872,0.897808731
ENSG00000271971,0.144665352,0.217964757
ENSG00000271973,0.027675875,0.619382521
ENSG00000271974,0.027956312,0.657394653
ENSG00000271975,0.156233798,0.259903088
ENSG00000271976,0.075230576,0.540582176
ENSG00000271978,-0.028889173,0.768567164
ENSG00000271983,0.002079156,0.973734267
ENSG00000271984,-0.049494923,0.397361639
ENSG00000271993,-0.046556074,0.616588284
ENSG00000271996,-0.012484793,0.853342008
ENSG00000271997,0.106401912,0.322473632
ENSG00000272003,-0.008018262,0.93651321
ENSG00000272005,-0.121113361,0.346941541
ENSG00000272008,0.055045727,0.675477127
ENSG00000272009,0.045601375,0.637282704
ENSG00000272010,-0.111491213,0.287329518
ENSG00000272016,-0.069505482,0.558156603
ENSG00000272023,-0.028138721,0.583128663
ENSG00000272024,0.035776878,0.540305612
ENSG00000272029,-0.075472074,0.140039438
ENSG00000272034,0.039491886,0.566993355
ENSG00000272037,-0.048601002,0.515278835
ENSG00000272040,-0.058310995,0.605774247
ENSG00000272043,0.113010721,0.079531767
ENSG00000272047,-0.037616749,0.711351585
ENSG00000272048,0.047875425,0.53633697
ENSG00000272049,-0.010227287,0.804999782
ENSG00000272054,0.129730163,0.314303405
ENSG00000272055,0.050648206,0.473276206
ENSG00000272056,-0.018714586,0.729481755
ENSG00000272060,-0.018409249,0.878986197
ENSG00000272065,-0.025365907,0.739616045
ENSG00000272070,0.39834923,0.037083313
ENSG00000272072,0.023714845,0.820727713
ENSG00000272077,-0.10346452,0.375715117
ENSG00000272081,0.117359865,0.154290928
ENSG00000272084,0.010910943,0.919844242
ENSG00000272086,-0.191583753,0.189766104
ENSG00000272087,-0.018582689,0.838845204
ENSG00000272091,0.017889415,0.88768396
ENSG00000272092,-0.121204221,0.31360822
ENSG00000272093,0.070773161,0.563948744
ENSG00000272097,0.130613476,0.190004864
ENSG00000272098,0.096899599,0.451806631
ENSG00000272102,-0.13502865,0.049682716
ENSG00000272106,0.297101214,0.065590487
ENSG00000272108,0.00140477,0.983660523
ENSG00000272109,0.006342321,0.896282026
ENSG00000272112,-0.100891559,0.290210203
ENSG00000272121,-0.011381879,0.867262972
ENSG00000272128,0.041058331,0.374155046
ENSG00000272129,-0.054095229,0.560875727
ENSG00000272140,0.147821824,0.261823808
ENSG00000272142,0.081752196,0.539729414
ENSG00000272143,-0.023803264,0.828718892
ENSG00000272144,0.019692167,0.829624393
ENSG00000272145,0.081363243,0.497377615
ENSG00000272148,0.006234005,0.946154762
ENSG00000272153,0.097899153,0.353622095
ENSG00000272154,-0.029236733,0.573037411
ENSG00000272155,-0.017314458,0.716280769
ENSG00000272156,0.045939971,0.632363778
ENSG00000272158,-0.027340452,0.715880466
ENSG00000272159,-0.047722107,0.382390097
ENSG00000272168,1.340633774,0.000317513
ENSG00000272172,0.153355998,0.084845941
ENSG00000272173,0.048742184,0.420699621
ENSG00000272181,-0.080280818,0.210716149
ENSG00000272182,0.001940868,0.969782703
ENSG00000272183,-0.026092392,0.727940738
ENSG00000272186,0.03066949,0.545829899
ENSG00000272195,-0.092851753,0.347420519
ENSG00000272198,0.120962273,0.371193432
ENSG00000272201,-0.058363544,0.271268779
ENSG00000272209,0.039246812,0.528103931
ENSG00000272211,-0.120773466,0.211842741
ENSG00000272216,0.008938649,0.941255618
ENSG00000272217,0.015415303,0.823811486
ENSG00000272221,-0.076351064,0.548611676
ENSG00000272223,0.039066349,0.435369119
ENSG00000272235,0.01982597,0.665992596
ENSG00000272236,-0.017830562,0.71028273
ENSG00000272240,0.225133891,0.128905899
ENSG00000272250,0.003441783,0.950870135
ENSG00000272263,0.044730253,0.455046592
ENSG00000272269,-0.110003196,0.396385144
ENSG00000272275,0.029224263,0.684985195
ENSG00000272277,-0.010092401,0.884003716
ENSG00000272279,-0.025548221,0.745629815
ENSG00000272282,0.691556362,0.013672926
ENSG00000272288,0.08638749,0.505905051
ENSG00000272293,-0.052783439,0.472497419
ENSG00000272301,-0.066525181,0.286680598
ENSG00000272305,0.00125435,0.989534026
ENSG00000272308,0.037213385,0.643413756
ENSG00000272316,0.18236572,0.195350529
ENSG00000272320,0.198945662,0.047028741
ENSG00000272321,-0.108251515,0.398390626
ENSG00000272323,0.020456362,0.764874605
ENSG00000272325,-0.339052269,0.006717178
ENSG00000272327,0.247371759,0.024001711
ENSG00000272335,-0.07189104,0.580105684
ENSG00000272338,0.009001133,0.921780598
ENSG00000272341,1.295693564,4.48E-05
ENSG00000272343,-0.156263115,0.068894313
ENSG00000272345,0.017113695,0.82965777
ENSG00000272347,-0.073527619,0.208300404
ENSG00000272349,-0.966042761,0.003226848
ENSG00000272356,-0.784798865,0.00485209
ENSG00000272360,0.00910635,0.870057027
ENSG00000272365,-0.05276426,0.582696776
ENSG00000272367,-0.083293426,0.181615126
ENSG00000272368,-0.044521185,0.502146981
ENSG00000272369,-0.161244916,0.174084409
ENSG00000272370,-0.06318302,0.404116803
ENSG00000272373,-0.121045788,0.19341868
ENSG00000272374,-0.037263625,0.761365247
ENSG00000272375,0.032099424,0.685625713
ENSG00000272377,0.016212322,0.867447331
ENSG00000272379,0.167903041,0.114024106
ENSG00000272381,-0.090606465,0.062168614
ENSG00000272382,0.00871713,0.889284839
ENSG00000272384,1.513047903,0.005498981
ENSG00000272389,0.014798623,0.834396723
ENSG00000272400,0.007803715,0.867611343
ENSG00000272402,-0.022267127,0.747470827
ENSG00000272403,-0.191049198,0.180624345
ENSG00000272405,0.062486555,0.414436057
ENSG00000272416,-0.029260752,0.661787676
ENSG00000272420,-0.001270688,0.97910001
ENSG00000272428,0.049686405,0.380585445
ENSG00000272430,-0.874457101,2.31E-05
ENSG00000272432,0.033348354,0.581580578
ENSG00000272434,-0.059891418,0.323655451
ENSG00000272440,-0.020735187,0.766910654
ENSG00000272442,0.068520282,0.183233466
ENSG00000272444,0.084931291,0.227434898
ENSG00000272447,-0.050956715,0.689509379
ENSG00000272452,-0.195031551,0.182887946
ENSG00000272455,0.045629691,0.727869368
ENSG00000272457,-0.004082912,0.935425348
ENSG00000272459,-0.025729399,0.791375172
ENSG00000272462,-0.075240942,0.567991226
ENSG00000272463,-0.040860835,0.700236251
ENSG00000272465,0.077769129,0.242685167
ENSG00000272468,0.051847194,0.604158831
ENSG00000272476,-0.131957542,0.306971971
ENSG00000272482,-0.130857752,0.246950978
ENSG00000272486,-0.068538856,0.249925933
ENSG00000272489,-0.079650671,0.402970888
ENSG00000272491,-0.034921818,0.50721586
ENSG00000272498,-0.038229561,0.531858363
ENSG00000272501,0.072916074,0.486812777
ENSG00000272502,0.024231699,0.643922887
ENSG00000272505,-0.014515178,0.841990673
ENSG00000272509,-0.036657275,0.609013865
ENSG00000272511,0.027731161,0.77149238
ENSG00000272512,-0.031303686,0.390705281
ENSG00000272518,-0.090692326,0.236216969
ENSG00000272520,-0.050097487,0.699802806
ENSG00000272523,-0.104912797,0.335384691
ENSG00000272525,0.0024068,0.974089101
ENSG00000272540,-0.0283731,0.573438569
ENSG00000272541,0.020605246,0.767940082
ENSG00000272555,-0.022727674,0.694910358
ENSG00000272556,0.158105936,0.098221034
ENSG00000272562,0.088092793,0.04839048
ENSG00000272565,-0.709338201,0.000106112
ENSG00000272572,0.077735615,0.244103383
ENSG00000272574,-0.106172157,0.322231807
ENSG00000272578,0.139615246,0.287218643
ENSG00000272579,-0.11591893,0.390143574
ENSG00000272582,-0.039776895,0.571858944
ENSG00000272588,0.112629411,0.256615455
ENSG00000272593,-0.750459895,0.010732057
ENSG00000272599,0.039516909,0.554643283
ENSG00000272604,0.002976961,0.982906099
ENSG00000272620,0.187922732,0.079791924
ENSG00000272622,-0.276862454,0.077707314
ENSG00000272630,0.032227479,0.756139646
ENSG00000272631,-0.477587737,0.013264011
ENSG00000272632,-0.030009895,0.566842634
ENSG00000272644,-0.108905,0.381815629
ENSG00000272645,0.388531729,0.034829765
ENSG00000272650,-0.000492762,0.99217612
ENSG00000272654,0.011789421,0.926101527
ENSG00000272655,-0.012068034,0.921719346
ENSG00000272656,-0.009054159,0.886099102
ENSG00000272658,0.149712452,0.108262963
ENSG00000272659,-0.01470028,0.809558184
ENSG00000272667,0.147224268,0.290392662
ENSG00000272668,0.40995212,0.030128541
ENSG00000272669,-0.043918236,0.607369935
ENSG00000272677,0.007387349,0.926299924
ENSG00000272686,-0.293339527,0.076470585
ENSG00000272690,-0.042930349,0.649552966
ENSG00000272692,0.152598406,0.218327378
ENSG00000272695,-0.538205259,0.012737742
ENSG00000272696,-0.048419684,0.575405743
ENSG00000272702,0.10837889,0.332483714
ENSG00000272709,0.021928327,0.634083487
ENSG00000272711,0.027506067,0.823631877
ENSG00000272716,0.078041847,0.27751841
ENSG00000272717,0.059911869,0.295331769
ENSG00000272720,0.073896437,0.348062505
ENSG00000272721,0.076631649,0.158801145
ENSG00000272724,0.005668268,0.904863816
ENSG00000272732,-0.022003148,0.729533822
ENSG00000272733,0.053307738,0.10634739
ENSG00000272734,0.188278127,0.196347522
ENSG00000272744,-1.14451052,0.003714466
ENSG00000272750,-0.125438004,0.320119303
ENSG00000272755,-0.347451663,0.049659879
ENSG00000272758,0.159795967,0.242251781
ENSG00000272760,0.051706269,0.687395461
ENSG00000272761,-0.104807448,0.365141555
ENSG00000272764,-0.045686371,0.353119758
ENSG00000272767,0.027999647,0.692810871
ENSG00000272768,-0.156001344,0.232302394
ENSG00000272777,-0.02944947,0.730804147
ENSG00000272779,-0.025423736,0.83841193
ENSG00000272782,0.044490394,0.730461686
ENSG00000272784,0.030466697,0.503194496
ENSG00000272787,-0.07603518,0.382024199
ENSG00000272788,0.071380898,0.325241799
ENSG00000272791,0.003480397,0.961949529
ENSG00000272792,0.017644313,0.809233595
ENSG00000272796,1.324637753,0.000785542
ENSG00000272807,-0.022208339,0.833005699
ENSG00000272808,0.036304764,0.456918693
ENSG00000272812,0.062739288,0.609547949
ENSG00000272821,-0.081086573,0.501925996
ENSG00000272823,0.077875526,0.417573307
ENSG00000272824,-0.057150908,0.309007841
ENSG00000272825,-0.059399538,0.156416989
ENSG00000272829,0.013339036,0.830048
ENSG00000272834,0.005017824,0.924088019
ENSG00000272836,0.019863602,0.828600137
ENSG00000272841,1.75935537,8.15E-05
ENSG00000272842,-0.132450819,0.15827846
ENSG00000272843,0.033848039,0.534866781
ENSG00000272848,0.041309014,0.585905584
ENSG00000272849,0.196917173,0.179111975
ENSG00000272853,0.007750429,0.942339149
ENSG00000272861,-0.026174006,0.576940689
ENSG00000272864,0.014773096,0.693442464
ENSG00000272869,-0.013302089,0.701718905
ENSG00000272870,-0.984238743,8.89E-08
ENSG00000272871,-0.144782918,0.127469522
ENSG00000272872,0.043914813,0.630454741
ENSG00000272885,0.011552593,0.838983658
ENSG00000272888,0.210040366,0.046307622
ENSG00000272892,0.071769941,0.243112454
ENSG00000272894,-0.215468624,0.116997108
ENSG00000272899,-0.205132598,0.122980585
ENSG00000272902,0.064945376,0.556523545
ENSG00000272906,-0.019554481,0.740769077
ENSG00000272908,0.022738849,0.65227323
ENSG00000272909,-0.082413551,0.48829389
ENSG00000272910,0.057346991,0.38732448
ENSG00000272913,0.07343872,0.579886937
ENSG00000272914,-0.021810354,0.836194844
ENSG00000272918,-0.07411676,0.554020689
ENSG00000272927,-0.011005536,0.780873461
ENSG00000272933,0.012257741,0.91915657
ENSG00000272941,-0.019887005,0.832467359
ENSG00000272944,0.063747442,0.299864361
ENSG00000272947,-0.101247989,0.291097367
ENSG00000272948,-0.008595658,0.915742202
ENSG00000272949,0.070744484,0.424121272
ENSG00000272950,0.105306331,0.23696042
ENSG00000272953,0.139631063,0.179505704
ENSG00000272955,-0.002579955,0.955147146
ENSG00000272960,-0.060523037,0.588929234
ENSG00000272970,0.794512856,0.011668523
ENSG00000272977,0.019057691,0.880332234
ENSG00000272979,0.02239468,0.735883032
ENSG00000272983,0.082517395,0.530953245
ENSG00000272990,-0.109443277,0.206632986
ENSG00000272992,-0.229916615,0.035544704
ENSG00000272994,0.095157645,0.445834276
ENSG00000273001,0.021538222,0.775300238
ENSG00000273002,0.169804286,0.202458413
ENSG00000273004,0.031880027,0.561584048
ENSG00000273007,0.031622225,0.695645492
ENSG00000273008,0.062836859,0.570665923
ENSG00000273014,-0.059256557,0.596227382
ENSG00000273015,0.163378128,0.203944755
ENSG00000273017,-0.043190893,0.546473802
ENSG00000273018,-0.064354982,0.618902551
ENSG00000273026,-0.142954461,0.1033689
ENSG00000273027,-0.067878782,0.339779855
ENSG00000273033,-0.192231115,0.183006195
ENSG00000273035,-0.081556684,0.056280834
ENSG00000273038,-0.744408734,0.001005134
ENSG00000273045,-0.023657384,0.655501465
ENSG00000273055,-0.330679898,0.057566868
ENSG00000273058,-0.078232243,0.398474302
ENSG00000273061,-0.009688582,0.920517227
ENSG00000273062,0.097564232,0.333253075
ENSG00000273064,0.035491321,0.626815782
ENSG00000273066,-0.042786451,0.570071647
ENSG00000273073,-0.117689746,0.358913918
ENSG00000273075,-0.041427114,0.484050644
ENSG00000273077,-0.088287698,0.152960137
ENSG00000273080,0.023953369,0.707073794
ENSG00000273081,-0.18962848,0.183943408
ENSG00000273084,0.134116628,0.276345985
ENSG00000273091,-0.016828374,0.763760396
ENSG00000273096,-0.021084103,0.653941744
ENSG00000273097,-0.030601115,0.608285183
ENSG00000273107,0.217682466,0.090526056
ENSG00000273108,0.060341459,0.560307559
ENSG00000273113,-0.079608334,0.331688605
ENSG00000273116,0.002170561,0.960272347
ENSG00000273117,1.193089386,0.007341241
ENSG00000273123,-0.021912806,0.618246983
ENSG00000273129,0.092029452,0.291306118
ENSG00000273131,-0.665030272,1.11E-08
ENSG00000273137,-0.01055726,0.918226298
ENSG00000273139,0.0225364,0.688688642
ENSG00000273142,0.003535072,0.983407894
ENSG00000273143,-0.085901305,0.118089527
ENSG00000273145,0.260539965,0.09558965
ENSG00000273148,0.119339201,0.378706496
ENSG00000273151,0.032812732,0.799466618
ENSG00000273162,1.130439704,0.004206096
ENSG00000273173,0.067246116,0.257944521
ENSG00000273174,-0.025306059,0.729896568
ENSG00000273175,0.048235035,0.464266745
ENSG00000273179,1.054979645,0.002164022
ENSG00000273183,-0.023901498,0.804891076
ENSG00000273186,0.042924034,0.712019859
ENSG00000273188,-0.07978768,0.348006171
ENSG00000273189,0.012879213,0.812765855
ENSG00000273190,-0.106972985,0.182999023
ENSG00000273193,-0.067806751,0.555621756
ENSG00000273199,0.029786643,0.581831597
ENSG00000273203,0.028989168,0.608450948
ENSG00000273209,0.055293334,0.248073766
ENSG00000273210,-0.029974349,0.635309829
ENSG00000273218,-0.135209096,0.221151339
ENSG00000273226,-0.044274225,0.685706686
ENSG00000273230,-0.050607028,0.694808553
ENSG00000273234,0.024351215,0.595442358
ENSG00000273237,0.039821467,0.540334988
ENSG00000273240,-0.101394317,0.210262231
ENSG00000273243,-0.229548236,0.048439205
ENSG00000273247,0.400121453,0.032965409
ENSG00000273249,-0.001869721,0.9767905
ENSG00000273253,0.436197454,0.031551155
ENSG00000273257,-0.094624547,0.175631289
ENSG00000273258,0.086979539,0.090380976
ENSG00000273259,-3.161344006,0.00032028
ENSG00000273261,-0.004818994,0.932154594
ENSG00000273265,-0.112082136,0.155275067
ENSG00000273270,0.076732599,0.53137346
ENSG00000273271,-0.099814805,0.422948982
ENSG00000273281,0.078536043,0.486528414
ENSG00000273284,0.028770285,0.8211881
ENSG00000273287,0.051661818,0.472634759
ENSG00000273289,0.065589841,0.298260165
ENSG00000273290,-0.477822494,0.000123245
ENSG00000273291,-0.057502503,0.359718887
ENSG00000273295,-0.006836643,0.860040042
ENSG00000273297,0.41243524,0.034099564
ENSG00000273302,0.043441094,0.619267522
ENSG00000273305,0.019544101,0.836225534
ENSG00000273306,-0.034492048,0.707821907
ENSG00000273308,0.086057349,0.281184486
ENSG00000273311,0.006467588,0.960937771
ENSG00000273312,0.04519804,0.384443194
ENSG00000273314,-0.026422614,0.819942804
ENSG00000273327,0.013138465,0.836674396
ENSG00000273329,0.106785179,0.430707777
ENSG00000273335,-0.004918774,0.952798697
ENSG00000273338,-0.079082753,0.223988613
ENSG00000273340,0.199495776,0.116189795
ENSG00000273343,0.212369671,0.088125463
ENSG00000273344,-0.03199184,0.803290763
ENSG00000273350,-0.017839104,0.71366271
ENSG00000273352,-0.009530802,0.904842392
ENSG00000273355,-0.009648215,0.857516989
ENSG00000273356,0.076965921,0.504497888
ENSG00000273363,-0.049521405,0.322845682
ENSG00000273366,0.05847928,0.322481453
ENSG00000273368,-0.000205523,0.995821265
ENSG00000273369,-0.09499931,0.358191361
ENSG00000273372,-0.185081676,0.144608403
ENSG00000273373,0.009358234,0.941013723
ENSG00000273374,-0.06190963,0.405376935
ENSG00000273381,0.038743608,0.631818475
ENSG00000273382,0.236322357,0.087648559
ENSG00000273384,0.069550971,0.225104656
ENSG00000273387,0.000690944,0.990268747
ENSG00000273391,-0.006248615,0.916145098
ENSG00000273402,0.055132504,0.560697573
ENSG00000273403,0.075313086,0.235869702
ENSG00000273419,0.029950824,0.73718946
ENSG00000273424,0.01596642,0.669913163
ENSG00000273432,0.010755381,0.879813023
ENSG00000273437,0.006191629,0.907019334
ENSG00000273445,0.020814838,0.58681598
ENSG00000273447,-0.023305187,0.793998298
ENSG00000273448,-0.012758135,0.9073864
ENSG00000273449,0.039442931,0.638000689
ENSG00000273451,-0.019395673,0.743676205
ENSG00000273454,0.034589649,0.520004701
ENSG00000273456,-0.039371966,0.696836387
ENSG00000273464,0.019609831,0.650967084
ENSG00000273472,0.093117691,0.394571688
ENSG00000273474,-0.000308548,0.994635364
ENSG00000273477,-0.086819533,0.374516051
ENSG00000273478,-0.027296327,0.780908892
ENSG00000273483,-0.032555909,0.579818536
ENSG00000273486,0.031404217,0.790164594
ENSG00000273487,-0.2215311,0.076943369
ENSG00000273488,-0.037816196,0.702224328
